Date,Open,High,Low,Close,Adj_Close,Volume
2022-03-02 09:15:00,362.8900146484375,362.989990234375,352.1000061035156,356.3800048828125,356.3800048828125,2554091.0
2022-03-03 09:15:00,360.0,362.989990234375,348.9200134277344,350.75,350.75,2989112.0
2022-03-04 09:15:00,347.5,353.0899963378906,344.0,346.739990234375,346.739990234375,1588441.0
2022-03-07 09:15:00,343.489990234375,343.489990234375,328.6000061035156,332.4200134277344,332.4200134277344,3513604.0
2022-03-08 09:15:00,331.70001220703125,335.0,324.5,334.1600036621094,334.1600036621094,2557685.0
2022-03-09 09:15:00,338.0,342.0,332.1000061035156,341.05999755859375,341.05999755859375,1420942.0
2022-03-10 09:15:00,351.489990234375,357.489990234375,343.760009765625,347.0899963378906,347.0899963378906,2166227.0
2022-03-11 09:15:00,346.989990234375,350.94000244140625,343.44000244140625,347.75,347.75,1287429.0
2022-03-14 09:15:00,355.0,355.9200134277344,347.75,354.8399963378906,354.8399963378906,1122188.0
2022-03-15 09:15:00,360.0,360.0,349.0,351.8599853515625,351.8599853515625,1151116.0
2022-03-16 09:15:00,354.95001220703125,359.95001220703125,354.510009765625,359.489990234375,359.489990234375,963329.0
2022-03-17 09:15:00,368.0,368.0,362.8999938964844,366.07000732421875,366.07000732421875,1743409.0
2022-03-21 09:15:00,368.1000061035156,368.94000244140625,361.5,362.8800048828125,362.8800048828125,658463.0
2022-03-22 09:15:00,378.0,378.0,356.70001220703125,365.95001220703125,365.95001220703125,1305369.0
2022-03-23 09:15:00,372.5,372.5,362.6099853515625,363.3800048828125,363.3800048828125,888066.0
2022-03-24 09:15:00,360.0,362.0,357.239990234375,358.20001220703125,358.20001220703125,1070111.0
2022-03-25 09:15:00,365.0,365.0,354.6700134277344,356.8999938964844,356.8999938964844,879962.0
2022-03-28 09:15:00,358.989990234375,360.25,352.75,359.75,359.75,983259.0
2022-03-29 09:15:00,365.0,365.0,357.4800109863281,360.8800048828125,360.8800048828125,757772.0
2022-03-30 09:15:00,364.8800048828125,365.5,362.4100036621094,364.989990234375,364.989990234375,837598.0
2022-03-31 09:15:00,366.75,367.5,364.32000732421875,365.510009765625,365.510009765625,892376.0
2022-04-01 09:15:00,363.1199951171875,373.4700012207031,362.25,372.8500061035156,372.8500061035156,1225284.0
2022-04-04 09:15:00,374.0,388.44000244140625,374.0,387.7900085449219,387.7900085449219,2749580.0
2022-04-05 09:15:00,389.0,389.0,381.6000061035156,383.1199951171875,383.1199951171875,1074527.0
2022-04-06 09:15:00,383.0,383.25,378.29998779296875,379.1300048828125,379.1300048828125,811405.0
2022-04-07 09:15:00,380.0,382.8900146484375,376.6499938964844,378.55999755859375,378.55999755859375,1006034.0
2022-04-08 09:15:00,379.0,381.69000244140625,377.1000061035156,380.489990234375,380.489990234375,838622.0
2022-04-11 09:15:00,385.0,385.0,375.6000061035156,378.5299987792969,378.5299987792969,507879.0
2022-04-12 09:15:00,376.0,381.1000061035156,375.0,379.82000732421875,379.82000732421875,641270.0
2022-04-13 09:15:00,380.6600036621094,382.0,376.20001220703125,376.9599914550781,376.9599914550781,523624.0
2022-04-18 09:15:00,376.9599914550781,376.9599914550781,367.25,370.45001220703125,370.45001220703125,1171079.0
2022-04-19 09:15:00,378.8800048828125,378.8800048828125,362.0299987792969,365.57000732421875,365.57000732421875,763979.0
2022-04-20 09:15:00,369.1400146484375,369.1400146484375,364.1300048828125,365.8299865722656,365.8299865722656,1223101.0
2022-04-21 09:15:00,378.8800048828125,378.8800048828125,366.6000061035156,370.6400146484375,370.6400146484375,420905.0
2022-04-22 09:15:00,369.489990234375,369.489990234375,363.0,363.3599853515625,363.3599853515625,761405.0
2022-04-25 09:15:00,363.0,364.9599914550781,352.6000061035156,363.4100036621094,363.4100036621094,554248.0
2022-04-26 09:15:00,366.5,367.760009765625,364.79998779296875,366.29998779296875,366.29998779296875,529646.0
2022-04-27 09:15:00,366.25,366.25,360.5,363.1099853515625,363.1099853515625,852336.0
2022-04-28 09:15:00,365.3999938964844,367.69000244140625,362.1300048828125,366.760009765625,366.760009765625,478794.0
2022-04-29 09:15:00,366.25,369.5,362.5,363.82000732421875,363.82000732421875,621390.0
2022-05-02 09:15:00,363.1000061035156,364.54998779296875,358.1000061035156,364.1099853515625,364.1099853515625,765126.0
2022-05-04 09:15:00,365.0,365.67999267578125,354.2200012207031,355.55999755859375,355.55999755859375,960927.0
2022-05-05 09:15:00,357.5,361.45001220703125,353.3500061035156,354.5899963378906,354.5899963378906,708431.0
2022-05-06 09:15:00,354.2200012207031,354.2200012207031,346.29998779296875,348.5799865722656,348.5799865722656,1951542.0
2022-05-09 09:15:00,353.989990234375,353.989990234375,342.0199890136719,345.4700012207031,345.4700012207031,785411.0
2022-05-10 09:15:00,345.489990234375,349.7300109863281,345.04998779296875,346.6400146484375,346.6400146484375,623289.0
2022-05-11 09:15:00,350.0,350.0,344.04998779296875,348.5,348.5,792613.0
2022-05-12 09:15:00,346.489990234375,346.489990234375,337.04998779296875,338.19000244140625,338.19000244140625,1811255.0
2022-05-13 09:15:00,340.0,343.1000061035156,334.0,335.010009765625,335.010009765625,894298.0
2022-05-16 09:15:00,336.8900146484375,342.489990234375,333.6000061035156,338.79998779296875,338.79998779296875,535888.0
2022-05-17 09:15:00,341.75,346.20001220703125,339.45001220703125,345.6000061035156,345.6000061035156,670609.0
2022-05-18 09:15:00,357.489990234375,357.489990234375,343.75,345.1099853515625,345.1099853515625,955375.0
2022-05-19 09:15:00,354.8800048828125,354.8800048828125,335.6000061035156,336.4200134277344,336.4200134277344,1160037.0
2022-05-20 09:15:00,337.1000061035156,346.0,337.1000061035156,345.2799987792969,345.2799987792969,727852.0
2022-05-23 09:15:00,346.75,351.0799865722656,343.6499938964844,345.0,345.0,903287.0
2022-05-24 09:15:00,346.989990234375,348.94000244140625,343.6000061035156,345.42999267578125,345.42999267578125,546345.0
2022-05-25 09:15:00,347.0,349.95001220703125,346.0799865722656,346.6000061035156,346.6000061035156,596553.0
2022-05-26 09:15:00,349.0,355.0,347.30999755859375,354.0400085449219,354.0400085449219,697486.0
2022-05-27 09:15:00,356.989990234375,359.760009765625,355.1000061035156,359.0799865722656,359.0799865722656,853921.0
2022-05-30 09:15:00,360.0,364.8500061035156,360.0,361.42999267578125,361.42999267578125,906051.0
2022-05-31 09:15:00,363.989990234375,363.989990234375,356.010009765625,357.6199951171875,357.6199951171875,465014.0
2022-06-01 09:15:00,363.3399963378906,363.3399963378906,356.0,359.510009765625,359.510009765625,525744.0
2022-06-02 09:15:00,358.70001220703125,360.04998779296875,357.1000061035156,359.489990234375,359.489990234375,449810.0
2022-06-03 09:15:00,361.8999938964844,363.3399963378906,355.04998779296875,356.010009765625,356.010009765625,571854.0
2022-06-06 09:15:00,356.0,357.3999938964844,354.0,356.4700012207031,356.4700012207031,387862.0
2022-06-07 09:15:00,354.8999938964844,354.8999938964844,351.8999938964844,353.3900146484375,353.3900146484375,429433.0
2022-06-08 09:15:00,355.94000244140625,357.79998779296875,351.54998779296875,352.6099853515625,352.6099853515625,406632.0
2022-06-09 09:15:00,351.70001220703125,354.45001220703125,350.25,353.5799865722656,353.5799865722656,405764.0
2022-06-10 09:15:00,355.7799987792969,355.7799987792969,346.92999267578125,348.6099853515625,348.6099853515625,686536.0
2022-06-13 09:15:00,347.989990234375,347.989990234375,336.5,338.3599853515625,338.3599853515625,1686939.0
2022-06-14 09:15:00,336.8999938964844,340.25,335.5400085449219,337.1600036621094,337.1600036621094,620757.0
2022-06-15 09:15:00,338.75,340.25,336.010009765625,336.54998779296875,336.54998779296875,1797141.0
2022-06-16 09:15:00,338.5,340.3999938964844,328.6000061035156,329.4100036621094,329.4100036621094,1350985.0
2022-06-17 09:15:00,328.989990234375,332.0,326.25,330.739990234375,330.739990234375,1597824.0
2022-06-20 09:15:00,332.739990234375,332.8999938964844,327.5199890136719,329.989990234375,329.989990234375,627889.0
2022-06-21 09:15:00,334.9800109863281,338.79998779296875,331.04998779296875,335.2300109863281,335.2300109863281,730973.0
2022-06-22 09:15:00,341.8500061035156,341.8500061035156,330.6300048828125,331.6400146484375,331.6400146484375,500705.0
2022-06-23 09:15:00,332.5,337.239990234375,329.80999755859375,334.7699890136719,334.7699890136719,655616.0
2022-06-24 09:15:00,334.7699890136719,340.5,334.7699890136719,339.69000244140625,339.69000244140625,587079.0
2022-06-27 09:15:00,342.67999267578125,344.3500061035156,340.760009765625,341.3999938964844,341.3999938964844,564464.0
2022-06-28 09:15:00,340.0,340.6199951171875,338.45001220703125,339.8900146484375,339.8900146484375,422285.0
2022-06-29 09:15:00,337.79998779296875,337.79998779296875,335.3299865722656,336.0899963378906,336.0899963378906,326356.0
2022-06-30 09:15:00,339.44000244140625,339.6000061035156,335.3699951171875,337.3399963378906,337.3399963378906,328948.0
2022-07-01 09:15:00,336.79998779296875,340.17999267578125,334.010009765625,339.30999755859375,339.30999755859375,439990.0
2022-07-04 09:15:00,336.29998779296875,343.3399963378906,336.29998779296875,342.739990234375,342.739990234375,372116.0
2022-07-05 09:15:00,345.0,346.70001220703125,340.8599853515625,341.42999267578125,341.42999267578125,862379.0
2022-07-06 09:15:00,342.29998779296875,348.0,342.0,347.20001220703125,347.20001220703125,995857.0
2022-07-07 09:15:00,351.0,354.75,348.25,352.9599914550781,352.9599914550781,922929.0
2022-07-08 09:15:00,364.8800048828125,364.8800048828125,353.25,354.6499938964844,354.6499938964844,615899.0
2022-07-11 09:15:00,354.6499938964844,359.3999938964844,351.75,358.739990234375,358.739990234375,915584.0
2022-07-12 09:15:00,357.3999938964844,357.8399963378906,354.3999938964844,355.010009765625,355.010009765625,301594.0
2022-07-13 09:15:00,355.25,357.989990234375,351.75,352.3299865722656,352.3299865722656,285076.0
2022-07-14 09:15:00,353.989990234375,356.25,350.1000061035156,351.0899963378906,351.0899963378906,772420.0
2022-07-15 09:15:00,352.989990234375,352.989990234375,348.760009765625,351.05999755859375,351.05999755859375,267436.0
2022-07-18 09:15:00,351.989990234375,357.95001220703125,351.5,357.54998779296875,357.54998779296875,510412.0
2022-07-19 09:15:00,355.0,361.5,354.0,360.8399963378906,360.8399963378906,842646.0
2022-07-20 09:15:00,362.0,365.20001220703125,361.75,362.9700012207031,362.9700012207031,1228576.0
2022-07-21 09:15:00,367.0,367.0,362.0,365.30999755859375,365.30999755859375,854175.0
2022-07-22 09:15:00,366.0,371.760009765625,365.6499938964844,370.8999938964844,370.8999938964844,1372644.0
2022-07-25 09:15:00,371.0,373.5,368.20001220703125,370.29998779296875,370.29998779296875,1221953.0
2022-07-26 09:15:00,369.739990234375,371.29998779296875,367.1000061035156,367.7799987792969,367.7799987792969,839663.0
2022-07-27 09:15:00,367.1000061035156,372.5,366.4800109863281,372.2200012207031,372.2200012207031,866520.0
2022-07-28 09:15:00,373.0,377.79998779296875,372.17999267578125,377.0,377.0,2203182.0
2022-07-29 09:15:00,379.0,380.8999938964844,375.760009765625,378.0400085449219,378.0400085449219,1505350.0
2022-08-01 09:15:00,378.0400085449219,382.95001220703125,377.54998779296875,382.5299987792969,382.5299987792969,819496.0
2022-08-02 09:15:00,381.75,385.3800048828125,379.25,384.2799987792969,384.2799987792969,1409672.0
2022-08-03 09:15:00,383.489990234375,384.3800048828125,380.6499938964844,383.3999938964844,383.3999938964844,627243.0
2022-08-04 09:15:00,383.75,385.6199951171875,376.32000732421875,380.8399963378906,380.8399963378906,1057738.0
2022-08-05 09:15:00,381.20001220703125,385.1000061035156,381.17999267578125,382.739990234375,382.739990234375,627773.0
2022-08-08 09:15:00,383.489990234375,387.1000061035156,381.0400085449219,386.4599914550781,386.4599914550781,597051.0
2022-08-10 09:15:00,386.4599914550781,388.0799865722656,385.04998779296875,386.8399963378906,386.8399963378906,842350.0
2022-08-11 09:15:00,387.8999938964844,393.8399963378906,387.8999938964844,393.2200012207031,393.2200012207031,1095930.0
2022-08-12 09:15:00,393.2200012207031,395.1000061035156,391.79998779296875,394.8999938964844,394.8999938964844,815182.0
2022-08-16 09:15:00,397.010009765625,399.04998779296875,395.8800048828125,397.05999755859375,397.05999755859375,1264025.0
2022-08-17 09:15:00,397.6000061035156,399.3399963378906,396.70001220703125,399.07000732421875,399.07000732421875,446128.0
2022-08-18 09:15:00,398.5899963378906,401.5,397.510009765625,401.1000061035156,401.1000061035156,672145.0
2022-08-19 09:15:00,401.75,402.489990234375,393.0,393.79998779296875,393.79998779296875,1435659.0
2022-08-22 09:15:00,393.79998779296875,393.79998779296875,387.0,387.3800048828125,387.3800048828125,1010023.0
2022-08-23 09:15:00,386.489990234375,393.6099853515625,383.0,391.7200012207031,391.7200012207031,542328.0
2022-08-24 09:15:00,391.989990234375,395.69000244140625,390.8500061035156,394.8699951171875,394.8699951171875,368179.0
2022-08-25 09:15:00,395.5,399.3500061035156,392.3500061035156,394.260009765625,394.260009765625,569843.0
2022-08-26 09:15:00,395.2300109863281,397.8999938964844,393.0400085449219,394.8500061035156,394.8500061035156,592748.0
2022-08-29 09:15:00,394.8500061035156,394.8500061035156,384.29998779296875,387.7799987792969,387.7799987792969,897772.0
2022-08-30 09:15:00,391.0,400.5,389.6600036621094,399.95001220703125,399.95001220703125,840348.0
2022-09-01 09:15:00,394.489990234375,401.20001220703125,394.20001220703125,398.1099853515625,398.1099853515625,764498.0
2022-09-02 09:15:00,418.20001220703125,418.20001220703125,396.9800109863281,398.7699890136719,398.7699890136719,525146.0
2022-09-05 09:15:00,400.70001220703125,403.25,388.0,402.7900085449219,402.7900085449219,928545.0
2022-09-06 09:15:00,403.8800048828125,405.0,400.3500061035156,401.25,401.25,1043837.0
2022-09-07 09:15:00,400.0,400.30999755859375,397.1099853515625,399.2799987792969,399.2799987792969,359823.0
2022-09-08 09:15:00,407.45001220703125,407.45001220703125,400.0199890136719,406.4700012207031,406.4700012207031,1081465.0
2022-09-09 09:15:00,407.8900146484375,411.1499938964844,407.55999755859375,408.82000732421875,408.82000732421875,764401.0
2022-09-12 09:15:00,408.82000732421875,412.6000061035156,408.29998779296875,410.2200012207031,410.2200012207031,455752.0
2022-09-13 09:15:00,413.4800109863281,413.54998779296875,411.25,412.9599914550781,412.9599914550781,1692456.0
2022-09-14 09:15:00,412.489990234375,420.79998779296875,403.5,419.2900085449219,419.2900085449219,1492417.0
2022-09-15 09:15:00,417.3999938964844,423.20001220703125,416.2799987792969,417.5299987792969,417.5299987792969,814781.0
2022-09-16 09:15:00,416.489990234375,417.79998779296875,410.04998779296875,412.3299865722656,412.3299865722656,911549.0
2022-09-19 09:15:00,412.489990234375,416.67999267578125,358.70001220703125,413.3500061035156,413.3500061035156,539841.0
2022-09-20 09:15:00,414.95001220703125,421.17999267578125,413.9599914550781,419.07000732421875,419.07000732421875,584156.0
2022-09-21 09:15:00,419.0,420.79998779296875,413.8500061035156,416.5199890136719,416.5199890136719,591794.0
2022-09-22 09:15:00,422.45001220703125,422.45001220703125,409.54998779296875,411.6700134277344,411.6700134277344,872943.0
2022-09-23 09:15:00,411.6700134277344,411.6700134277344,400.20001220703125,401.5899963378906,401.5899963378906,1225888.0
2022-09-26 09:15:00,401.25,401.25,390.0,391.5400085449219,391.5400085449219,1388029.0
2022-09-27 09:15:00,392.010009765625,399.6499938964844,387.3900146484375,388.7200012207031,388.7200012207031,746553.0
2022-09-28 09:15:00,387.2099914550781,389.0,381.94000244140625,383.1700134277344,383.1700134277344,821712.0
2022-09-29 09:15:00,385.5,388.20001220703125,380.8999938964844,382.0199890136719,382.0199890136719,541877.0
2022-09-30 09:15:00,379.010009765625,392.8500061035156,377.0,391.04998779296875,391.04998779296875,851327.0
2022-10-03 09:15:00,393.0,393.0,385.0,385.8800048828125,385.8800048828125,546097.0
2022-10-04 09:15:00,389.6600036621094,396.0,389.6600036621094,395.5199890136719,395.5199890136719,587897.0
2022-10-06 09:15:00,399.3800048828125,400.7900085449219,396.1099853515625,397.32000732421875,397.32000732421875,585005.0
2022-10-07 09:15:00,397.0,397.0,392.5,396.3500061035156,396.3500061035156,681188.0
2022-10-10 09:15:00,394.0,397.5,385.0,395.5799865722656,395.5799865722656,667536.0
2022-10-11 09:15:00,404.8800048828125,404.8800048828125,391.42999267578125,392.0,392.0,399524.0
2022-10-12 09:15:00,399.8800048828125,399.8800048828125,390.1099853515625,395.8699951171875,395.8699951171875,318566.0
2022-10-13 09:15:00,393.510009765625,395.489990234375,389.8599853515625,391.6099853515625,391.6099853515625,562508.0
2022-10-14 09:15:00,396.0,400.5,396.0,397.8599853515625,397.8599853515625,1007152.0
2022-10-17 09:15:00,398.0,404.20001220703125,396.0,403.6499938964844,403.6499938964844,808586.0
2022-10-18 09:15:00,407.989990234375,408.4200134277344,405.510009765625,407.2099914550781,407.2099914550781,860035.0
2022-10-19 09:15:00,407.2099914550781,410.3999938964844,406.3999938964844,408.010009765625,408.010009765625,907095.0
2022-10-20 09:15:00,407.0,407.0,403.6099853515625,405.9599914550781,405.9599914550781,526309.0
2022-10-21 09:15:00,405.9800109863281,414.54998779296875,405.9800109863281,412.1199951171875,412.1199951171875,1111727.0
2022-10-24 18:15:00,416.0,418.25,413.6000061035156,416.70001220703125,416.70001220703125,322881.0
2022-10-25 09:15:00,417.510009765625,420.0,414.5899963378906,415.3900146484375,415.3900146484375,734938.0
2022-10-27 09:15:00,422.489990234375,422.489990234375,416.1300048828125,416.94000244140625,416.94000244140625,1886866.0
2022-10-28 09:15:00,418.989990234375,419.1099853515625,413.0,414.17999267578125,414.17999267578125,731290.0
2022-10-31 09:15:00,421.2900085449219,421.2900085449219,415.5,417.25,417.25,706209.0
2022-11-01 09:15:00,417.260009765625,421.0,416.42999267578125,417.3999938964844,417.3999938964844,649256.0
2022-11-02 09:15:00,418.989990234375,419.489990234375,415.260009765625,415.8599853515625,415.8599853515625,751675.0
2022-11-03 09:15:00,419.489990234375,419.489990234375,413.3999938964844,417.3800048828125,417.3800048828125,1265401.0
2022-11-04 09:15:00,418.989990234375,421.0,415.20001220703125,417.0,417.0,478743.0
2022-11-07 09:15:00,419.2099914550781,421.79998779296875,418.0,421.1600036621094,421.1600036621094,618412.0
2022-11-09 09:15:00,421.989990234375,423.70001220703125,421.3399963378906,422.2900085449219,422.2900085449219,563083.0
2022-11-10 09:15:00,420.489990234375,421.989990234375,413.3999938964844,420.57000732421875,420.57000732421875,396634.0
2022-11-11 09:15:00,423.44000244140625,427.6000061035156,421.75,425.92999267578125,425.92999267578125,748926.0
2022-11-14 09:15:00,427.489990234375,427.489990234375,424.70001220703125,425.6499938964844,425.6499938964844,618255.0
2022-11-15 09:15:00,427.5899963378906,429.489990234375,425.8500061035156,428.510009765625,428.510009765625,449138.0
2022-11-16 09:15:00,428.5199890136719,430.5,427.6199951171875,429.8699951171875,429.8699951171875,415571.0
2022-11-17 09:15:00,432.489990234375,432.489990234375,427.9800109863281,429.54998779296875,429.54998779296875,579960.0
2022-11-18 09:15:00,428.05999755859375,430.989990234375,427.3599853515625,429.45001220703125,429.45001220703125,329168.0
2022-11-21 09:15:00,429.3999938964844,429.3999938964844,425.8599853515625,428.04998779296875,428.04998779296875,336162.0
2022-11-22 09:15:00,429.44000244140625,429.44000244140625,428.05999755859375,428.95001220703125,428.95001220703125,287970.0
2022-11-23 09:15:00,429.0199890136719,433.25,424.0,431.80999755859375,431.80999755859375,371400.0
2022-11-24 09:15:00,433.9800109863281,436.1000061035156,432.32000732421875,435.1600036621094,435.1600036621094,558326.0
2022-11-25 09:15:00,435.04998779296875,437.989990234375,434.29998779296875,435.1600036621094,435.1600036621094,422987.0
2022-11-28 09:15:00,435.0,436.8399963378906,433.010009765625,435.30999755859375,435.30999755859375,353813.0
2022-11-29 09:15:00,435.75,437.29998779296875,435.0,435.8999938964844,435.8999938964844,477555.0
2022-11-30 09:15:00,437.739990234375,437.7900085449219,434.20001220703125,436.92999267578125,436.92999267578125,340763.0
2022-12-01 09:15:00,434.7099914550781,439.6199951171875,434.7099914550781,436.70001220703125,436.70001220703125,429520.0
2022-12-02 09:15:00,434.7099914550781,436.5899963378906,434.5,435.6099853515625,435.6099853515625,433677.0
2022-12-05 09:15:00,438.489990234375,438.489990234375,434.7300109863281,437.8999938964844,437.8999938964844,383813.0
2022-12-06 09:15:00,436.8900146484375,437.95001220703125,436.2099914550781,436.7699890136719,436.7699890136719,285733.0
2022-12-07 09:15:00,436.0,438.4800109863281,434.3800048828125,435.3399963378906,435.3399963378906,358745.0
2022-12-08 09:15:00,439.0,441.20001220703125,435.2099914550781,440.5,440.5,1319595.0
2022-12-09 09:15:00,441.95001220703125,443.20001220703125,438.5,440.9800109863281,440.9800109863281,420455.0
2022-12-12 09:15:00,440.489990234375,442.7300109863281,438.6000061035156,441.7699890136719,441.7699890136719,279931.0
2022-12-13 09:15:00,443.1199951171875,445.8399963378906,442.3299865722656,444.7099914550781,444.7099914550781,1316405.0
2022-12-14 09:15:00,445.6199951171875,446.1600036621094,444.5,444.8399963378906,444.8399963378906,923423.0
2022-12-15 09:15:00,444.989990234375,445.7799987792969,438.1199951171875,439.69000244140625,439.69000244140625,710951.0
2022-12-16 09:15:00,441.70001220703125,441.70001220703125,435.44000244140625,436.8500061035156,436.8500061035156,405322.0
2022-12-19 09:15:00,439.9800109863281,439.989990234375,436.0,439.1400146484375,439.1400146484375,246030.0
2022-12-20 09:15:00,439.1499938964844,440.4200134277344,435.75,440.0199890136719,440.0199890136719,671504.0
2022-12-21 09:15:00,440.0299987792969,441.20001220703125,429.3800048828125,432.05999755859375,432.05999755859375,487161.0
2022-12-22 09:15:00,435.989990234375,435.989990234375,427.92999267578125,430.3599853515625,430.3599853515625,777203.0
2022-12-23 09:15:00,430.3599853515625,430.3599853515625,420.54998779296875,421.3800048828125,421.3800048828125,1959887.0
2022-12-26 09:15:00,422.510009765625,432.9200134277344,419.989990234375,430.8800048828125,430.8800048828125,719576.0
2022-12-27 09:15:00,433.1000061035156,433.79998779296875,428.69000244140625,433.17999267578125,433.17999267578125,489609.0
2022-12-28 09:15:00,433.8500061035156,445.0,431.0,432.69000244140625,432.69000244140625,326543.0
2022-12-29 09:15:00,433.6000061035156,437.8999938964844,429.8999938964844,436.92999267578125,436.92999267578125,296990.0
2022-12-30 09:15:00,438.19000244140625,440.0,433.92999267578125,435.4800109863281,435.4800109863281,384369.0
2023-01-02 09:15:00,436.989990234375,438.69000244140625,435.1400146484375,437.17999267578125,437.17999267578125,477841.0
2023-01-03 09:15:00,437.25,439.75,436.5799865722656,439.2300109863281,439.2300109863281,402022.0
2023-01-04 09:15:00,439.94000244140625,440.5,434.0,435.32000732421875,435.32000732421875,643875.0
2023-01-05 09:15:00,437.75,437.989990234375,428.7900085449219,431.6300048828125,431.6300048828125,2930741.0
2023-01-06 09:15:00,433.489990234375,433.489990234375,424.5,427.4100036621094,427.4100036621094,1754863.0
2023-01-09 09:15:00,427.5199890136719,431.739990234375,427.1400146484375,430.82000732421875,430.82000732421875,1640448.0
2023-01-10 09:15:00,430.8299865722656,431.489990234375,424.260009765625,426.0899963378906,426.0899963378906,980108.0
2023-01-11 09:15:00,427.9800109863281,429.04998779296875,423.3399963378906,428.0,428.0,727957.0
2023-01-12 09:15:00,428.54998779296875,429.5199890136719,423.1000061035156,426.29998779296875,426.29998779296875,515836.0
2023-01-13 09:15:00,426.4200134277344,429.95001220703125,424.2799987792969,429.239990234375,429.239990234375,329874.0
2023-01-16 09:15:00,429.3800048828125,432.0,426.69000244140625,427.6700134277344,427.6700134277344,669640.0
2023-01-17 09:15:00,429.19000244140625,429.45001220703125,424.70001220703125,428.0400085449219,428.0400085449219,653481.0
2023-01-18 09:15:00,428.2699890136719,430.69000244140625,427.010009765625,430.010009765625,430.010009765625,245217.0
2023-01-19 09:15:00,430.010009765625,431.989990234375,428.0,428.6700134277344,428.6700134277344,227779.0
2023-01-20 09:15:00,429.5899963378906,431.739990234375,429.1499938964844,430.5899963378906,430.5899963378906,297481.0
2023-01-23 09:15:00,430.6199951171875,435.0,430.6199951171875,433.57000732421875,433.57000732421875,299221.0
2023-01-24 09:15:00,433.8800048828125,435.989990234375,431.760009765625,432.6600036621094,432.6600036621094,258615.0
2023-01-25 09:15:00,434.8900146484375,434.8900146484375,421.0,422.4100036621094,422.4100036621094,1953555.0
2023-01-27 09:15:00,424.75,424.79998779296875,407.4100036621094,409.3399963378906,409.3399963378906,2286148.0
2023-01-30 09:15:00,411.5299987792969,415.989990234375,400.0199890136719,409.3800048828125,409.3800048828125,1828530.0
2023-01-31 09:15:00,410.9800109863281,413.79998779296875,407.3999938964844,412.3800048828125,412.3800048828125,1178997.0
2023-02-01 09:15:00,415.0,424.70001220703125,400.4200134277344,410.4200134277344,410.4200134277344,2045348.0
2023-02-02 09:15:00,417.8800048828125,417.8800048828125,403.25,412.3299865722656,412.3299865722656,998248.0
2023-02-03 09:15:00,414.989990234375,419.5,410.0,419.1400146484375,419.1400146484375,921193.0
2023-02-06 09:15:00,419.1499938964844,421.54998779296875,417.3900146484375,418.30999755859375,418.30999755859375,577216.0
2023-02-07 09:15:00,419.989990234375,420.3999938964844,415.79998779296875,419.3699951171875,419.3699951171875,553457.0
2023-02-08 09:15:00,422.989990234375,422.989990234375,418.6000061035156,419.760009765625,419.760009765625,520379.0
2023-02-09 09:15:00,421.8900146484375,421.8900146484375,417.1099853515625,420.2300109863281,420.2300109863281,491242.0
2023-02-10 09:15:00,421.010009765625,421.010009765625,418.6199951171875,420.05999755859375,420.05999755859375,366925.0
2023-02-13 09:15:00,424.3900146484375,424.3900146484375,416.3599853515625,417.3399963378906,417.3399963378906,376704.0
2023-02-14 09:15:00,417.510009765625,421.3900146484375,416.489990234375,420.6000061035156,420.6000061035156,372657.0
2023-02-15 09:15:00,422.5400085449219,422.5400085449219,419.0,421.69000244140625,421.69000244140625,371232.0
2023-02-16 09:15:00,421.5,423.989990234375,419.75,421.2799987792969,421.2799987792969,443603.0
2023-02-17 09:15:00,424.6000061035156,424.6000061035156,414.3399963378906,416.30999755859375,416.30999755859375,779199.0
2023-02-20 09:15:00,418.7300109863281,418.739990234375,411.45001220703125,412.8399963378906,412.8399963378906,692669.0
2023-02-21 09:15:00,414.69000244140625,415.989990234375,410.6000061035156,411.8999938964844,411.8999938964844,406270.0
2023-02-22 09:15:00,410.69000244140625,410.70001220703125,404.7099914550781,405.8999938964844,405.8999938964844,1030418.0
2023-02-23 09:15:00,407.0899963378906,407.0899963378906,401.75,405.80999755859375,405.80999755859375,846187.0
2023-02-24 09:15:00,409.69000244140625,409.69000244140625,403.9599914550781,404.67999267578125,404.67999267578125,483602.0
2023-02-27 09:15:00,405.8399963378906,409.0,403.0,408.3599853515625,408.3599853515625,482266.0
2023-02-28 09:15:00,409.0,409.3399963378906,406.04998779296875,408.05999755859375,408.05999755859375,319882.0
2023-03-01 09:15:00,408.0899963378906,412.5,408.0899963378906,412.3699951171875,412.3699951171875,416789.0
2023-03-02 09:15:00,412.3699951171875,413.3900146484375,409.04998779296875,409.5299987792969,409.5299987792969,269401.0
2023-03-03 09:15:00,412.3500061035156,418.0299987792969,410.7799987792969,416.9599914550781,416.9599914550781,778110.0
2023-03-06 09:15:00,419.489990234375,420.8500061035156,417.010009765625,417.8399963378906,417.8399963378906,746212.0
2023-03-08 09:15:00,416.70001220703125,420.3800048828125,413.0,419.9100036621094,419.9100036621094,614455.0
2023-03-09 09:15:00,419.760009765625,420.7200012207031,416.5899963378906,417.1300048828125,417.1300048828125,414516.0
2023-03-10 09:15:00,415.19000244140625,415.19000244140625,408.8399963378906,410.0,410.0,763977.0
2023-03-13 09:15:00,414.19000244140625,414.19000244140625,400.20001220703125,401.2099914550781,401.2099914550781,1322521.0
2023-03-14 09:15:00,401.2099914550781,405.1000061035156,396.8500061035156,399.739990234375,399.739990234375,1142808.0
2023-03-15 09:15:00,403.05999755859375,404.510009765625,394.8900146484375,395.80999755859375,395.80999755859375,894828.0
2023-03-16 09:15:00,391.8500061035156,399.0,391.7099914550781,396.3699951171875,396.3699951171875,1727119.0
2023-03-17 09:15:00,397.30999755859375,401.0,394.489990234375,399.760009765625,399.760009765625,1145847.0
2023-03-20 09:15:00,399.5,399.5,393.6000061035156,397.4599914550781,397.4599914550781,1862977.0
2023-03-21 09:15:00,404.989990234375,404.989990234375,397.6099853515625,402.95001220703125,402.95001220703125,1076920.0
2023-03-22 09:15:00,403.1099853515625,404.8500061035156,402.489990234375,403.9599914550781,403.9599914550781,497156.0
2023-03-23 09:15:00,404.0,405.9800109863281,399.5,400.2200012207031,400.2200012207031,1043364.0
2023-03-24 09:15:00,403.5199890136719,403.5199890136719,396.8299865722656,397.7300109863281,397.7300109863281,675298.0
2023-03-27 09:15:00,399.489990234375,401.1600036621094,397.04998779296875,398.45001220703125,398.45001220703125,723033.0
2023-03-28 09:15:00,399.8900146484375,400.5199890136719,397.70001220703125,400.0199890136719,400.0199890136719,635142.0
2023-03-29 09:15:00,404.44000244140625,404.8299865722656,400.0,404.010009765625,404.010009765625,555287.0
2023-03-31 09:15:00,404.7699890136719,411.20001220703125,404.7699890136719,410.54998779296875,410.54998779296875,852274.0
2023-04-03 09:15:00,412.54998779296875,412.9800109863281,409.8999938964844,412.3699951171875,412.3699951171875,557479.0
2023-04-05 09:15:00,412.9700012207031,414.95001220703125,412.239990234375,414.0899963378906,414.0899963378906,535026.0
2023-04-06 09:15:00,414.1000061035156,416.95001220703125,412.57000732421875,414.80999755859375,414.80999755859375,810027.0
2023-04-10 09:15:00,419.8800048828125,419.8800048828125,409.0,413.1300048828125,413.1300048828125,450018.0
2023-04-11 09:15:00,415.2200012207031,418.5,414.57000732421875,418.1300048828125,418.1300048828125,657382.0
2023-04-12 09:15:00,417.989990234375,420.8399963378906,417.9599914550781,420.42999267578125,420.42999267578125,1026832.0
2023-04-13 09:15:00,420.70001220703125,426.1000061035156,419.69000244140625,425.3999938964844,425.3999938964844,1201682.0
2023-04-17 09:15:00,426.010009765625,428.3900146484375,417.1499938964844,427.04998779296875,427.04998779296875,769372.0
2023-04-18 09:15:00,423.0,429.489990234375,423.0,426.9100036621094,426.9100036621094,720159.0
2023-04-19 09:15:00,428.3900146484375,428.3900146484375,424.6099853515625,425.8599853515625,425.8599853515625,334938.0
2023-04-20 09:15:00,425.5,427.9800109863281,425.5,427.05999755859375,427.05999755859375,357357.0
2023-04-21 09:15:00,429.44000244140625,429.44000244140625,424.3999938964844,425.6400146484375,425.6400146484375,351820.0
2023-04-24 09:15:00,435.0,435.0,425.6300048828125,431.0899963378906,431.0899963378906,1994763.0
2023-04-25 09:15:00,431.239990234375,432.75,430.6099853515625,431.19000244140625,431.19000244140625,1630605.0
2023-04-26 09:15:00,432.989990234375,433.0,429.0,432.6499938964844,432.6499938964844,1727290.0
2023-04-27 09:15:00,433.0400085449219,434.82000732421875,431.0,434.4200134277344,434.4200134277344,970501.0
2023-04-28 09:15:00,434.4200134277344,437.4700012207031,431.0,436.6000061035156,436.6000061035156,684590.0
2023-05-02 09:15:00,438.3999938964844,439.29998779296875,436.80999755859375,437.8500061035156,437.8500061035156,627641.0
2023-05-03 09:15:00,437.82000732421875,437.9599914550781,435.3699951171875,437.7200012207031,437.7200012207031,391510.0
2023-05-04 09:15:00,439.4200134277344,441.79998779296875,436.70001220703125,441.17999267578125,441.17999267578125,519481.0
2023-05-05 09:15:00,439.79998779296875,440.489990234375,430.9599914550781,432.1400146484375,432.1400146484375,882377.0
2023-05-08 09:15:00,433.8999938964844,438.67999267578125,433.4599914550781,437.5400085449219,437.5400085449219,568655.0
2023-05-09 09:15:00,441.1499938964844,441.1499938964844,435.5400085449219,436.2900085449219,436.2900085449219,450692.0
2023-05-10 09:15:00,439.8900146484375,439.8900146484375,433.0,437.2200012207031,437.2200012207031,526925.0
2023-05-11 09:15:00,439.5899963378906,441.010009765625,437.2300109863281,439.3900146484375,439.3900146484375,517801.0
2023-05-12 09:15:00,439.69000244140625,443.4100036621094,438.0,442.5899963378906,442.5899963378906,611319.0
2023-05-15 09:15:00,441.5400085449219,445.9200134277344,438.05999755859375,445.19000244140625,445.19000244140625,573049.0
2023-05-16 09:15:00,445.989990234375,447.0,444.1000061035156,444.9700012207031,444.9700012207031,1287166.0
2023-05-17 09:15:00,444.9100036621094,445.57000732421875,440.5400085449219,442.8599853515625,442.8599853515625,486812.0
2023-05-18 09:15:00,443.260009765625,446.5,443.2200012207031,443.7900085449219,443.7900085449219,554322.0
2023-05-19 09:15:00,443.010009765625,446.0,441.4700012207031,445.57000732421875,445.57000732421875,287544.0
2023-05-22 09:15:00,445.57000732421875,446.0,443.6000061035156,445.2699890136719,445.2699890136719,455168.0
2023-05-23 09:15:00,446.1499938964844,446.8500061035156,444.92999267578125,445.3699951171875,445.3699951171875,367423.0
2023-05-24 09:15:00,445.989990234375,446.0,443.0,443.2900085449219,443.2900085449219,285475.0
2023-05-25 09:15:00,444.8900146484375,444.8900146484375,440.6000061035156,442.9100036621094,442.9100036621094,332830.0
2023-05-26 09:15:00,443.6700134277344,446.6199951171875,442.2099914550781,446.1499938964844,446.1499938964844,366976.0
2023-05-29 09:15:00,447.3599853515625,450.75,447.3599853515625,449.92999267578125,449.92999267578125,777404.0
2023-05-30 09:15:00,449.92999267578125,451.29998779296875,448.989990234375,450.80999755859375,450.80999755859375,269298.0
2023-05-31 09:15:00,451.0,452.0,446.32000732421875,448.75,448.75,612867.0
2023-06-01 09:15:00,449.2900085449219,449.2900085449219,445.0,445.7699890136719,445.7699890136719,324345.0
2023-06-02 09:15:00,448.70001220703125,449.25,446.19000244140625,447.6400146484375,447.6400146484375,838984.0
2023-06-05 09:15:00,449.1499938964844,450.489990234375,449.0,449.239990234375,449.239990234375,280291.0
2023-06-06 09:15:00,451.7900085449219,451.7900085449219,448.2099914550781,449.8500061035156,449.8500061035156,203138.0
2023-06-07 09:15:00,451.8399963378906,451.8399963378906,449.489990234375,450.3399963378906,450.3399963378906,213953.0
2023-06-08 09:15:00,450.80999755859375,451.8999938964844,447.010009765625,447.8800048828125,447.8800048828125,377238.0
2023-06-09 09:15:00,449.7200012207031,449.7200012207031,447.1000061035156,447.75,447.75,246230.0
2023-06-12 09:15:00,450.8900146484375,450.8900146484375,446.54998779296875,447.5299987792969,447.5299987792969,153376.0
2023-06-13 09:15:00,447.7900085449219,449.010009765625,447.2200012207031,448.6099853515625,448.6099853515625,191433.0
2023-06-14 09:15:00,450.989990234375,450.989990234375,447.0,447.8900146484375,447.8900146484375,158235.0
2023-06-15 09:15:00,448.29998779296875,448.510009765625,441.75,442.2200012207031,442.2200012207031,525315.0
2023-06-16 09:15:00,442.5,448.44000244140625,422.8999938964844,446.9100036621094,446.9100036621094,250533.0
2023-06-19 09:15:00,446.9100036621094,448.45001220703125,442.95001220703125,444.04998779296875,444.04998779296875,354242.0
2023-06-20 09:15:00,444.0,445.3399963378906,441.20001220703125,444.79998779296875,444.79998779296875,397028.0
2023-06-21 09:15:00,445.7900085449219,446.42999267578125,444.0,445.5400085449219,445.5400085449219,275567.0
2023-06-22 09:15:00,445.4200134277344,447.29998779296875,443.8699951171875,444.45001220703125,444.45001220703125,314478.0
2023-06-23 09:15:00,445.92999267578125,445.92999267578125,442.489990234375,443.4700012207031,443.4700012207031,291802.0
2023-06-26 09:15:00,443.9700012207031,446.95001220703125,442.6000061035156,443.4599914550781,443.4599914550781,460952.0
2023-06-27 09:15:00,445.239990234375,449.0,443.0,448.3599853515625,448.3599853515625,351279.0
2023-06-28 09:15:00,448.989990234375,452.30999755859375,448.7699890136719,450.80999755859375,450.80999755859375,575779.0
2023-06-30 09:15:00,454.489990234375,454.8999938964844,451.55999755859375,454.4800109863281,454.4800109863281,396161.0
2023-07-03 09:15:00,454.4700012207031,467.0,454.30999755859375,459.7300109863281,459.7300109863281,839108.0
2023-07-04 09:15:00,459.7200012207031,464.5,455.0,462.2300109863281,462.2300109863281,954438.0
2023-07-05 09:15:00,463.67999267578125,463.67999267578125,459.29998779296875,459.989990234375,459.989990234375,287724.0
2023-07-06 09:15:00,462.489990234375,462.489990234375,458.6099853515625,461.6400146484375,461.6400146484375,676516.0
2023-07-07 09:15:00,461.6300048828125,461.6300048828125,456.5400085449219,457.8800048828125,457.8800048828125,449846.0
2023-07-10 09:15:00,459.8800048828125,459.8800048828125,455.57000732421875,456.6099853515625,456.6099853515625,232229.0
2023-07-11 09:15:00,458.989990234375,460.010009765625,455.1199951171875,456.07000732421875,456.07000732421875,329690.0
2023-07-12 09:15:00,458.2200012207031,458.4800109863281,454.1000061035156,454.8999938964844,454.8999938964844,464179.0
2023-07-13 09:15:00,456.1199951171875,458.44000244140625,454.5,454.9800109863281,454.9800109863281,222310.0
2023-07-14 09:15:00,455.5,457.7900085449219,454.0,456.2300109863281,456.2300109863281,224836.0
2023-07-17 09:15:00,458.8900146484375,463.0799865722656,455.239990234375,462.17999267578125,462.17999267578125,700381.0
2023-07-18 09:15:00,465.0,466.3900146484375,460.5,461.4599914550781,461.4599914550781,489486.0
2023-07-19 09:15:00,463.44000244140625,464.5899963378906,461.4599914550781,464.0199890136719,464.0199890136719,266873.0
2023-07-20 09:15:00,464.1000061035156,469.79998779296875,463.3299865722656,469.1499938964844,469.1499938964844,548163.0
2023-07-21 09:15:00,468.0,471.0,467.0,468.69000244140625,468.69000244140625,503511.0
2023-07-24 09:15:00,468.94000244140625,469.67999267578125,466.5,467.5299987792969,467.5299987792969,244063.0
2023-07-25 09:15:00,470.0,470.0,464.79998779296875,466.80999755859375,466.80999755859375,266037.0
2023-07-26 09:15:00,468.8399963378906,469.0,465.989990234375,468.6000061035156,468.6000061035156,171434.0
2023-07-27 09:15:00,469.8999938964844,471.0,464.2900085449219,465.70001220703125,465.70001220703125,545196.0
2023-07-28 09:15:00,467.3299865722656,467.3299865722656,461.1000061035156,463.0299987792969,463.0299987792969,515141.0
2023-07-31 09:15:00,464.010009765625,465.5,461.6499938964844,464.5199890136719,464.5199890136719,206972.0
2023-08-01 09:15:00,463.80999755859375,466.2900085449219,462.69000244140625,463.5400085449219,463.5400085449219,284951.0
2023-08-02 09:15:00,463.8500061035156,466.8900146484375,455.54998779296875,458.1199951171875,458.1199951171875,812330.0
2023-08-03 09:15:00,470.0,470.0,451.29998779296875,453.760009765625,453.760009765625,675734.0
2023-08-04 09:15:00,454.1099853515625,459.0,453.30999755859375,456.8800048828125,456.8800048828125,409788.0
2023-08-07 09:15:00,459.239990234375,459.239990234375,455.25,455.9100036621094,455.9100036621094,679192.0
2023-08-08 09:15:00,456.2900085449219,458.8399963378906,455.8999938964844,457.3299865722656,457.3299865722656,404366.0
2023-08-09 09:15:00,458.0,458.989990234375,454.29998779296875,457.45001220703125,457.45001220703125,350881.0
2023-08-10 09:15:00,457.45001220703125,457.9800109863281,453.25,454.3999938964844,454.3999938964844,428370.0
2023-08-11 09:15:00,454.5,454.5,450.5899963378906,451.4100036621094,451.4100036621094,471258.0
2023-08-14 09:15:00,451.9800109863281,452.8999938964844,447.5,449.69000244140625,449.69000244140625,668936.0
2023-08-16 09:15:00,460.0,460.0,445.0,447.6600036621094,447.6600036621094,906181.0
2023-08-17 09:15:00,448.9800109863281,448.989990234375,446.1000061035156,446.9800109863281,446.9800109863281,1101482.0
2023-08-18 09:15:00,446.9800109863281,447.6300048828125,444.8999938964844,446.489990234375,446.489990234375,2115634.0
2023-08-21 09:15:00,448.989990234375,449.3299865722656,446.489990234375,448.0400085449219,448.0400085449219,1766675.0
2023-08-22 09:15:00,448.7099914550781,449.54998779296875,447.5899963378906,448.0799865722656,448.0799865722656,766308.0
2023-08-23 09:15:00,449.7300109863281,453.2799987792969,437.0,452.9100036621094,452.9100036621094,460109.0
2023-08-24 09:15:00,453.989990234375,457.6199951171875,452.8599853515625,453.3800048828125,453.3800048828125,389721.0
2023-08-25 09:15:00,452.989990234375,453.489990234375,447.7900085449219,450.6300048828125,450.6300048828125,1083046.0
2023-08-28 09:15:00,452.010009765625,454.2300109863281,450.25,453.1499938964844,453.1499938964844,245958.0
2023-08-29 09:15:00,455.0,455.0,452.6700134277344,453.3399963378906,453.3399963378906,172747.0
2023-08-30 09:15:00,454.8999938964844,455.79998779296875,450.010009765625,450.82000732421875,450.82000732421875,362290.0
2023-08-31 09:15:00,452.739990234375,453.0799865722656,448.4800109863281,449.20001220703125,449.20001220703125,521188.0
2023-09-01 09:15:00,449.9599914550781,454.1499938964844,447.1499938964844,452.79998779296875,452.79998779296875,565220.0
2023-09-04 09:15:00,454.95001220703125,454.95001220703125,452.0,454.25,454.25,506817.0
2023-09-05 09:15:00,454.25,455.29998779296875,453.0,454.6700134277344,454.6700134277344,362899.0
2023-09-06 09:15:00,459.0,459.0,451.4599914550781,453.54998779296875,453.54998779296875,292824.0
2023-09-07 09:15:00,454.7300109863281,457.70001220703125,452.4700012207031,457.3599853515625,457.3599853515625,481986.0
2023-09-08 09:15:00,457.6400146484375,462.6400146484375,457.0,460.2699890136719,460.2699890136719,557997.0
2023-09-11 09:15:00,461.0,464.489990234375,460.2799987792969,464.1099853515625,464.1099853515625,565394.0
2023-09-12 09:15:00,465.0,466.510009765625,462.2300109863281,463.8599853515625,463.8599853515625,1205257.0
2023-09-13 09:15:00,464.989990234375,468.2300109863281,461.8999938964844,467.510009765625,467.510009765625,467845.0
2023-09-14 09:15:00,469.739990234375,470.0,466.5299987792969,468.57000732421875,468.57000732421875,399241.0
2023-09-15 09:15:00,469.4599914550781,471.45001220703125,469.0,470.739990234375,470.739990234375,354221.0
2023-09-18 09:15:00,470.75,471.0,467.7099914550781,468.5899963378906,468.5899963378906,292358.0
2023-09-20 09:15:00,468.0400085449219,468.0400085449219,462.0,462.67999267578125,462.67999267578125,744962.0
2023-09-21 09:15:00,463.75,463.75,454.010009765625,454.7799987792969,454.7799987792969,1558908.0
2023-09-22 09:15:00,455.0,459.20001220703125,454.6000061035156,455.45001220703125,455.45001220703125,1136146.0
2023-09-25 09:15:00,459.8900146484375,459.8900146484375,452.989990234375,456.1300048828125,456.1300048828125,473618.0
2023-09-26 09:15:00,456.1300048828125,456.3399963378906,453.8800048828125,454.8599853515625,454.8599853515625,206012.0
2023-09-27 09:15:00,454.8699951171875,455.989990234375,450.510009765625,455.19000244140625,455.19000244140625,467178.0
2023-09-28 09:15:00,457.2300109863281,457.2300109863281,451.1499938964844,451.7699890136719,451.7699890136719,893808.0
2023-09-29 09:15:00,452.9800109863281,455.8299865722656,452.1499938964844,454.4200134277344,454.4200134277344,254442.0
2023-10-03 09:15:00,455.4800109863281,455.489990234375,448.3500061035156,452.07000732421875,452.07000732421875,425594.0
2023-10-04 09:15:00,452.07000732421875,452.5,447.70001220703125,448.3399963378906,448.3399963378906,656509.0
2023-10-05 09:15:00,450.7699890136719,452.70001220703125,450.2200012207031,450.8699951171875,450.8699951171875,326173.0
2023-10-06 09:15:00,452.8599853515625,453.8800048828125,451.0299987792969,452.6700134277344,452.6700134277344,232630.0
2023-10-09 09:15:00,452.5400085449219,452.5400085449219,446.04998779296875,448.4800109863281,448.4800109863281,1282708.0
2023-10-10 09:15:00,452.1000061035156,454.1400146484375,449.2099914550781,453.0299987792969,453.0299987792969,763885.0
2023-10-11 09:15:00,455.0299987792969,455.9800109863281,453.0400085449219,454.42999267578125,454.42999267578125,320067.0
2023-10-12 09:15:00,455.9800109863281,456.0,454.0,455.2300109863281,455.2300109863281,252217.0
2023-10-13 09:15:00,454.9800109863281,454.9800109863281,451.2900085449219,452.260009765625,452.260009765625,551708.0
2023-10-16 09:15:00,452.7300109863281,452.8999938964844,450.0,451.54998779296875,451.54998779296875,281971.0
2023-10-17 09:15:00,454.2300109863281,454.8699951171875,452.30999755859375,452.5,452.5,349958.0
2023-10-18 09:15:00,450.2200012207031,453.7300109863281,445.0,448.17999267578125,448.17999267578125,563644.0
2023-10-19 09:15:00,447.989990234375,449.2300109863281,444.17999267578125,446.75,446.75,384175.0
2023-10-20 09:15:00,460.1499938964844,460.1499938964844,445.1199951171875,446.3500061035156,446.3500061035156,332719.0
2023-10-23 09:15:00,447.1400146484375,447.3800048828125,439.8999938964844,440.8299865722656,440.8299865722656,592546.0
2023-10-25 09:15:00,446.8999938964844,447.989990234375,436.79998779296875,437.4100036621094,437.4100036621094,649020.0
2023-10-26 09:15:00,437.489990234375,438.3999938964844,430.1000061035156,432.2300109863281,432.2300109863281,1262360.0
2023-10-27 09:15:00,434.239990234375,437.5,433.55999755859375,436.7300109863281,436.7300109863281,589516.0
2023-10-30 09:15:00,436.8999938964844,440.0,433.0,439.0799865722656,439.0799865722656,445577.0
2023-10-31 09:15:00,440.989990234375,441.45001220703125,437.1000061035156,437.510009765625,437.510009765625,395410.0
2023-11-01 09:15:00,437.510009765625,438.9599914550781,435.1199951171875,436.45001220703125,436.45001220703125,448327.0
2023-11-02 09:15:00,437.989990234375,441.45001220703125,437.25,439.19000244140625,439.19000244140625,572110.0
2023-11-03 09:15:00,441.5400085449219,442.510009765625,441.1000061035156,442.1000061035156,442.1000061035156,181625.0
2023-11-06 09:15:00,443.8900146484375,445.0,443.1199951171875,444.79998779296875,444.79998779296875,317621.0
2023-11-07 09:15:00,444.79998779296875,446.45001220703125,442.0199890136719,445.80999755859375,445.80999755859375,233896.0
2023-11-08 09:15:00,446.989990234375,446.989990234375,444.6000061035156,445.3399963378906,445.3399963378906,260166.0
2023-11-09 09:15:00,447.9800109863281,447.9800109863281,444.3399963378906,445.5899963378906,445.5899963378906,436519.0
2023-11-10 09:15:00,441.5899963378906,447.0899963378906,441.5899963378906,446.1099853515625,446.1099853515625,387911.0
2023-11-13 09:15:00,448.989990234375,448.989990234375,444.7799987792969,446.8399963378906,446.8399963378906,384074.0
2023-11-15 09:15:00,448.989990234375,451.5299987792969,448.989990234375,450.4800109863281,450.4800109863281,318835.0
2023-11-16 09:15:00,451.739990234375,452.489990234375,449.5199890136719,450.20001220703125,450.20001220703125,382202.0
2023-11-17 09:15:00,449.4800109863281,449.4800109863281,444.0,444.9200134277344,444.9200134277344,912217.0
2023-11-20 09:15:00,446.989990234375,446.989990234375,443.2799987792969,444.6199951171875,444.6199951171875,418512.0
2023-11-21 09:15:00,447.989990234375,447.989990234375,444.5,445.6499938964844,445.6499938964844,230381.0
2023-11-22 09:15:00,445.6400146484375,445.8500061035156,441.5400085449219,443.55999755859375,443.55999755859375,661659.0
2023-11-23 09:15:00,444.5400085449219,445.2099914550781,443.5899963378906,444.2300109863281,444.2300109863281,443771.0
2023-11-24 09:15:00,445.989990234375,446.0,444.1600036621094,445.70001220703125,445.70001220703125,792259.0
2023-11-28 09:15:00,446.6000061035156,447.5,445.510009765625,447.0199890136719,447.0199890136719,863913.0
2023-11-29 09:15:00,447.2799987792969,454.8999938964844,446.57000732421875,453.8299865722656,453.8299865722656,663046.0
2023-11-30 09:15:00,453.0,458.8299865722656,444.2300109863281,453.82000732421875,453.82000732421875,1814769.0
2023-12-01 09:15:00,454.489990234375,457.54998779296875,454.1400146484375,456.5,456.5,751616.0
2023-12-04 09:15:00,460.0,477.04998779296875,459.0,473.6000061035156,473.6000061035156,3667150.0
2023-12-05 09:15:00,474.010009765625,487.70001220703125,474.010009765625,478.760009765625,478.760009765625,2465859.0
2023-12-06 09:15:00,482.0,482.8800048828125,476.05999755859375,476.95001220703125,476.95001220703125,1534396.0
2023-12-07 09:15:00,477.6700134277344,477.8999938964844,473.8599853515625,477.3699951171875,477.3699951171875,468630.0
2023-12-08 09:15:00,478.9800109863281,482.4599914550781,476.760009765625,481.4800109863281,481.4800109863281,643235.0
2023-12-11 09:15:00,480.989990234375,484.3999938964844,480.7099914550781,482.69000244140625,482.69000244140625,844025.0
2023-12-12 09:15:00,484.7300109863281,484.7300109863281,479.3800048828125,480.07000732421875,480.07000732421875,456232.0
2023-12-13 09:15:00,481.4200134277344,481.4200134277344,478.1199951171875,480.6400146484375,480.6400146484375,498302.0
2023-12-14 09:15:00,482.010009765625,489.05999755859375,480.6400146484375,486.7099914550781,486.7099914550781,792574.0
2023-12-15 09:15:00,487.0199890136719,490.8599853515625,485.1000061035156,489.8800048828125,489.8800048828125,764254.0
2023-12-18 09:15:00,489.8800048828125,490.2300109863281,487.3999938964844,488.1499938964844,488.1499938964844,466762.0
2023-12-19 09:15:00,487.010009765625,490.0199890136719,486.20001220703125,488.5899963378906,488.5899963378906,803482.0
2023-12-20 09:15:00,488.7300109863281,491.989990234375,481.55999755859375,483.2699890136719,483.2699890136719,815159.0
2023-12-21 09:15:00,486.8800048828125,489.010009765625,478.1000061035156,488.2099914550781,488.2099914550781,842146.0
2023-12-22 09:15:00,490.7300109863281,490.7300109863281,482.70001220703125,483.6000061035156,483.6000061035156,509033.0
2023-12-26 09:15:00,485.4800109863281,487.3500061035156,482.79998779296875,486.0,486.0,223116.0
2023-12-27 09:15:00,487.989990234375,492.0,486.69000244140625,491.4100036621094,491.4100036621094,578443.0
2023-12-28 09:15:00,491.3999938964844,495.0,491.3999938964844,493.5799865722656,493.5799865722656,573622.0
2023-12-29 09:15:00,493.9800109863281,494.010009765625,490.1700134277344,492.42999267578125,492.42999267578125,537768.0
2024-01-01 09:15:00,492.7300109863281,494.1000061035156,490.010009765625,491.6499938964844,491.6499938964844,316307.0
2024-01-02 09:15:00,492.2300109863281,492.2300109863281,484.8599853515625,487.1400146484375,487.1400146484375,1013076.0
2024-01-03 09:15:00,487.9800109863281,488.739990234375,484.5799865722656,486.1700134277344,486.1700134277344,455706.0
2024-01-04 09:15:00,487.8900146484375,491.8999938964844,484.010009765625,491.239990234375,491.239990234375,421814.0
2024-01-05 09:15:00,492.7300109863281,492.9800109863281,487.0,490.6499938964844,490.6499938964844,409614.0
2024-01-08 09:15:00,491.4800109863281,491.989990234375,483.5,483.9100036621094,483.9100036621094,411590.0
2024-01-09 09:15:00,486.9800109863281,488.4700012207031,481.0,481.6199951171875,481.6199951171875,598488.0
2024-01-10 09:15:00,481.989990234375,484.0,480.0,483.4700012207031,483.4700012207031,319581.0
2024-01-11 09:15:00,485.239990234375,485.6499938964844,481.70001220703125,483.3999938964844,483.3999938964844,396428.0
2024-01-12 09:15:00,483.3999938964844,487.8399963378906,483.3999938964844,486.2099914550781,486.2099914550781,294106.0
2024-01-15 09:15:00,487.0199890136719,491.20001220703125,487.010009765625,490.489990234375,490.489990234375,442665.0
2024-01-16 09:15:00,490.9800109863281,491.8800048828125,488.1000061035156,489.6700134277344,489.6700134277344,1022679.0
2024-01-17 09:15:00,479.989990234375,484.3999938964844,469.5,470.5400085449219,470.5400085449219,3359314.0
2024-01-18 09:15:00,467.989990234375,471.17999267578125,461.0,466.5899963378906,466.5899963378906,1932438.0
2024-01-19 09:15:00,469.989990234375,474.989990234375,465.2099914550781,466.1400146484375,466.1400146484375,1599035.0
2024-01-23 09:15:00,471.0199890136719,474.989990234375,458.5,459.54998779296875,459.54998779296875,2000433.0
2024-01-24 09:15:00,458.989990234375,463.9800109863281,455.1499938964844,460.20001220703125,460.20001220703125,1669461.0
2024-01-25 09:15:00,460.20001220703125,461.4800109863281,453.79998779296875,457.510009765625,457.510009765625,2098424.0
2024-01-29 09:15:00,458.0,467.510009765625,458.0,464.260009765625,464.260009765625,888912.0
2024-01-30 09:15:00,466.9800109863281,466.9800109863281,461.510009765625,462.94000244140625,462.94000244140625,655482.0
2024-01-31 09:15:00,463.1499938964844,469.989990234375,460.3999938964844,468.760009765625,468.760009765625,897307.0
2024-02-01 09:15:00,473.989990234375,473.989990234375,465.55999755859375,470.2799987792969,470.2799987792969,1503158.0
2024-02-02 09:15:00,471.5899963378906,477.20001220703125,468.5,469.239990234375,469.239990234375,1326718.0
2024-02-05 09:15:00,470.2300109863281,470.2300109863281,465.1499938964844,466.3699951171875,466.3699951171875,1244789.0
2024-02-06 09:15:00,467.9800109863281,467.9800109863281,464.0,466.1199951171875,466.1199951171875,586986.0
2024-02-07 09:15:00,468.44000244140625,469.5,465.5899963378906,467.2300109863281,467.2300109863281,724274.0
2024-02-08 09:15:00,468.5,470.4200134277344,458.1199951171875,459.6000061035156,459.6000061035156,1245049.0
2024-02-09 09:15:00,460.489990234375,465.989990234375,458.6000061035156,465.25,465.25,688299.0
2024-02-12 09:15:00,465.260009765625,465.55999755859375,455.70001220703125,458.0899963378906,458.0899963378906,1072839.0
2024-02-13 09:15:00,460.0799865722656,466.29998779296875,456.80999755859375,464.0799865722656,464.0799865722656,697653.0
2024-02-14 09:15:00,461.0,469.75,457.45001220703125,467.1000061035156,467.1000061035156,1169946.0
2024-02-15 09:15:00,469.2300109863281,472.45001220703125,464.29998779296875,471.1300048828125,471.1300048828125,1463198.0
2024-02-16 09:15:00,472.989990234375,476.0,470.79998779296875,472.7799987792969,472.7799987792969,1130342.0
2024-02-19 09:15:00,473.0199890136719,476.1499938964844,472.79998779296875,473.7300109863281,473.7300109863281,1010248.0
2024-02-20 09:15:00,474.4800109863281,479.75,472.5,479.32000732421875,479.32000732421875,965575.0
2024-02-21 09:15:00,484.989990234375,484.989990234375,477.70001220703125,478.5,478.5,979824.0
2024-02-22 09:15:00,479.4800109863281,479.989990234375,474.0,478.3500061035156,478.3500061035156,761305.0
2024-02-23 09:15:00,479.989990234375,481.7799987792969,476.510009765625,477.5299987792969,477.5299987792969,644321.0
2024-02-26 09:15:00,477.9800109863281,478.2900085449219,473.5,473.92999267578125,473.92999267578125,2020838.0
2024-02-27 09:15:00,474.9800109863281,475.25,471.7200012207031,474.4200134277344,474.4200134277344,455560.0
2024-02-28 09:15:00,474.4200134277344,476.0,468.0,469.07000732421875,469.07000732421875,932627.0
2024-02-29 09:15:00,472.9800109863281,472.989990234375,466.010009765625,471.0,471.0,732127.0
2024-03-01 09:15:00,473.20001220703125,481.94000244140625,471.9800109863281,481.20001220703125,481.20001220703125,1380118.0
2024-03-04 09:15:00,482.1400146484375,483.8900146484375,480.4700012207031,483.2900085449219,483.2900085449219,844274.0
2024-03-05 09:15:00,483.30999755859375,485.6700134277344,481.05999755859375,484.6300048828125,484.6300048828125,747475.0
2024-03-06 09:15:00,485.489990234375,489.9800109863281,483.1300048828125,488.3399963378906,488.3399963378906,1730296.0
2024-03-07 09:15:00,489.989990234375,489.989990234375,486.04998779296875,486.82000732421875,486.82000732421875,817244.0
2024-03-11 09:15:00,487.989990234375,487.989990234375,482.0,482.70001220703125,482.70001220703125,535068.0
2024-03-12 09:15:00,484.4800109863281,487.0299987792969,478.70001220703125,482.07000732421875,482.07000732421875,706440.0
2024-03-13 09:15:00,484.4800109863281,486.45001220703125,477.0,477.8399963378906,477.8399963378906,636697.0
2024-03-14 09:15:00,478.9800109863281,480.9800109863281,474.3399963378906,476.70001220703125,476.70001220703125,789472.0
2024-03-15 09:15:00,475.95001220703125,476.5299987792969,471.79998779296875,474.010009765625,474.010009765625,792340.0
2024-03-18 09:15:00,475.989990234375,475.989990234375,469.2799987792969,474.04998779296875,474.04998779296875,739267.0
2024-03-19 09:15:00,473.9800109863281,474.489990234375,470.79998779296875,472.07000732421875,472.07000732421875,479166.0
2024-03-20 09:15:00,473.92999267578125,474.6000061035156,467.5,471.510009765625,471.510009765625,906375.0
2024-03-21 09:15:00,475.0400085449219,477.989990234375,474.32000732421875,475.25,475.25,648812.0
2024-03-22 09:15:00,475.739990234375,478.05999755859375,474.0,477.010009765625,477.010009765625,536471.0
2024-03-26 09:15:00,477.489990234375,477.489990234375,474.54998779296875,475.05999755859375,475.05999755859375,1330212.0
2024-03-27 09:15:00,482.0,482.0,475.5,477.1300048828125,477.1300048828125,959947.0
2024-03-28 09:15:00,478.0799865722656,482.6099853515625,477.6499938964844,480.3900146484375,480.3900146484375,1132936.0
2024-04-01 09:15:00,487.8500061035156,487.8500061035156,481.010009765625,485.1000061035156,485.1000061035156,1184411.0
2024-04-02 09:15:00,485.1000061035156,486.5,483.0199890136719,484.3299865722656,484.3299865722656,846065.0
2024-04-03 09:15:00,484.3299865722656,485.5,481.510009765625,485.05999755859375,485.05999755859375,683222.0
2024-04-04 09:15:00,488.989990234375,490.75,486.3999938964844,489.3999938964844,489.3999938964844,1271153.0
2024-04-05 09:15:00,489.6000061035156,493.9200134277344,487.6099853515625,493.3299865722656,493.3299865722656,976433.0
2024-04-08 09:15:00,494.8900146484375,495.5,493.04998779296875,494.1000061035156,494.1000061035156,715224.0
2024-04-09 09:15:00,495.0,498.010009765625,494.6000061035156,496.55999755859375,496.55999755859375,1083441.0
2024-04-10 09:15:00,497.010009765625,499.0,496.0,498.32000732421875,498.32000732421875,518724.0
2024-04-12 09:15:00,497.29998779296875,497.989990234375,494.4599914550781,494.94000244140625,494.94000244140625,534108.0
2024-04-15 09:15:00,491.989990234375,491.989990234375,486.0,486.7099914550781,486.7099914550781,893015.0
2024-04-16 09:15:00,485.989990234375,485.989990234375,482.5199890136719,484.4700012207031,484.4700012207031,664099.0
2024-04-18 09:15:00,484.5199890136719,487.7099914550781,478.8999938964844,480.0799865722656,480.0799865722656,874118.0
2024-04-19 09:15:00,479.989990234375,485.4200134277344,475.25,484.7900085449219,484.7900085449219,702079.0
2024-04-22 09:15:00,489.989990234375,491.8399963378906,485.5899963378906,488.8999938964844,488.8999938964844,612365.0
2024-04-23 09:15:00,488.8999938964844,491.69000244140625,487.80999755859375,488.2300109863281,488.2300109863281,617418.0
2024-04-24 09:15:00,489.0199890136719,490.989990234375,488.7799987792969,490.1700134277344,490.1700134277344,327975.0
2024-04-25 09:15:00,487.4700012207031,494.44000244140625,487.2200012207031,493.2300109863281,493.2300109863281,1046836.0
2024-04-26 09:15:00,495.0,495.0,489.95001220703125,490.70001220703125,490.70001220703125,571456.0
2024-04-29 09:15:00,493.7300109863281,503.25,491.510009765625,502.7799987792969,502.7799987792969,1194963.0
2024-04-30 09:15:00,503.0,508.20001220703125,501.1600036621094,502.3800048828125,502.3800048828125,1827120.0
2024-05-02 09:15:00,502.3800048828125,504.20001220703125,500.0,501.30999755859375,501.30999755859375,551655.0
2024-05-03 09:15:00,504.0,504.7900085449219,496.2799987792969,498.739990234375,498.739990234375,648631.0
2024-05-06 09:15:00,499.29998779296875,501.760009765625,496.8500061035156,497.67999267578125,497.67999267578125,490956.0
2024-05-07 09:15:00,499.489990234375,499.489990234375,491.25,492.2900085449219,492.2900085449219,620175.0
2024-05-08 09:15:00,494.989990234375,494.989990234375,488.29998779296875,489.9200134277344,489.9200134277344,492373.0
2024-05-09 09:15:00,490.0199890136719,491.6000061035156,484.0199890136719,484.7900085449219,484.7900085449219,744569.0
2024-05-10 09:15:00,494.989990234375,494.989990234375,484.54998779296875,485.8399963378906,485.8399963378906,539475.0
2024-05-13 09:15:00,486.7300109863281,489.8999938964844,481.5,489.1000061035156,489.1000061035156,838770.0
2024-05-14 09:15:00,489.3500061035156,492.20001220703125,487.5,489.80999755859375,489.80999755859375,554703.0
2024-05-15 09:15:00,491.489990234375,491.489990234375,486.510009765625,488.07000732421875,488.07000732421875,695701.0
2024-05-16 09:15:00,490.010009765625,491.0,484.20001220703125,490.4599914550781,490.4599914550781,551944.0
2024-05-17 09:15:00,486.010009765625,492.9800109863281,486.010009765625,491.5799865722656,491.5799865722656,612091.0
2024-05-21 09:15:00,492.20001220703125,494.0,491.010009765625,491.8399963378906,491.8399963378906,582080.0
2024-05-22 09:15:00,492.3399963378906,493.70001220703125,487.0,489.6700134277344,489.6700134277344,1272334.0
2024-05-23 09:15:00,493.9800109863281,499.25,489.6000061035156,498.7099914550781,498.7099914550781,1065174.0
2024-05-24 09:15:00,498.7099914550781,502.260009765625,497.6199951171875,501.32000732421875,501.32000732421875,1109059.0
2024-05-27 09:15:00,503.739990234375,508.3999938964844,501.989990234375,503.7099914550781,503.7099914550781,1276483.0
2024-05-28 09:15:00,507.69000244140625,507.70001220703125,502.1000061035156,503.3800048828125,503.3800048828125,828328.0
2024-05-29 09:15:00,503.9800109863281,503.9800109863281,496.7300109863281,497.6499938964844,497.6499938964844,1033160.0
2024-05-30 09:15:00,497.9800109863281,502.69000244140625,495.260009765625,499.0,499.0,540224.0
2024-05-31 09:15:00,499.0,506.989990234375,498.29998779296875,502.5,502.5,1200310.0
2024-06-03 09:15:00,517.5999755859375,524.4199829101562,510.010009765625,522.6099853515625,522.6099853515625,2934534.0
2024-06-04 09:15:00,522.3699951171875,527.989990234375,487.0,503.1400146484375,503.1400146484375,5566314.0
2024-06-05 09:15:00,514.989990234375,514.989990234375,477.7699890136719,502.2699890136719,502.2699890136719,4229829.0
2024-06-06 09:15:00,509.989990234375,509.989990234375,500.05999755859375,503.70001220703125,503.70001220703125,1320602.0
2024-06-07 09:15:00,507.989990234375,510.3999938964844,502.1000061035156,509.1499938964844,509.1499938964844,1291838.0
2024-06-10 09:15:00,514.989990234375,514.989990234375,507.75,508.80999755859375,508.80999755859375,869660.0
2024-06-11 09:15:00,509.5,511.4599914550781,504.75,508.3999938964844,508.3999938964844,621125.0
2024-06-12 09:15:00,510.3399963378906,513.2899780273438,508.5199890136719,510.6600036621094,510.6600036621094,963602.0
2024-06-13 09:15:00,514.8900146484375,515.0,510.010009765625,510.510009765625,510.510009765625,517575.0
2024-06-14 09:15:00,515.9000244140625,515.9000244140625,509.3800048828125,512.1400146484375,512.1400146484375,403109.0
2024-06-18 09:15:00,514.989990234375,518.0900268554688,511.29998779296875,516.4500122070312,516.4500122070312,971933.0
2024-06-19 09:15:00,517.0,530.9099731445312,515.010009765625,526.1599731445312,526.1599731445312,1984909.0
2024-06-20 09:15:00,526.2999877929688,530.6300048828125,525.2999877929688,530.3400268554688,530.3400268554688,1669575.0
2024-06-21 09:15:00,532.72998046875,532.72998046875,525.5999755859375,528.6900024414062,528.6900024414062,876872.0
2024-06-24 09:15:00,528.989990234375,530.1900024414062,524.010009765625,529.1599731445312,529.1599731445312,698627.0
2024-06-25 09:15:00,530.0,538.989990234375,529.280029296875,538.0800170898438,538.0800170898438,1031252.0
2024-06-26 09:15:00,538.0800170898438,541.5,532.010009765625,540.4099731445312,540.4099731445312,970373.0
2024-06-27 09:15:00,540.4199829101562,543.8499755859375,538.510009765625,540.1099853515625,540.1099853515625,653231.0
2024-06-28 09:15:00,540.989990234375,542.5700073242188,536.25,537.2000122070312,537.2000122070312,692780.0
2024-07-01 09:15:00,542.0,542.0,535.030029296875,539.280029296875,539.280029296875,396113.0
2024-07-02 09:15:00,541.47998046875,541.47998046875,533.75,535.6799926757812,535.6799926757812,901218.0
2024-07-03 09:15:00,540.0,544.5499877929688,538.0,542.8300170898438,542.8300170898438,1599187.0
2024-07-04 09:15:00,544.47998046875,545.489990234375,541.010009765625,543.3800048828125,543.3800048828125,538582.0
2024-07-05 09:15:00,542.9600219726562,542.969970703125,536.2999877929688,539.5999755859375,539.5999755859375,991864.0
2024-07-08 09:15:00,538.97998046875,540.989990234375,536.2000122070312,537.7000122070312,537.7000122070312,580966.0
2024-07-09 09:15:00,537.7000122070312,539.25,537.260009765625,538.9199829101562,538.9199829101562,270161.0
2024-07-10 09:15:00,538.72998046875,539.9500122070312,534.4500122070312,535.5,535.5,587255.0
2024-07-11 09:15:00,536.02001953125,537.6900024414062,530.3300170898438,536.1500244140625,536.1500244140625,880061.0
2024-07-12 09:15:00,536.1500244140625,539.9000244140625,534.9299926757812,535.510009765625,535.510009765625,367132.0
2024-07-15 09:15:00,534.5,539.0,534.5,538.030029296875,538.030029296875,494760.0
2024-07-16 09:15:00,539.5,539.5,536.510009765625,537.3800048828125,537.3800048828125,325700.0
2024-07-18 09:15:00,538.989990234375,539.7000122070312,534.3599853515625,538.47998046875,538.47998046875,814686.0
2024-07-19 09:15:00,538.469970703125,538.47998046875,533.6500244140625,534.9099731445312,534.9099731445312,467826.0
2024-07-22 09:15:00,534.989990234375,536.4000244140625,531.510009765625,535.030029296875,535.030029296875,518847.0
2024-07-23 09:15:00,536.4099731445312,536.7000122070312,526.4500122070312,530.0999755859375,530.0999755859375,1435118.0
2024-07-24 09:15:00,530.0,531.9600219726562,521.219970703125,526.3800048828125,526.3800048828125,1326910.0
2024-07-25 09:15:00,525.2999877929688,525.2999877929688,519.0,521.8200073242188,521.8200073242188,800388.0
2024-07-26 09:15:00,521.8200073242188,526.5,518.8300170898438,525.2999877929688,525.2999877929688,783884.0
2024-07-29 09:15:00,527.510009765625,535.4500122070312,525.5,526.9199829101562,526.9199829101562,1085663.0
2024-07-30 09:15:00,529.9199829101562,532.8900146484375,524.02001953125,528.3200073242188,528.3200073242188,1113422.0
2024-07-31 09:15:00,528.3300170898438,529.739990234375,524.0,528.9400024414062,528.9400024414062,489565.0
2024-08-01 09:15:00,529.9000244140625,532.47998046875,528.0,528.75,528.75,406207.0
2024-08-02 09:15:00,526.469970703125,529.3900146484375,524.5,527.1099853515625,527.1099853515625,529934.0
2024-08-05 09:15:00,522.989990234375,523.8800048828125,510.4100036621094,514.8200073242188,514.8200073242188,2006675.0
2024-08-06 09:15:00,519.989990234375,520.6500244140625,509.70001220703125,510.6400146484375,510.6400146484375,944074.0
2024-08-07 09:15:00,516.7999877929688,516.7999877929688,511.1000061035156,514.260009765625,514.260009765625,679446.0
2024-08-08 09:15:00,514.969970703125,517.5,511.5,513.969970703125,513.969970703125,1433681.0
2024-08-09 09:15:00,517.969970703125,519.9000244140625,516.2100219726562,516.989990234375,516.989990234375,830299.0
2024-08-12 09:15:00,517.97998046875,521.6099853515625,514.5599975585938,518.9099731445312,518.9099731445312,475143.0
2024-08-13 09:15:00,518.9099731445312,519.969970703125,511.75,512.4099731445312,512.4099731445312,787872.0
2024-08-14 09:15:00,512.510009765625,513.4000244140625,510.4800109863281,511.3299865722656,511.3299865722656,806481.0
2024-08-16 09:15:00,513.02001953125,518.97998046875,512.2000122070312,518.1799926757812,518.1799926757812,602336.0
2024-08-19 09:15:00,520.739990234375,520.9000244140625,516.1699829101562,517.0399780273438,517.0399780273438,908611.0
2024-08-20 09:15:00,519.97998046875,523.25,517.0499877929688,521.6599731445312,521.6599731445312,1509755.0
2024-08-21 09:15:00,521.5900268554688,521.5999755859375,517.739990234375,520.6099853515625,520.6099853515625,993066.0
2024-08-22 09:15:00,521.969970703125,523.5,520.6099853515625,522.8400268554688,522.8400268554688,870325.0
2024-08-23 09:15:00,524.0,524.0,521.6199951171875,522.469970703125,522.469970703125,355590.0
2024-08-26 09:15:00,522.510009765625,526.5,522.510009765625,524.489990234375,524.489990234375,860857.0
2024-08-27 09:15:00,525.8900146484375,527.1099853515625,522.5,525.9199829101562,525.9199829101562,793511.0
2024-08-28 09:15:00,525.9199829101562,527.239990234375,524.280029296875,524.8400268554688,524.8400268554688,393021.0
2024-08-29 09:15:00,524.989990234375,526.5399780273438,523.3099975585938,524.7899780273438,524.7899780273438,1024118.0
2024-08-30 09:15:00,527.7100219726562,527.7100219726562,524.02001953125,526.72998046875,526.72998046875,729005.0
2024-09-02 09:15:00,527.7999877929688,529.22998046875,526.0,527.4099731445312,527.4099731445312,758362.0
2024-09-03 09:15:00,529.5,530.5,526.0,529.760009765625,529.760009765625,703686.0
2024-09-04 09:15:00,528.0,529.5599975585938,526.1400146484375,528.8599853515625,528.8599853515625,622395.0
2024-09-05 09:15:00,529.8599853515625,531.1099853515625,528.0,529.0599975585938,529.0599975585938,260756.0
2024-09-06 09:15:00,529.0599975585938,529.0599975585938,519.0999755859375,520.530029296875,520.530029296875,817083.0
2024-09-09 09:15:00,522.989990234375,525.0,517.72998046875,524.47998046875,524.47998046875,705364.0
2024-09-10 09:15:00,526.0,527.9000244140625,523.1099853515625,526.6599731445312,526.6599731445312,414801.0
2024-09-11 09:15:00,525.989990234375,527.5,522.4000244140625,523.0599975585938,523.0599975585938,868780.0
2024-09-12 09:15:00,530.0,531.9000244140625,523.8400268554688,530.8499755859375,530.8499755859375,1096974.0
2024-09-13 09:15:00,531.02001953125,533.5,529.7000122070312,532.3400268554688,532.3400268554688,592663.0
2024-09-16 09:15:00,540.0,540.0,531.760009765625,534.739990234375,534.739990234375,416119.0
2024-09-17 09:15:00,537.0,537.47998046875,533.7899780273438,535.3200073242188,535.3200073242188,562626.0
2024-09-18 09:15:00,537.989990234375,542.739990234375,534.3499755859375,540.739990234375,540.739990234375,1577011.0
2024-09-19 09:15:00,541.7999877929688,547.0,541.510009765625,544.2100219726562,544.2100219726562,1090949.0
2024-09-20 09:15:00,547.489990234375,553.6799926757812,544.2100219726562,550.6799926757812,550.6799926757812,1704817.0
2024-09-23 09:15:00,553.989990234375,557.9000244140625,550.72998046875,556.5700073242188,556.5700073242188,1188229.0
2024-09-24 09:15:00,557.0,558.780029296875,553.7000122070312,554.3900146484375,554.3900146484375,1126529.0
2024-09-25 09:15:00,554.3900146484375,555.0,552.5800170898438,554.6300048828125,554.6300048828125,302460.0
2024-09-26 09:15:00,554.8900146484375,558.280029296875,553.5700073242188,557.4500122070312,557.4500122070312,652428.0
2024-09-27 09:15:00,558.1900024414062,558.1900024414062,552.7999877929688,553.22998046875,553.22998046875,525851.0
2024-09-30 09:15:00,557.989990234375,557.989990234375,544.2999877929688,544.780029296875,544.780029296875,1154519.0
2024-10-01 09:15:00,548.97998046875,548.989990234375,543.1699829101562,544.3599853515625,544.3599853515625,619962.0
2024-10-03 09:15:00,541.989990234375,541.989990234375,532.010009765625,534.5499877929688,534.5499877929688,2562310.0
2024-10-04 09:15:00,534.97998046875,538.0,528.5,529.8800048828125,529.8800048828125,2097858.0
2024-10-07 09:15:00,532.7899780273438,532.7899780273438,517.0,521.5999755859375,521.5999755859375,3317121.0
2024-10-08 09:15:00,525.989990234375,526.6099853515625,519.0999755859375,524.969970703125,524.969970703125,1822994.0
2024-10-09 09:15:00,525.5499877929688,531.5,523.7000122070312,524.6400146484375,524.6400146484375,1936274.0
2024-10-10 09:15:00,528.989990234375,530.4000244140625,525.1500244140625,529.1900024414062,529.1900024414062,460757.0
2024-10-11 09:15:00,529.2000122070312,532.6799926757812,524.0399780273438,526.4600219726562,526.4600219726562,1203802.0
2024-10-14 09:15:00,528.989990234375,532.47998046875,526.5,531.760009765625,531.760009765625,719958.0
2024-10-15 09:15:00,533.969970703125,533.969970703125,530.7999877929688,532.7000122070312,532.7000122070312,518367.0
2024-10-16 09:15:00,534.989990234375,534.989990234375,530.4199829101562,531.6500244140625,531.6500244140625,547817.0
2024-10-17 09:15:00,534.989990234375,534.989990234375,525.2899780273438,526.9000244140625,526.9000244140625,562204.0
2024-10-18 09:15:00,526.9000244140625,535.2000122070312,523.1300048828125,534.3099975585938,534.3099975585938,1296295.0
2024-10-21 09:15:00,535.780029296875,538.8099975585938,531.7999877929688,532.5499877929688,532.5499877929688,854874.0
2024-10-22 09:15:00,534.989990234375,535.5999755859375,526.0,526.7100219726562,526.7100219726562,1025575.0
2024-10-23 09:15:00,527.989990234375,528.6900024414062,524.1400146484375,526.1099853515625,526.1099853515625,467912.0
2024-10-24 09:15:00,528.9400024414062,530.8499755859375,525.2999877929688,528.6199951171875,528.6199951171875,456797.0
2024-10-25 09:15:00,529.97998046875,529.97998046875,518.0,522.1400146484375,522.1400146484375,1014692.0
2024-10-28 09:15:00,529.989990234375,529.989990234375,523.1199951171875,526.4500122070312,526.4500122070312,607998.0
2024-10-29 09:15:00,529.7100219726562,536.9000244140625,526.3800048828125,536.280029296875,536.280029296875,647709.0
2024-10-30 09:15:00,536.5900268554688,536.5900268554688,531.510009765625,532.6400146484375,532.6400146484375,729796.0
2024-10-31 09:15:00,534.989990234375,534.989990234375,527.5999755859375,529.6400146484375,529.6400146484375,561082.0
2024-11-01 09:15:00,529.6400146484375,529.6400146484375,529.6400146484375,529.6400146484375,529.6400146484375,0.0
2024-11-04 09:15:00,533.0,533.0900268554688,523.2999877929688,526.0700073242188,526.0700073242188,1068690.0
2024-11-05 09:15:00,527.5900268554688,535.6500244140625,523.0,534.9000244140625,534.9000244140625,845239.0
2024-11-06 09:15:00,539.989990234375,539.989990234375,535.6799926757812,537.8699951171875,537.8699951171875,629880.0
2024-11-07 09:15:00,539.77001953125,539.77001953125,532.1699829101562,533.1199951171875,533.1199951171875,554285.0
2024-11-08 09:15:00,533.1300048828125,535.5999755859375,529.0,529.4500122070312,529.4500122070312,387301.0
2024-11-11 09:15:00,529.4500122070312,535.239990234375,527.0599975585938,532.0,532.0,568340.0
2024-11-12 09:15:00,534.97998046875,535.6099853515625,524.4199829101562,526.030029296875,526.030029296875,881417.0
2024-11-13 09:15:00,528.97998046875,528.97998046875,513.1500244140625,515.0499877929688,515.0499877929688,1081448.0
2024-11-14 09:15:00,518.97998046875,519.9600219726562,513.7999877929688,516.1300048828125,516.1300048828125,551641.0
2024-11-18 09:15:00,519.8699951171875,519.8699951171875,513.7899780273438,516.8800048828125,516.8800048828125,673215.0
2024-11-19 09:15:00,512.010009765625,523.5900268554688,512.010009765625,519.1500244140625,519.1500244140625,418301.0
2024-11-21 09:15:00,523.989990234375,523.989990234375,512.0,516.4099731445312,516.4099731445312,734829.0
2024-11-22 09:15:00,519.989990234375,525.9000244140625,516.4099731445312,524.9199829101562,524.9199829101562,749839.0
2024-11-25 09:15:00,530.0,538.97998046875,530.0,534.969970703125,534.969970703125,860932.0
2024-11-26 09:15:00,538.9400024414062,538.9400024414062,533.2999877929688,535.0700073242188,535.0700073242188,344485.0
2024-11-27 09:15:00,537.9400024414062,537.9400024414062,533.52001953125,536.280029296875,536.280029296875,551075.0
2024-11-28 09:15:00,537.97998046875,540.9000244140625,531.5800170898438,532.969970703125,532.969970703125,824736.0
2024-11-29 09:15:00,534.489990234375,535.3400268554688,531.1699829101562,533.5999755859375,533.5999755859375,436200.0
2024-12-02 09:15:00,534.989990234375,535.0999755859375,530.25,534.3400268554688,534.3400268554688,448336.0
2024-12-03 09:15:00,540.0,541.1900024414062,535.0499877929688,540.1599731445312,540.1599731445312,1299650.0
2024-12-04 09:15:00,540.1099853515625,546.9600219726562,539.0700073242188,546.0,546.0,950432.0
2024-12-05 09:15:00,547.739990234375,551.9500122070312,542.1699829101562,548.9099731445312,548.9099731445312,2436847.0
2024-12-06 09:15:00,551.97998046875,552.4000244140625,545.5,550.1099853515625,550.1099853515625,1056272.0
2024-12-09 09:15:00,550.1099853515625,551.5,547.1500244140625,547.7899780273438,547.7899780273438,661012.0
2024-12-10 09:15:00,549.239990234375,549.97998046875,546.5,549.3800048828125,549.3800048828125,494600.0
2024-12-11 09:15:00,549.3099975585938,549.7000122070312,546.75,546.9000244140625,546.9000244140625,854539.0
2024-12-12 09:15:00,547.97998046875,549.97998046875,545.1099853515625,545.7100219726562,545.7100219726562,267349.0
2024-12-13 09:15:00,545.47998046875,549.5,536.0,548.9299926757812,548.9299926757812,967812.0
2024-12-16 09:15:00,548.9299926757812,550.6900024414062,546.7000122070312,548.8099975585938,548.8099975585938,561446.0
2024-12-17 09:15:00,548.8099975585938,549.0,539.9500122070312,541.989990234375,541.989990234375,1417310.0
2024-12-18 09:15:00,538.0700073242188,541.969970703125,534.010009765625,535.9000244140625,535.9000244140625,1223360.0
2024-12-19 09:15:00,531.989990234375,532.0900268554688,527.1099853515625,530.0499877929688,530.0499877929688,698201.0
2024-12-20 09:15:00,530.0599975585938,530.6599731445312,520.0,521.1199951171875,521.1199951171875,987803.0
2024-12-23 09:15:00,525.8800048828125,528.0900268554688,522.5900268554688,527.6199951171875,527.6199951171875,384197.0
2024-12-24 09:15:00,527.4600219726562,528.8400268554688,525.5999755859375,526.9199829101562,526.9199829101562,343152.0
2024-12-26 09:15:00,529.989990234375,531.0,523.5399780273438,525.530029296875,525.530029296875,514731.0
2024-12-27 09:15:00,528.97998046875,529.97998046875,524.0499877929688,527.3300170898438,527.3300170898438,214725.0
2024-12-30 09:15:00,528.989990234375,532.9000244140625,521.25,524.0,524.0,611085.0
2024-12-31 09:15:00,524.97998046875,524.97998046875,520.25,522.7899780273438,522.7899780273438,507851.0
2025-01-01 09:15:00,523.489990234375,527.0999755859375,519.0,524.9199829101562,524.9199829101562,486535.0
2025-01-02 09:15:00,527.489990234375,529.0499877929688,524.0,528.3400268554688,528.3400268554688,5556133.0
2025-01-03 09:15:00,529.989990234375,529.989990234375,522.25,523.3599853515625,523.3599853515625,916514.0
2025-01-06 09:15:00,523.3599853515625,525.97998046875,510.010009765625,511.5299987792969,511.5299987792969,2506152.0
2025-01-07 09:15:00,513.989990234375,516.9000244140625,511.5400085449219,514.4099731445312,514.4099731445312,582366.0
2025-01-08 09:15:00,516.989990234375,516.989990234375,506.20001220703125,510.5199890136719,510.5199890136719,1753085.0
2025-01-09 09:15:00,510.9100036621094,511.69000244140625,505.04998779296875,507.4599914550781,507.4599914550781,831813.0
2025-01-10 09:15:00,507.79998779296875,509.9800109863281,499.0,500.1199951171875,500.1199951171875,1327214.0
2025-01-13 09:15:00,499.989990234375,499.989990234375,492.489990234375,493.8299865722656,493.8299865722656,1286197.0
2025-01-14 09:15:00,496.989990234375,503.1400146484375,495.010009765625,500.6099853515625,500.6099853515625,622652.0
2025-01-15 09:15:00,502.04998779296875,503.7099914550781,498.239990234375,500.6400146484375,500.6400146484375,312038.0
2025-01-16 09:15:00,505.0,507.44000244140625,503.0,505.010009765625,505.010009765625,1609438.0
2025-01-17 09:15:00,505.010009765625,505.1600036621094,495.25,497.32000732421875,497.32000732421875,1647008.0
2025-01-20 09:15:00,501.9800109863281,508.57000732421875,497.5899963378906,505.80999755859375,505.80999755859375,711577.0
2025-01-21 09:15:00,518.1900024414062,518.1900024414062,497.3500061035156,498.82000732421875,498.82000732421875,905963.0
2025-01-22 09:15:00,502.989990234375,502.989990234375,494.1499938964844,500.5899963378906,500.5899963378906,879203.0
2025-01-23 09:15:00,500.5899963378906,502.20001220703125,497.8900146484375,499.3800048828125,499.3800048828125,499506.0
2025-01-24 09:15:00,502.9800109863281,502.9800109863281,495.04998779296875,496.1700134277344,496.1700134277344,649855.0
2025-01-27 09:15:00,494.989990234375,496.0,490.05999755859375,494.1199951171875,494.1199951171875,1076639.0
2025-01-28 09:15:00,497.489990234375,505.0,495.010009765625,501.42999267578125,501.42999267578125,1017663.0
2025-01-29 09:15:00,503.3900146484375,504.70001220703125,501.6099853515625,504.1099853515625,504.1099853515625,812125.0
2025-01-30 09:15:00,505.7900085449219,507.29998779296875,503.1300048828125,506.44000244140625,506.44000244140625,702819.0
2025-01-31 09:15:00,508.6499938964844,509.45001220703125,502.0,508.3800048828125,508.3800048828125,639507.0
2025-02-01 09:15:00,508.8800048828125,512.75,502.4100036621094,508.42999267578125,508.42999267578125,895670.0
2025-02-03 09:15:00,506.9800109863281,507.0,502.6499938964844,505.8399963378906,505.8399963378906,466239.0
2025-02-04 09:15:00,508.989990234375,514.6699829101562,507.510009765625,513.8800048828125,513.8800048828125,1194723.0
2025-02-05 09:15:00,514.989990234375,517.8400268554688,513.0999755859375,516.0900268554688,516.0900268554688,686629.0
2025-02-06 09:15:00,518.469970703125,518.469970703125,514.4000244140625,516.989990234375,516.989990234375,588506.0
2025-02-07 09:15:00,517.3099975585938,519.97998046875,511.5199890136719,514.530029296875,514.530029296875,1009078.0
2025-02-10 09:15:00,518.989990234375,519.0,510.5,513.3300170898438,513.3300170898438,317104.0
2025-02-11 09:15:00,514.989990234375,514.989990234375,505.25,507.55999755859375,507.55999755859375,731033.0
2025-02-12 09:15:00,510.9800109863281,510.9800109863281,500.2099914550781,508.30999755859375,508.30999755859375,776763.0
2025-02-13 09:15:00,508.8900146484375,511.4800109863281,505.79998779296875,506.70001220703125,506.70001220703125,509834.0
2025-02-14 09:15:00,507.94000244140625,508.6000061035156,500.2900085449219,504.55999755859375,504.55999755859375,646468.0
2025-02-17 09:15:00,505.9800109863281,506.3999938964844,498.5299987792969,506.1499938964844,506.1499938964844,982899.0
2025-02-18 09:15:00,506.0,506.17999267578125,501.30999755859375,503.79998779296875,503.79998779296875,511772.0
2025-02-19 09:15:00,502.80999755859375,509.7300109863281,501.1099853515625,509.5299987792969,509.5299987792969,795082.0
2025-02-20 09:15:00,507.010009765625,508.4700012207031,505.04998779296875,506.8500061035156,506.8500061035156,325573.0
2025-02-21 09:15:00,506.5899963378906,506.6600036621094,501.29998779296875,502.5199890136719,502.5199890136719,554959.0
2025-02-24 09:15:00,502.989990234375,502.989990234375,495.6000061035156,499.6199951171875,499.6199951171875,925468.0
2025-02-25 09:15:00,502.9800109863281,502.9800109863281,498.0,498.489990234375,498.489990234375,378942.0
2025-02-27 09:15:00,498.489990234375,501.82000732421875,498.489990234375,499.9800109863281,499.9800109863281,537264.0
2025-02-28 09:15:00,500.989990234375,500.989990234375,494.010009765625,496.7200012207031,496.7200012207031,977866.0
2025-03-03 09:15:00,499.9800109863281,499.9800109863281,491.6000061035156,493.67999267578125,493.67999267578125,1093407.0
2025-03-04 09:15:00,493.3699951171875,496.5,491.6199951171875,495.6099853515625,495.6099853515625,518335.0
2025-03-05 09:15:00,496.0400085449219,499.54998779296875,495.2300109863281,497.3599853515625,497.3599853515625,709910.0
2025-03-06 09:15:00,502.989990234375,502.989990234375,496.1000061035156,499.6700134277344,499.6700134277344,546114.0
2025-03-07 09:15:00,499.7300109863281,500.8999938964844,496.7900085449219,498.3999938964844,498.3999938964844,493367.0
2025-03-10 09:15:00,498.3999938964844,499.2300109863281,494.010009765625,494.70001220703125,494.70001220703125,464443.0
2025-03-11 09:15:00,494.8999938964844,494.9800109863281,490.0,491.5199890136719,491.5199890136719,468774.0
2025-03-12 09:15:00,494.989990234375,494.989990234375,491.1000061035156,493.17999267578125,493.17999267578125,426394.0
2025-03-13 09:15:00,493.489990234375,496.0799865722656,492.8999938964844,493.17999267578125,493.17999267578125,368388.0
2025-03-17 09:15:00,496.989990234375,497.3999938964844,491.5,495.8599853515625,495.8599853515625,411114.0
2025-03-18 09:15:00,495.8599853515625,495.8599853515625,495.8599853515625,495.8599853515625,495.8599853515625,0.0
2025-03-19 09:15:00,506.989990234375,511.1000061035156,506.0,510.75,510.75,754577.0
2025-03-20 09:15:00,510.760009765625,514.6799926757812,510.760009765625,513.3200073242188,513.3200073242188,1012594.0
2025-03-21 09:15:00,515.0,518.7000122070312,510.3999938964844,518.0999755859375,518.0999755859375,902843.0
2025-03-24 09:15:00,518.469970703125,530.5,518.02001953125,529.719970703125,529.719970703125,1533195.0
2025-03-25 09:15:00,529.719970703125,533.260009765625,526.3499755859375,528.7899780273438,528.7899780273438,2194763.0
2025-03-26 09:15:00,528.2000122070312,531.5,523.75,524.6799926757812,524.6799926757812,1196211.0
2025-03-27 09:15:00,525.2100219726562,530.02001953125,522.7100219726562,528.6799926757812,528.6799926757812,1155822.0
2025-03-28 09:15:00,529.8900146484375,531.5900268554688,526.760009765625,528.989990234375,528.989990234375,1229790.0
2025-04-01 09:15:00,531.989990234375,532.0,520.0700073242188,521.8599853515625,521.8599853515625,800976.0
2025-04-02 09:15:00,524.8699951171875,527.0,521.260009765625,526.4299926757812,526.4299926757812,419327.0
2025-04-03 09:15:00,529.0,529.5,522.239990234375,528.8499755859375,528.8499755859375,594122.0
2025-04-04 09:15:00,532.0,532.0,527.2000122070312,528.97998046875,528.97998046875,1534911.0
2025-04-07 09:15:00,527.0,531.989990234375,505.29998779296875,513.4600219726562,513.4600219726562,1841036.0
2025-04-08 09:15:00,519.97998046875,520.9299926757812,513.6500244140625,518.6300048828125,518.6300048828125,970866.0
2025-04-09 09:15:00,515.02001953125,519.1799926757812,512.2999877929688,516.1099853515625,516.1099853515625,886325.0
2025-04-11 09:15:00,520.989990234375,524.8800048828125,517.010009765625,522.8400268554688,522.8400268554688,806992.0
2025-04-15 09:15:00,528.010009765625,537.0999755859375,526.3900146484375,536.280029296875,536.280029296875,1026742.0
2025-04-16 09:15:00,536.2899780273438,544.2000122070312,536.0900268554688,543.7999877929688,543.7999877929688,1490564.0
2025-04-17 09:15:00,543.8099975585938,557.0,543.3800048828125,555.7899780273438,555.7899780273438,3106846.0
2025-04-21 09:15:00,558.1099853515625,567.6500244140625,555.7899780273438,566.22998046875,566.22998046875,2111190.0
2025-04-22 09:15:00,566.22998046875,574.010009765625,565.6099853515625,570.47998046875,570.47998046875,1870294.0
2025-04-23 09:15:00,572.6799926757812,574.6900024414062,565.0,567.4199829101562,567.4199829101562,1680911.0
2025-04-24 09:15:00,566.0,568.97998046875,564.4000244140625,565.0999755859375,565.0999755859375,652143.0
2025-04-25 09:15:00,566.239990234375,567.2000122070312,555.010009765625,559.5499877929688,559.5499877929688,1508062.0
2025-04-28 09:15:00,562.989990234375,569.0,556.4099731445312,567.6799926757812,567.6799926757812,1000861.0
2025-04-29 09:15:00,567.6799926757812,573.0,566.0,566.8300170898438,566.8300170898438,602431.0
2025-04-30 09:15:00,571.97998046875,571.97998046875,562.8200073242188,564.0599975585938,564.0599975585938,617636.0
2025-05-02 09:15:00,572.0,572.0,563.0499877929688,563.6900024414062,563.6900024414062,715777.0
2025-05-05 09:15:00,568.989990234375,568.989990234375,561.2100219726562,562.3499755859375,562.3499755859375,429473.0
2025-05-06 09:15:00,565.97998046875,565.97998046875,555.0,555.3599853515625,555.3599853515625,625452.0
2025-05-07 09:15:00,555.1500244140625,559.9500122070312,551.9000244140625,558.510009765625,558.510009765625,873719.0
2025-05-08 09:15:00,560.3800048828125,562.47998046875,554.0,556.760009765625,556.760009765625,828561.0
2025-05-09 09:15:00,554.0,554.5,548.010009765625,549.1300048828125,549.1300048828125,697207.0
2025-05-12 09:15:00,556.0,569.2000122070312,556.0,567.969970703125,567.969970703125,1209442.0
2025-05-13 09:15:00,566.0,568.219970703125,562.0,563.239990234375,563.239990234375,594110.0
2025-05-14 09:15:00,563.9099731445312,565.9000244140625,558.3499755859375,561.4299926757812,561.4299926757812,671655.0
2025-05-15 09:15:00,563.0399780273438,568.0,558.0,566.7000122070312,566.7000122070312,1042600.0
2025-05-16 09:15:00,567.989990234375,568.489990234375,565.7100219726562,567.5999755859375,567.5999755859375,1174088.0
2025-05-19 09:15:00,569.0,571.25,567.0,568.280029296875,568.280029296875,1245002.0
2025-05-20 09:15:00,568.280029296875,570.739990234375,563.3499755859375,564.010009765625,564.010009765625,717966.0
2025-05-21 09:15:00,564.010009765625,567.2999877929688,561.0599975585938,564.5999755859375,564.5999755859375,703293.0
2025-05-22 09:15:00,564.8900146484375,564.989990234375,559.7000122070312,563.2100219726562,563.2100219726562,1292006.0
2025-05-23 09:15:00,563.2100219726562,568.4199829101562,562.5,567.9500122070312,567.9500122070312,373606.0
2025-05-26 09:15:00,570.0,572.9000244140625,567.0700073242188,569.7999877929688,569.7999877929688,559703.0
2025-05-27 09:15:00,569.7899780273438,572.5499877929688,564.8699951171875,568.22998046875,568.22998046875,786219.0
2025-05-28 09:15:00,568.780029296875,569.3800048828125,567.0,568.2000122070312,568.2000122070312,357580.0
2025-05-29 09:15:00,569.0,572.5800170898438,565.6500244140625,569.6400146484375,569.6400146484375,836021.0
2025-05-30 09:15:00,572.0,572.469970703125,568.1199951171875,572.0999755859375,572.0999755859375,932822.0
2025-06-02 09:15:00,572.0999755859375,573.97998046875,569.010009765625,573.52001953125,573.52001953125,1049632.0
2025-06-03 09:15:00,574.0,578.0,569.010009765625,569.9400024414062,569.9400024414062,1456915.0
2025-06-04 09:15:00,571.4400024414062,571.7000122070312,568.219970703125,570.8599853515625,570.8599853515625,510424.0
2025-06-05 09:15:00,570.8599853515625,574.1900024414062,570.0,571.780029296875,571.780029296875,939189.0
2025-06-06 09:15:00,573.989990234375,582.4000244140625,569.9099731445312,581.9400024414062,581.9400024414062,2928026.0
2025-06-09 09:15:00,585.5,585.739990234375,582.1300048828125,584.4199829101562,584.4199829101562,581396.0
2025-06-10 09:15:00,585.8800048828125,585.8800048828125,580.5,581.0900268554688,581.0900268554688,660841.0
2025-06-11 09:15:00,583.989990234375,583.989990234375,579.0,579.3499755859375,579.3499755859375,1074224.0
2025-06-12 09:15:00,579.3599853515625,581.0700073242188,574.4000244140625,575.3300170898438,575.3300170898438,774218.0
2025-06-13 09:15:00,570.989990234375,571.4299926757812,567.6799926757812,569.1400146484375,569.1400146484375,1152460.0
2025-06-16 09:15:00,572.989990234375,574.4000244140625,567.1400146484375,573.97998046875,573.97998046875,500939.0
2025-06-17 09:15:00,581.7999877929688,581.7999877929688,570.4299926757812,571.2000122070312,571.2000122070312,1221309.0
2025-06-18 09:15:00,572.97998046875,573.469970703125,569.7100219726562,572.2999877929688,572.2999877929688,1140153.0
2025-06-19 09:15:00,572.5,573.97998046875,569.5,570.0800170898438,570.0800170898438,395928.0
2025-06-20 09:15:00,570.0700073242188,577.4000244140625,569.6900024414062,576.72998046875,576.72998046875,696936.0
2025-06-23 09:15:00,575.97998046875,577.010009765625,572.0,574.8800048828125,574.8800048828125,584215.0
2025-06-24 09:15:00,576.75,582.7999877929688,576.75,579.2000122070312,579.2000122070312,676495.0
2025-06-25 09:15:00,577.010009765625,581.5999755859375,577.010009765625,581.1199951171875,581.1199951171875,377887.0
2025-06-26 09:15:00,579.010009765625,587.0499877929688,579.010009765625,586.5,586.5,777008.0
2025-06-27 09:15:00,585.0,590.9000244140625,584.010009765625,590.6099853515625,590.6099853515625,635306.0
2025-06-30 09:15:00,590.6099853515625,592.3599853515625,588.5,589.27001953125,589.27001953125,493494.0
2025-07-01 09:15:00,592.97998046875,592.97998046875,587.9000244140625,591.1599731445312,591.1599731445312,281531.0
2025-07-02 09:15:00,596.0,596.0,584.9199829101562,586.47998046875,586.47998046875,882964.0
2025-07-03 09:15:00,586.989990234375,588.4000244140625,583.5,584.02001953125,584.02001953125,438456.0
2025-07-04 09:15:00,586.97998046875,586.989990234375,582.1599731445312,586.3099975585938,586.3099975585938,406782.0
2025-07-07 09:15:00,582.010009765625,587.989990234375,582.010009765625,585.5499877929688,585.5499877929688,459329.0
2025-07-08 09:15:00,587.989990234375,589.0900268554688,582.0,588.5399780273438,588.5399780273438,251410.0
2025-07-09 09:15:00,590.0,590.989990234375,586.8099975585938,588.1400146484375,588.1400146484375,174433.0
2025-07-10 09:15:00,588.489990234375,589.8400268554688,585.5,585.9400024414062,585.9400024414062,384983.0
2025-07-11 09:15:00,587.989990234375,587.989990234375,582.010009765625,583.9199829101562,583.9199829101562,546379.0
2025-07-14 09:15:00,589.0,589.0,582.5,584.6400146484375,584.6400146484375,239373.0
2025-07-15 09:15:00,584.6400146484375,588.5900268554688,584.030029296875,587.530029296875,587.530029296875,351270.0
2025-07-16 09:15:00,587.5399780273438,589.97998046875,586.1199951171875,588.4299926757812,588.4299926757812,310916.0
2025-07-17 09:15:00,588.4299926757812,589.5800170898438,584.9000244140625,585.280029296875,585.280029296875,354629.0
2025-07-18 09:15:00,585.0,585.9600219726562,579.3499755859375,580.72998046875,580.72998046875,757347.0
2025-07-21 09:15:00,583.0,586.4400024414062,579.510009765625,586.0900268554688,586.0900268554688,469906.0
2025-07-22 09:15:00,588.0,590.0,583.4500122070312,584.260009765625,584.260009765625,280956.0
2025-07-23 09:15:00,585.9400024414062,588.8699951171875,583.5499877929688,588.27001953125,588.27001953125,662546.0
2025-07-24 09:15:00,588.989990234375,589.7999877929688,585.219970703125,587.239990234375,587.239990234375,266303.0
2025-07-25 09:15:00,588.989990234375,589.0,581.4000244140625,581.97998046875,581.97998046875,422355.0
2025-07-28 09:15:00,582.010009765625,582.5,577.010009765625,577.8900146484375,577.8900146484375,376126.0
2025-07-29 09:15:00,577.02001953125,579.989990234375,575.9000244140625,579.52001953125,579.52001953125,237287.0
2025-07-30 09:15:00,580.2999877929688,580.780029296875,577.760009765625,578.7000122070312,578.7000122070312,213303.0
2025-07-31 09:15:00,577.989990234375,580.989990234375,573.0,577.0599975585938,577.0599975585938,405575.0
2025-08-01 09:15:00,572.010009765625,578.97998046875,572.010009765625,573.72998046875,573.72998046875,619162.0
2025-08-04 09:15:00,575.989990234375,575.989990234375,572.0499877929688,573.780029296875,573.780029296875,244402.0
2025-08-05 09:15:00,574.989990234375,574.989990234375,569.7000122070312,570.8800048828125,570.8800048828125,251760.0
2025-08-06 09:15:00,572.97998046875,572.97998046875,569.8699951171875,571.4500122070312,571.4500122070312,214694.0
2025-08-07 09:15:00,572.989990234375,573.5999755859375,567.4600219726562,572.25,572.25,440626.0
2025-08-08 09:15:00,574.8699951171875,574.8699951171875,566.9000244140625,567.5900268554688,567.5900268554688,257622.0
2025-08-11 09:15:00,569.97998046875,572.6099853515625,565.75,571.8800048828125,571.8800048828125,397434.0
2025-08-12 09:15:00,569.0,574.989990234375,568.010009765625,569.52001953125,569.52001953125,557324.0
2025-08-13 09:15:00,570.010009765625,572.3499755859375,569.0,570.6099853515625,570.6099853515625,222227.0
2025-08-14 09:15:00,572.989990234375,572.989990234375,568.5700073242188,572.0800170898438,572.0800170898438,212130.0
2025-08-18 09:15:00,579.989990234375,579.989990234375,574.5999755859375,575.5499877929688,575.5499877929688,461514.0
2025-08-19 09:15:00,576.989990234375,577.7999877929688,574.3900146484375,576.739990234375,576.739990234375,197487.0
2025-08-20 09:15:00,576.72998046875,578.5800170898438,574.3499755859375,575.4099731445312,575.4099731445312,188401.0
2025-08-21 09:15:00,579.989990234375,579.989990234375,575.22998046875,576.3800048828125,576.3800048828125,157105.0
2025-08-22 09:15:00,575.510009765625,578.989990234375,569.6199951171875,570.0499877929688,570.0499877929688,657237.0
2025-08-25 09:15:00,572.97998046875,572.97998046875,569.0900268554688,569.469970703125,569.469970703125,408672.0
2025-08-26 09:15:00,569.469970703125,570.1300048828125,562.4600219726562,563.0700073242188,563.0700073242188,749477.0
2025-08-28 09:15:00,563.0999755859375,563.0999755859375,556.280029296875,556.75,556.75,1538142.0
2025-08-29 09:15:00,557.0,559.5999755859375,554.2999877929688,554.989990234375,554.989990234375,523954.0
2025-09-01 09:15:00,559.989990234375,559.989990234375,555.0,557.9400024414062,557.9400024414062,459298.0
2025-09-02 09:15:00,564.0,564.0,553.9600219726562,554.72998046875,554.72998046875,547654.0
2025-09-03 09:15:00,561.0,561.0,554.0,558.5800170898438,558.5800170898438,478890.0
2025-09-04 09:15:00,562.8099975585938,562.8099975585938,557.5,558.27001953125,558.27001953125,314298.0
2025-09-05 09:15:00,558.27001953125,562.7999877929688,555.4600219726562,559.1699829101562,559.1699829101562,352833.0
2025-09-08 09:15:00,564.8900146484375,564.9000244140625,559.0,560.489990234375,560.489990234375,311547.0
2025-09-09 09:15:00,564.8900146484375,564.8900146484375,559.02001953125,560.1400146484375,560.1400146484375,292127.0
2025-09-10 09:15:00,564.9000244140625,564.9000244140625,560.4099731445312,563.9199829101562,563.9199829101562,493053.0
2025-09-11 09:15:00,564.8900146484375,566.3800048828125,561.6699829101562,565.47998046875,565.47998046875,468299.0
2025-09-12 09:15:00,562.010009765625,567.969970703125,562.010009765625,566.4099731445312,566.4099731445312,419061.0
2025-09-15 09:15:00,566.4099731445312,569.0,564.9099731445312,567.489990234375,567.489990234375,379546.0
2025-09-16 09:15:00,567.489990234375,570.280029296875,566.1900024414062,569.8300170898438,569.8300170898438,319469.0
2025-09-17 09:15:00,571.0,574.489990234375,569.2000122070312,573.780029296875,573.780029296875,607416.0
2025-09-18 09:15:00,574.989990234375,576.760009765625,572.77001953125,575.6599731445312,575.6599731445312,506883.0
2025-09-19 09:15:00,578.0,578.0,572.5,573.469970703125,573.469970703125,436375.0
2025-09-22 09:15:00,570.010009765625,575.489990234375,570.010009765625,571.02001953125,571.02001953125,333327.0
2025-09-23 09:15:00,572.5399780273438,574.4000244140625,570.010009765625,572.6199951171875,572.6199951171875,277910.0
2025-09-24 09:15:00,572.7999877929688,573.97998046875,567.4400024414062,568.3200073242188,568.3200073242188,671713.0
2025-09-25 09:15:00,570.6099853515625,570.8900146484375,567.1699829101562,567.760009765625,567.760009765625,253665.0
2025-09-26 09:15:00,567.760009765625,567.760009765625,561.0,562.02001953125,562.02001953125,528944.0
2025-09-29 09:15:00,562.030029296875,564.97998046875,560.0,561.6699829101562,561.6699829101562,564979.0
2025-09-30 09:15:00,560.010009765625,566.3300170898438,560.010009765625,563.3900146484375,563.3900146484375,623864.0
2025-10-01 09:15:00,580.2899780273438,580.2899780273438,560.0,571.3900146484375,571.3900146484375,1003091.0
2025-10-03 09:15:00,572.8599853515625,573.7999877929688,570.010009765625,573.2999877929688,573.2999877929688,560323.0
2025-10-06 09:15:00,574.0,581.1500244140625,571.010009765625,580.4600219726562,580.4600219726562,1881570.0
2025-10-07 09:15:00,580.4600219726562,582.9600219726562,577.010009765625,580.1500244140625,580.1500244140625,983841.0
2025-10-08 09:15:00,580.1500244140625,581.0,576.2100219726562,577.6400146484375,577.6400146484375,1007442.0
2025-10-09 09:15:00,579.97998046875,580.75,576.510009765625,580.3599853515625,580.3599853515625,771750.0
2025-10-10 09:15:00,580.0,585.969970703125,578.6099853515625,584.97998046875,584.97998046875,805564.0
2025-10-13 09:15:00,584.2100219726562,586.0,581.02001953125,584.5800170898438,584.5800170898438,725588.0
2025-10-14 09:15:00,584.3900146484375,585.8499755859375,580.9000244140625,583.2899780273438,583.2899780273438,605809.0
2025-10-15 09:15:00,585.97998046875,587.6500244140625,583.2999877929688,586.5499877929688,586.5499877929688,464578.0
2025-10-16 09:15:00,586.4000244140625,593.030029296875,586.4000244140625,591.97998046875,591.97998046875,928625.0
2025-10-17 09:15:00,593.22998046875,596.47998046875,589.6099853515625,594.969970703125,594.969970703125,854627.0
2025-10-20 09:15:00,594.969970703125,600.5900268554688,594.969970703125,598.5700073242188,598.5700073242188,1027886.0
2025-10-21 09:15:00,600.989990234375,600.989990234375,597.0499877929688,598.3300170898438,598.3300170898438,168748.0
2025-10-23 09:15:00,601.2999877929688,604.760009765625,597.0,598.5999755859375,598.5999755859375,1526004.0
2025-10-27 09:15:00,605.0,605.0,594.5800170898438,599.0399780273438,599.0399780273438,1165568.0
2025-10-28 09:15:00,601.3499755859375,602.0,596.010009765625,600.1500244140625,600.1500244140625,539202.0
2025-10-29 09:15:00,603.1400146484375,603.75,599.489990234375,602.4500122070312,602.4500122070312,725547.0
2025-10-30 09:15:00,605.0,605.0,599.3099975585938,600.0800170898438,600.0800170898438,541334.0
2025-10-31 09:15:00,600.0800170898438,602.0999755859375,596.4299926757812,597.3900146484375,597.3900146484375,441425.0
2025-11-03 09:15:00,599.239990234375,600.97998046875,594.010009765625,600.0999755859375,600.0999755859375,638186.0
2025-11-04 09:15:00,601.1099853515625,601.1099853515625,596.739990234375,597.2999877929688,597.2999877929688,431884.0
2025-11-06 09:15:00,597.2999877929688,598.5399780273438,594.0700073242188,594.4000244140625,594.4000244140625,337145.0
2025-11-07 09:15:00,595.1099853515625,599.4000244140625,590.1599731445312,598.260009765625,598.260009765625,891081.0
2025-11-10 09:15:00,599.97998046875,599.989990234375,595.1400146484375,598.1699829101562,598.1699829101562,540149.0
2025-11-11 09:15:00,598.1799926757812,599.989990234375,594.5499877929688,599.75,599.75,403030.0
2025-11-12 09:15:00,600.010009765625,604.0,600.010009765625,601.3200073242188,601.3200073242188,353421.0
2025-11-13 09:15:00,600.5800170898438,604.2899780273438,599.27001953125,602.0,602.0,846171.0
2025-11-14 09:15:00,602.0,604.030029296875,599.969970703125,603.2899780273438,603.2899780273438,456962.0
2025-11-17 09:15:00,605.0,608.2000122070312,604.4199829101562,607.8300170898438,607.8300170898438,632378.0
2025-11-18 09:15:00,607.8200073242188,609.2000122070312,606.469970703125,607.8499755859375,607.8499755859375,570984.0
2025-11-19 09:15:00,609.989990234375,610.7899780273438,605.5,610.4000244140625,610.4000244140625,477613.0
2025-11-20 09:15:00,610.4099731445312,613.2100219726562,609.6400146484375,611.6500244140625,611.6500244140625,694881.0
2025-11-21 09:15:00,610.989990234375,611.0,606.1500244140625,606.8499755859375,606.8499755859375,741157.0
2025-11-24 09:15:00,609.97998046875,611.25,605.0,606.6099853515625,606.6099853515625,258672.0
2025-11-25 09:15:00,606.6099853515625,609.75,605.5999755859375,606.4299926757812,606.4299926757812,297942.0
2025-11-26 09:15:00,608.97998046875,614.8499755859375,608.25,614.219970703125,614.219970703125,916895.0
2025-11-27 09:15:00,614.9099731445312,617.75,613.6300048828125,615.7000122070312,615.7000122070312,908640.0
2025-11-28 09:15:00,612.010009765625,618.6900024414062,608.5999755859375,616.3699951171875,616.3699951171875,396194.0
2025-12-01 09:15:00,616.4099731445312,620.1900024414062,615.5,616.8599853515625,616.8599853515625,763444.0
2025-12-02 09:15:00,617.989990234375,617.989990234375,612.2100219726562,612.8499755859375,612.8499755859375,552128.0
2025-12-03 09:15:00,614.4299926757812,614.7899780273438,609.0,613.6400146484375,613.6400146484375,439107.0
2025-12-04 09:15:00,614.989990234375,614.989990234375,609.0999755859375,611.239990234375,611.239990234375,1604494.0
2025-12-05 09:15:00,611.0,616.5,610.5599975585938,616.02001953125,616.02001953125,770074.0
2025-12-08 09:15:00,614.5900268554688,617.8099975585938,609.8800048828125,611.469970703125,611.469970703125,847561.0
2025-12-09 09:15:00,610.75,611.989990234375,608.0399780273438,610.280029296875,610.280029296875,1128527.0
2025-12-10 09:15:00,613.989990234375,613.989990234375,607.0,607.72998046875,607.72998046875,576827.0
2025-12-11 09:15:00,609.989990234375,612.7000122070312,606.5700073242188,610.280029296875,610.280029296875,432488.0
2025-12-12 09:15:00,624.7000122070312,624.7000122070312,610.0399780273438,613.1400146484375,613.1400146484375,667191.0
2025-12-15 09:15:00,613.1500244140625,613.989990234375,609.7999877929688,613.3900146484375,613.3900146484375,255962.0
2025-12-16 09:15:00,612.3800048828125,613.2100219726562,609.0,609.72998046875,609.72998046875,410928.0
2025-12-17 09:15:00,611.97998046875,611.97998046875,607.1099853515625,607.8699951171875,607.8699951171875,319531.0
2025-12-18 09:15:00,607.97998046875,610.4500122070312,606.0499877929688,607.6300048828125,607.6300048828125,304730.0
2025-12-19 09:15:00,609.706787109375,609.706787109375,609.706787109375,609.706787109375,609.706787109375,0.0
2025-12-22 09:15:00,613.6599731445312,613.6699829101562,609.9500122070312,611.260009765625,611.260009765625,521334.0
2025-12-23 09:15:00,613.9600219726562,613.9600219726562,609.469970703125,610.6400146484375,610.6400146484375,377597.0
2025-12-24 09:15:00,610.6500244140625,613.0,609.469970703125,610.1799926757812,610.1799926757812,515146.0
2025-12-26 09:15:00,610.0,611.97998046875,608.0,608.2899780273438,608.2899780273438,225408.0
2025-12-29 09:15:00,607.0,611.8800048828125,606.2999877929688,607.3499755859375,607.3499755859375,573417.0
2025-12-30 09:15:00,608.97998046875,612.2999877929688,605.75,611.5599975585938,611.5599975585938,1004739.0
2025-12-31 09:15:00,610.010009765625,616.510009765625,610.010009765625,615.1799926757812,615.1799926757812,1209354.0
2026-01-01 09:15:00,617.989990234375,617.989990234375,613.4600219726562,615.2899780273438,615.2899780273438,314736.0
2026-01-02 09:15:00,617.989990234375,621.3900146484375,615.280029296875,619.9099731445312,619.9099731445312,879504.0
2026-01-05 09:15:00,623.97998046875,623.97998046875,617.010009765625,619.219970703125,619.219970703125,805448.0
2026-01-06 09:15:00,621.9400024414062,621.9400024414062,616.8099975585938,619.9299926757812,619.9299926757812,559186.0
2026-01-07 09:15:00,619.9299926757812,621.6500244140625,617.0,618.969970703125,618.969970703125,477341.0
2026-01-08 09:15:00,619.97998046875,620.1099853515625,615.0,616.5599975585938,616.5599975585938,542515.0
2026-01-09 09:15:00,616.5599975585938,617.1199951171875,610.52001953125,611.8300170898438,611.8300170898438,1437563.0
2026-01-12 09:15:00,614.97998046875,614.97998046875,608.2000122070312,613.5800170898438,613.5800170898438,682740.0
2026-01-13 09:15:00,616.969970703125,617.3499755859375,611.7000122070312,614.5700073242188,614.5700073242188,280366.0
2026-01-14 09:15:00,615.02001953125,616.1300048828125,611.8400268554688,614.510009765625,614.510009765625,313115.0
2026-01-15 09:00:00,614.510009765625,614.510009765625,614.510009765625,614.510009765625,614.510009765625,0.0
2026-01-16 09:15:00,614.989990234375,620.3200073242188,614.989990234375,619.9199829101562,619.9199829101562,788117.0
2026-01-19 09:15:00,619.989990234375,620.0,614.8300170898438,617.219970703125,617.219970703125,606959.0
2026-01-20 09:15:00,619.989990234375,619.989990234375,611.0,612.1699829101562,612.1699829101562,533357.0
2026-01-21 09:15:00,624.530029296875,624.530029296875,600.9600219726562,606.1599731445312,606.1599731445312,818411.0
2026-01-22 09:15:00,609.2000122070312,613.9000244140625,606.8200073242188,610.969970703125,610.969970703125,384658.0
2026-01-23 09:15:00,614.75,614.75,602.0,603.3499755859375,603.3499755859375,486879.0
2026-01-27 09:15:00,603.3599853515625,612.9000244140625,600.0,611.1099853515625,611.1099853515625,919146.0
2026-01-28 09:15:00,612.3800048828125,615.239990234375,610.9099731445312,614.1400146484375,614.1400146484375,537577.0
2026-01-29 09:15:00,615.77001953125,618.739990234375,611.02001953125,617.9199829101562,617.9199829101562,644015.0
2026-01-30 09:15:00,617.9199829101562,617.9199829101562,613.510009765625,615.72998046875,615.72998046875,463504.0
2026-02-02 09:15:00,606.75,606.9099731445312,598.0,604.47998046875,604.47998046875,595608.0
2026-02-03 09:15:00,627.27001953125,637.1300048828125,610.010009765625,619.5499877929688,619.5499877929688,1484832.0
2026-02-04 09:15:00,619.5399780273438,622.3499755859375,618.1400146484375,620.9500122070312,620.9500122070312,411981.0
2026-02-05 09:15:00,620.9400024414062,624.0499877929688,618.5,620.5499877929688,620.5499877929688,514054.0
2026-02-06 09:15:00,620.5499877929688,620.5499877929688,616.0999755859375,619.7899780273438,619.7899780273438,286545.0
2026-02-09 09:15:00,624.0800170898438,627.3200073242188,622.3300170898438,625.280029296875,625.280029296875,444524.0
2026-02-10 09:15:00,625.989990234375,627.0,623.8400268554688,626.1500244140625,626.1500244140625,455207.0
2026-02-11 09:15:00,628.97998046875,628.989990234375,623.6300048828125,627.6699829101562,627.6699829101562,316763.0
2026-02-12 09:15:00,628.989990234375,628.989990234375,624.6699829101562,627.8699951171875,627.8699951171875,574853.0
2026-02-13 09:15:00,624.5999755859375,626.7000122070312,620.5,622.4500122070312,622.4500122070312,448414.0
2026-02-16 09:15:00,621.0,629.5,617.3699951171875,628.6099853515625,628.6099853515625,343518.0
2026-02-17 09:15:00,625.0,631.5,625.0,631.25,631.25,504620.0
2026-02-18 09:15:00,632.0,636.3099975585938,627.010009765625,635.8599853515625,635.8599853515625,997414.0
2026-02-19 09:15:00,638.989990234375,638.989990234375,625.1300048828125,626.3400268554688,626.3400268554688,721811.0
2026-02-20 09:15:00,628.97998046875,633.0,625.1400146484375,631.219970703125,631.219970703125,394853.0
2026-02-23 09:15:00,630.010009765625,634.0,630.0,631.5999755859375,631.5999755859375,353339.0
2026-02-24 09:15:00,634.989990234375,634.989990234375,627.5,629.9600219726562,629.9600219726562,400374.0
2026-02-25 09:15:00,629.0,632.1599731445312,627.5,629.489990234375,629.489990234375,285891.0
2026-02-26 09:15:00,634.1199951171875,634.77001953125,627.9000244140625,630.3499755859375,630.3499755859375,441561.0
2026-02-27 09:15:00,630.0,632.6300048828125,623.02001953125,623.969970703125,623.969970703125,903162.0
2026-03-02 09:15:00,608.3699951171875,620.77001953125,608.3699951171875,617.719970703125,617.719970703125,754045.0
2026-03-04 09:15:00,610.0,610.4199829101562,603.010009765625,606.3200073242188,606.3200073242188,1432837.0
2026-03-05 09:15:00,606.2899780273438,611.75,604.010009765625,608.6300048828125,608.6300048828125,733927.0
2026-03-06 09:15:00,605.6300048828125,606.3800048828125,596.0,597.239990234375,597.239990234375,1360994.0
2026-03-09 09:15:00,589.0,592.989990234375,571.4199829101562,579.4000244140625,579.4000244140625,2351189.0
2026-03-10 09:15:00,587.97998046875,589.6699829101562,582.4099731445312,588.52001953125,588.52001953125,1043203.0
2026-03-11 09:15:00,589.989990234375,589.989990234375,574.7999877929688,576.1300048828125,576.1300048828125,1072365.0
2026-03-12 09:15:00,575.0,575.0,565.3699951171875,569.239990234375,569.239990234375,1313838.0
2026-03-13 09:15:00,568.989990234375,568.989990234375,554.9000244140625,555.7000122070312,555.7000122070312,2244654.0
2026-03-16 09:15:00,558.989990234375,564.1799926757812,550.2999877929688,561.9099731445312,561.9099731445312,1608403.0
2026-03-17 09:15:00,570.0,570.0,559.010009765625,566.8599853515625,566.8599853515625,1040007.0
2026-03-18 09:15:00,567.5,572.5,564.6199951171875,569.4500122070312,569.4500122070312,1265063.0
2026-03-19 09:15:00,562.9000244140625,562.9099731445312,549.0,551.7100219726562,551.7100219726562,3357542.0
2026-03-20 09:15:00,556.97998046875,560.7899780273438,550.0,550.8599853515625,550.8599853515625,1208466.0
2026-03-23 09:15:00,550.530029296875,550.530029296875,530.4600219726562,531.6699829101562,531.6699829101562,2367381.0
2026-03-24 09:15:00,544.969970703125,546.0,535.0,543.0399780273438,543.0399780273438,1618328.0
2026-03-25 09:15:00,548.97998046875,557.9000244140625,544.010009765625,553.2899780273438,553.2899780273438,1861782.0
2026-03-27 09:15:00,552.2999877929688,553.97998046875,539.030029296875,540.27001953125,540.27001953125,1301508.0
2026-03-30 09:15:00,537.9500122070312,537.9500122070312,520.0,520.9000244140625,520.9000244140625,2693476.0
2026-04-01 09:15:00,530.0,537.0,528.1699829101562,533.4199829101562,533.4199829101562,1536840.0
2026-04-02 09:15:00,527.5,534.1900024414062,515.97998046875,532.4299926757812,532.4299926757812,1938226.0
2026-04-06 09:15:00,536.5,544.6699829101562,528.3099975585938,543.3499755859375,543.3499755859375,1452144.0
2026-04-07 09:15:00,555.0,555.0,535.6400146484375,543.9600219726562,543.9600219726562,1262464.0
2026-04-08 09:15:00,553.0,577.719970703125,551.989990234375,575.7100219726562,575.7100219726562,3264703.0
2026-04-09 09:15:00,577.0,577.0,564.0,566.3099975585938,566.3099975585938,1812091.0
2026-04-10 09:15:00,572.8800048828125,576.989990234375,567.9099731445312,575.9600219726562,575.9600219726562,1289033.0
2026-04-13 09:15:00,572.0900268554688,574.6300048828125,561.1699829101562,572.7899780273438,572.7899780273438,1867423.0
2026-04-15 09:15:00,575.0,585.0,575.0,579.7899780273438,579.7899780273438,1535250.0
2026-04-16 09:15:00,585.0,585.0,575.8699951171875,577.5800170898438,577.5800170898438,1608399.0
2026-04-17 09:15:00,578.0,583.22998046875,575.8900146484375,582.8499755859375,582.8499755859375,877163.0
2026-04-20 09:15:00,583.2100219726562,587.7000122070312,581.0399780273438,582.72998046875,582.72998046875,1228617.0
2026-04-21 09:15:00,582.72998046875,591.6699829101562,582.72998046875,591.0599975585938,591.0599975585938,1233619.0
2026-04-22 09:15:00,590.27001953125,592.0,587.5,589.0,589.0,689159.0
2026-04-23 09:15:00,586.010009765625,586.9000244140625,580.1500244140625,581.3300170898438,581.3300170898438,1049350.0
2026-04-24 09:15:00,583.97998046875,583.97998046875,575.280029296875,578.75,578.75,686909.0
2026-04-27 09:15:00,581.989990234375,582.4500122070312,577.1500244140625,579.97998046875,579.97998046875,598544.0
2026-04-28 09:15:00,580.0999755859375,580.0999755859375,570.5999755859375,571.9500122070312,571.9500122070312,918147.0
2026-04-29 09:15:00,579.7999877929688,579.7999877929688,570.010009765625,571.5399780273438,571.5399780273438,700989.0
2026-04-30 09:15:00,570.4500122070312,570.4500122070312,562.7999877929688,567.0,567.0,1095209.0
2026-05-01 09:15:00,567.0,567.0,567.0,567.0,567.0,0.0
2026-05-04 09:15:00,570.5,573.9000244140625,563.760009765625,565.2999877929688,565.2999877929688,1494189.0
2026-05-05 09:15:00,565.7899780273438,565.969970703125,559.25,562.8099975585938,562.8099975585938,941150.0
2026-05-06 09:15:00,569.9600219726562,579.25,563.0,577.5,577.5,1327294.0
2026-05-07 09:15:00,581.77001953125,581.77001953125,574.5900268554688,577.6599731445312,577.6599731445312,804635.0
2026-05-08 09:15:00,577.4400024414062,577.4400024414062,568.5999755859375,570.989990234375,570.989990234375,1427240.0
2026-05-11 09:15:00,568.9299926757812,568.9299926757812,561.6199951171875,562.3099975585938,562.3099975585938,1443462.0
2026-05-12 09:15:00,562.3200073242188,562.3200073242188,552.0999755859375,552.989990234375,552.989990234375,1285581.0
2026-05-13 09:15:00,555.3400268554688,558.530029296875,549.3300170898438,552.1400146484375,552.1400146484375,1183858.0
2026-05-14 09:15:00,552.1500244140625,561.719970703125,549.2000122070312,558.6900024414062,558.6900024414062,1451191.0
2026-05-15 09:15:00,561.989990234375,561.989990234375,552.6400146484375,553.6099853515625,553.6099853515625,1220561.0
2026-05-18 09:15:00,552.5700073242188,554.47998046875,545.9500122070312,553.3499755859375,553.3499755859375,1219631.0
2026-05-19 09:15:00,554.0,555.6500244140625,551.030029296875,552.1699829101562,552.1699829101562,945380.0
2026-05-20 09:15:00,546.010009765625,554.0900268554688,546.010009765625,553.1300048828125,553.1300048828125,1427531.0
2026-05-21 09:15:00,557.010009765625,559.530029296875,548.8499755859375,552.4000244140625,552.4000244140625,1398195.0
2026-05-22 09:15:00,552.8499755859375,561.0,552.4000244140625,559.6199951171875,559.6199951171875,1543732.0
2026-05-25 09:15:00,563.2899780273438,572.4000244140625,562.4299926757812,571.02001953125,571.02001953125,1585802.0
2026-05-26 09:15:00,573.989990234375,573.989990234375,568.010009765625,569.0499877929688,569.0499877929688,847937.0
2026-05-27 09:15:00,570.4500122070312,571.1699829101562,566.1099853515625,567.3200073242188,567.3200073242188,617977.0
2026-05-28 09:15:00,567.3200073242188,567.3200073242188,567.3200073242188,567.3200073242188,567.3200073242188,0.0
2026-05-29 09:15:00,569.0800170898438,569.7000122070312,560.1799926757812,561.3200073242188,561.3200073242188,1559135.0
2026-06-01 09:15:00,561.3300170898438,565.02001953125,551.6699829101562,553.510009765625,553.510009765625,2173435.0
2026-06-02 09:15:00,552.7999877929688,557.8200073242188,548.1400146484375,555.9099731445312,555.9099731445312,1250063.0
2026-06-03 09:15:00,556.1500244140625,561.0,548.25,559.6699829101562,559.6699829101562,1466358.0
2026-06-04 09:15:00,559.6699829101562,563.1500244140625,554.52001953125,561.27001953125,561.27001953125,1701573.0
2026-06-05 09:15:00,562.0,566.1900024414062,559.5,563.0800170898438,563.0800170898438,1021395.0
2026-06-08 09:15:00,560.9000244140625,562.4000244140625,555.3099975585938,558.7100219726562,558.7100219726562,1212174.0
2026-06-09 09:15:00,562.0,570.2000122070312,558.9199829101562,569.2999877929688,569.2999877929688,1172516.0
2026-06-10 09:15:00,569.2899780273438,572.5999755859375,566.739990234375,567.989990234375,567.989990234375,1007861.0
2026-06-11 09:15:00,564.989990234375,573.2000122070312,564.010009765625,569.239990234375,569.239990234375,1050078.0
2026-06-12 09:15:00,575.6300048828125,586.0999755859375,574.02001953125,585.4199829101562,585.4199829101562,1709650.0
2026-06-15 09:15:00,592.5599975585938,597.9000244140625,587.7000122070312,589.6799926757812,589.6799926757812,2717235.0
2026-06-16 09:15:00,591.0,595.0,588.260009765625,590.6199951171875,590.6199951171875,1475931.0
2026-06-17 09:15:00,590.6099853515625,594.97998046875,590.280029296875,593.6599731445312,593.6599731445312,1323314.0
2026-06-18 09:15:00,593.5,598.030029296875,592.7999877929688,597.77001953125,597.77001953125,1158552.0
2026-06-19 09:15:00,597.489990234375,597.8200073242188,582.0,597.3200073242188,597.3200073242188,834824.0
2026-06-22 09:15:00,598.0,599.7999877929688,597.4600219726562,598.9600219726562,598.9600219726562,590476.0
2026-06-23 09:15:00,598.9600219726562,600.0,591.010009765625,592.52001953125,592.52001953125,1047702.0
2026-06-24 09:15:00,591.510009765625,603.2000122070312,591.3300170898438,602.280029296875,602.280029296875,1207783.0
2026-06-25 09:15:00,603.739990234375,607.25,601.489990234375,601.9199829101562,601.9199829101562,935851.0
2026-06-26 09:15:00,601.9199829101562,601.9199829101562,601.9199829101562,601.9199829101562,601.9199829101562,0.0
2026-06-29 09:15:00,603.0,604.989990234375,595.8099975585938,598.0,598.0,1282695.0
2026-06-30 09:15:00,627.9000244140625,627.9000244140625,595.0999755859375,596.3699951171875,596.3699951171875,579530.0
2026-07-01 09:15:00,596.3699951171875,602.239990234375,594.280029296875,601.5700073242188,601.5700073242188,1049963.0
2026-07-02 09:15:00,604.0,605.1500244140625,597.010009765625,600.0700073242188,600.0700073242188,1545926.0
2026-07-03 09:15:00,600.7000122070312,607.989990234375,599.010009765625,600.1199951171875,600.1199951171875,567162.0
2026-07-06 09:15:00,600.760009765625,605.9000244140625,598.489990234375,603.0399780273438,603.0399780273438,1274797.0
2026-07-07 09:15:00,604.0800170898438,607.969970703125,602.5499877929688,603.4099731445312,603.4099731445312,840022.0
2026-07-08 09:15:00,602.989990234375,602.989990234375,585.8499755859375,587.6699829101562,587.6699829101562,1853107.0
2026-07-09 09:15:00,589.9400024414062,594.8900146484375,587.760009765625,592.5599975585938,592.5599975585938,970313.0
2026-07-10 09:15:00,594.280029296875,601.9500122070312,594.280029296875,600.1699829101562,600.1699829101562,799407.0
2026-07-13 09:15:00,599.97998046875,601.739990234375,595.0,600.739990234375,600.739990234375,928979.0
2026-07-14 09:15:00,600.0,600.0,592.7999877929688,594.1799926757812,594.1799926757812,1194431.0
2026-07-15 09:15:00,594.3200073242188,601.0,594.3200073242188,597.5700073242188,597.5700073242188,784482.0
2026-07-16 09:15:00,600.989990234375,600.989990234375,595.010009765625,597.0900268554688,597.0900268554688,726755.0
2026-07-17 09:15:00,597.4400024414062,605.989990234375,595.1699829101562,604.9000244140625,604.9000244140625,969539.0
2026-07-20 09:15:00,599.5900268554688,603.8800048828125,595.0,600.2100219726562,600.2100219726562,1266129.0
2026-07-21 09:15:00,599.5,602.5,598.52001953125,599.5499877929688,599.5499877929688,779883.0
2026-07-22 09:15:00,599.489990234375,599.5,590.8900146484375,592.239990234375,592.239990234375,984531.0
2026-07-23 09:15:00,590.5800170898438,591.030029296875,584.6199951171875,586.719970703125,586.719970703125,729317.0
2026-07-24 09:15:00,586.5,588.969970703125,581.0,587.760009765625,587.760009765625,840506.0
2026-07-27 09:15:00,590.0,594.0,588.0999755859375,591.4400024414062,591.4400024414062,631908.0
2026-07-28 09:15:00,592.8699951171875,592.8699951171875,586.9099731445312,587.5399780273438,587.5399780273438,646995.0
2026-07-29 09:15:00,589.2999877929688,592.7000122070312,589.25,591.739990234375,591.739990234375,398246.0
2026-07-30 09:15:00,594.0,594.0,587.6500244140625,591.0800170898438,591.0800170898438,435483.0
2026-07-31 09:15:00,594.989990234375,595.989990234375,591.5,592.260009765625,592.260009765625,375779.0
2026-08-03 09:15:00,592.260009765625,599.0,592.2100219726562,597.3400268554688,597.3400268554688,1031006.0
2026-08-04 09:15:00,597.3499755859375,599.989990234375,594.5,595.760009765625,595.760009765625,508335.0
2026-08-05 09:15:00,596.4500122070312,600.3900146484375,595.0,596.3099975585938,596.3099975585938,725927.0
2026-08-06 09:15:00,596.3099975585938,601.0,595.0,600.1599731445312,600.1599731445312,783588.0
2026-08-07 09:15:00,599.8599853515625,600.4299926757812,596.489990234375,598.780029296875,598.780029296875,416499.0
2026-08-10 09:15:00,598.989990234375,601.239990234375,595.010009765625,596.77001953125,596.77001953125,672955.0
2026-08-11 09:15:00,596.77001953125,598.969970703125,592.5,594.8699951171875,594.8699951171875,464724.0
2026-08-12 09:15:00,594.8599853515625,599.8300170898438,592.3099975585938,599.010009765625,599.010009765625,701165.0
2026-08-13 09:15:00,598.5,599.0599975585938,596.4299926757812,597.969970703125,597.969970703125,313043.0
2026-08-14 09:15:00,592.010009765625,598.6300048828125,592.010009765625,596.3699951171875,596.3699951171875,309671.0
2026-08-17 09:15:00,596.0,599.239990234375,592.6500244140625,598.4199829101562,598.4199829101562,753459.0
2026-08-18 09:15:00,597.030029296875,597.47998046875,593.239990234375,594.8599853515625,594.8599853515625,535231.0
2026-08-19 09:15:00,594.6500244140625,597.989990234375,591.719970703125,593.260009765625,593.260009765625,360616.0
2026-08-20 09:15:00,594.0,598.27001953125,593.6500244140625,596.0599975585938,596.0599975585938,482011.0
2026-08-21 09:15:00,597.8400268554688,598.739990234375,595.4600219726562,597.760009765625,597.760009765625,531158.0
2026-08-24 09:15:00,594.75,599.2999877929688,580.0,594.7000122070312,594.7000122070312,536378.0
2026-08-25 09:15:00,597.97998046875,597.989990234375,593.010009765625,595.0700073242188,595.0700073242188,557898.0
2026-08-26 09:15:00,599.989990234375,600.8400268554688,596.0499877929688,599.5700073242188,599.5700073242188,955380.0
2026-08-27 09:15:00,599.989990234375,601.0,596.4500122070312,596.7899780273438,596.7899780273438,493847.0
2026-08-28 09:15:00,597.75,598.0,594.0499877929688,596.0599975585938,596.0599975585938,526937.0
2026-08-31 09:15:00,596.0,607.97998046875,593.0,595.5800170898438,595.5800170898438,330803.0
2026-09-01 09:15:00,598.0,598.6199951171875,592.5,593.7899780273438,593.7899780273438,462594.0
2026-09-02 09:15:00,593.47998046875,593.6900024414062,590.1599731445312,592.760009765625,592.760009765625,1045041.0
2026-09-03 09:15:00,594.0599975585938,598.2999877929688,594.0599975585938,596.02001953125,596.02001953125,612190.0
2026-09-04 09:15:00,599.0,599.0,595.030029296875,596.2000122070312,596.2000122070312,345232.0
2026-09-07 09:15:00,598.0,598.0,590.4000244140625,591.5800170898438,591.5800170898438,929935.0
2026-09-08 09:15:00,593.7000122070312,593.77001953125,588.2999877929688,589.0900268554688,589.0900268554688,329432.0
2026-09-09 09:15:00,587.97998046875,588.4500122070312,585.0,585.8699951171875,585.8699951171875,552845.0
2026-09-10 09:15:00,585.8699951171875,586.8300170898438,582.9400024414062,583.52001953125,583.52001953125,393692.0
2026-09-11 09:15:00,583.1300048828125,587.5,578.22998046875,586.3499755859375,586.3499755859375,931482.0
2026-09-14 09:15:00,586.3499755859375,586.3499755859375,586.3499755859375,586.3499755859375,586.3499755859375,0.0
2026-09-15 09:15:00,601.0,601.0,578.1799926757812,579.3300170898438,579.3300170898438,533936.0
2026-09-16 09:15:00,583.8400268554688,584.3400268554688,578.8400268554688,582.6799926757812,582.6799926757812,324940.0
2026-09-17 09:15:00,583.989990234375,586.0,580.52001953125,581.6400146484375,581.6400146484375,514509.0
2026-09-18 09:15:00,583.0,584.8900146484375,581.780029296875,583.5800170898438,583.5800170898438,369452.0
2026-09-21 09:15:00,575.2999877929688,586.5,575.2999877929688,585.2899780273438,585.2899780273438,362471.0
2026-09-22 09:15:00,587.9099731445312,587.9099731445312,582.010009765625,583.52001953125,583.52001953125,477077.0
2026-09-23 09:15:00,583.52001953125,586.7000122070312,581.010009765625,585.5700073242188,585.5700073242188,251472.0
2026-09-24 09:15:00,586.0,586.0,570.9299926757812,575.8800048828125,575.8800048828125,806404.0
2026-09-25 09:15:00,578.760009765625,579.510009765625,574.75,576.3300170898438,576.3300170898438,392719.0
2026-09-28 09:15:00,573.4000244140625,576.52001953125,564.7999877929688,565.3200073242188,565.3200073242188,778449.0
2026-09-29 09:15:00,568.1500244140625,568.1500244140625,558.3099975585938,564.4199829101562,564.4199829101562,800119.0
2026-09-30 09:15:00,567.239990234375,571.5,563.97998046875,567.4199829101562,567.4199829101562,414243.0
