Date,NIFTYBEES,BANKBEES,JUNIORBEES,MID150BEES,ITBEES,PHARMABEES,AUTOBEES,INFRABEES,GOLDBEES,SILVERBEES
2022-03-02 09:15:00,180.10000610351562,356.3800048828125,420.1000061035156,,34.599998474121094,12.760000228881836,105.29879760742188,498.19000244140625,44.38999938964844,67.08999633789062
2022-03-03 09:15:00,178.86000061035156,350.75,421.239990234375,,34.970001220703125,12.729999542236328,102.908203125,496.0199890136719,44.400001525878906,67.4800033569336
2022-03-04 09:15:00,176.25999450683594,346.739990234375,410.2900085449219,,34.9900016784668,12.670000076293945,99.26809692382812,486.6199951171875,44.650001525878906,67.5199966430664
2022-03-07 09:15:00,172.3300018310547,332.4200134277344,403.9700012207031,,34.939998626708984,12.569999694824219,95.11070251464844,489.3599853515625,46.0,70.37000274658203
2022-03-08 09:15:00,173.39999389648438,334.1600036621094,405.75,,35.7599983215332,12.880000114440918,95.90470123291016,482.6400146484375,45.93000030517578,70.55999755859375
2022-03-09 09:15:00,176.97999572753906,341.05999755859375,412.4100036621094,,36.310001373291016,13.15999984741211,98.6240005493164,491.1499938964844,45.65999984741211,70.6500015258789
2022-03-10 09:15:00,179.64999389648438,347.0899963378906,418.4700012207031,,36.279998779296875,13.149999618530273,100.4906005859375,497.95001220703125,44.79999923706055,68.5
2022-03-11 09:15:00,179.97999572753906,347.75,420.6199951171875,,36.099998474121094,13.449999809265137,100.09329986572266,499.17999267578125,45.279998779296875,69.47000122070312
2022-03-14 09:15:00,182.61000061035156,354.8399963378906,421.05999755859375,,36.75,13.449999809265137,101.03600311279297,500.4599914550781,44.63999938964844,68.48999786376953
2022-03-15 09:15:00,180.60000610351562,351.8599853515625,416.82000732421875,,36.0099983215332,13.399999618530273,101.60449981689453,493.989990234375,44.33000183105469,66.95999908447266
2022-03-16 09:15:00,183.66000366210938,359.489990234375,426.20001220703125,,36.45000076293945,13.420000076293945,103.78900146484375,502.760009765625,44.22999954223633,67.13999938964844
2022-03-17 09:15:00,186.7100067138672,366.07000732421875,431.25,,36.529998779296875,13.630000114440918,106.04499816894531,514.0399780273438,44.22999954223633,67.55000305175781
2022-03-21 09:15:00,185.3800048828125,362.8800048828125,427.5899963378906,,36.290000915527344,13.640000343322754,104.76920318603516,503.5400085449219,44.13999938964844,67.3499984741211
2022-03-22 09:15:00,187.33999633789062,365.95001220703125,427.760009765625,,36.84000015258789,13.5600004196167,106.01180267333984,508.6400146484375,44.31999969482422,67.47000122070312
2022-03-23 09:15:00,186.33999633789062,363.3800048828125,428.67999267578125,,36.900001525878906,13.6899995803833,104.91809844970703,509.30999755859375,44.41999816894531,67.33999633789062
2022-03-24 09:15:00,186.08999633789062,358.20001220703125,429.79998779296875,,37.310001373291016,13.770000457763672,104.408203125,512.1099853515625,44.58000183105469,67.5199966430664
2022-03-25 09:15:00,185.82000732421875,356.8999938964844,428.7300109863281,,36.95000076293945,13.680000305175781,103.84380340576172,511.25,44.790000915527344,68.5999984741211
2022-03-28 09:15:00,186.32000732421875,359.75,428.2799987792969,,36.91999816894531,13.630000114440918,104.51609802246094,513.3599853515625,44.4900016784668,67.3499984741211
2022-03-29 09:15:00,187.22000122070312,360.8800048828125,430.32000732421875,,36.939998626708984,13.829999923706055,104.4625015258789,517.5399780273438,44.18000030517578,66.38999938964844
2022-03-30 09:15:00,188.91000366210938,364.989990234375,432.9700012207031,,37.290000915527344,13.800000190734863,105.76339721679688,521.7999877929688,44.11000061035156,66.6500015258789
2022-03-31 09:15:00,188.8699951171875,365.510009765625,434.1300048828125,,37.2400016784668,13.680000305175781,105.86229705810547,522.02001953125,44.119998931884766,66.30000305175781
2022-04-01 09:15:00,190.47000122070312,372.8500061035156,438.2699890136719,,37.209999084472656,13.670000076293945,107.11080169677734,527.3499755859375,44.56999969482422,66.72000122070312
2022-04-04 09:15:00,195.19000244140625,387.7900085449219,447.9100036621094,,37.310001373291016,13.829999923706055,108.38020324707031,535.5999755859375,44.220001220703125,66.54000091552734
2022-04-05 09:15:00,194.5500030517578,383.1199951171875,451.239990234375,,37.380001068115234,13.880000114440918,109.7072982788086,538.989990234375,44.310001373291016,66.1500015258789
2022-04-06 09:15:00,193.0,379.1300048828125,452.29998779296875,,36.720001220703125,13.84000015258789,109.40959930419922,545.0700073242188,44.4900016784668,65.9800033569336
2022-04-07 09:15:00,191.25999450683594,378.55999755859375,451.19000244140625,,36.31999969482422,13.869999885559082,108.5468978881836,535.02001953125,44.63999938964844,66.04000091552734
2022-04-08 09:15:00,192.75999450683594,380.489990234375,458.29998779296875,,36.31999969482422,13.819999694824219,109.283203125,543.8400268554688,44.65999984741211,66.4800033569336
2022-04-11 09:15:00,191.6699981689453,378.5299987792969,463.5299987792969,,35.79999923706055,13.84000015258789,109.1594009399414,542.8599853515625,45.220001220703125,67.3499984741211
2022-04-12 09:15:00,190.4199981689453,379.82000732421875,456.0400085449219,,35.25,13.800000190734863,108.22509765625,534.0599975585938,45.20000076293945,67.4000015258789
2022-04-13 09:15:00,189.5399932861328,376.9599914550781,458.6700134277344,,35.099998474121094,13.890000343322754,107.3187026977539,533.4099731445312,45.72999954223633,69.0
2022-04-18 09:15:00,186.22999572753906,370.45001220703125,455.5799865722656,,33.630001068115234,13.770000457763672,107.79049682617188,533.8200073242188,46.189998626708984,69.62000274658203
2022-04-19 09:15:00,183.67999267578125,365.57000732421875,448.989990234375,,32.59000015258789,13.649999618530273,106.48290252685547,530.530029296875,45.97999954223633,69.5999984741211
2022-04-20 09:15:00,185.86000061035156,365.8299865722656,450.2200012207031,,32.869998931884766,13.770000457763672,108.82009887695312,538.010009765625,45.220001220703125,68.05999755859375
2022-04-21 09:15:00,188.10000610351562,370.6400146484375,455.30999755859375,,33.43000030517578,13.890000343322754,111.23989868164062,544.4600219726562,45.209999084472656,67.45999908447266
2022-04-22 09:15:00,186.08999633789062,363.3599853515625,453.1499938964844,,33.25,13.649999618530273,110.61499786376953,540.3900146484375,45.33000183105469,66.33000183105469
2022-04-25 09:15:00,183.86000061035156,363.4100036621094,443.7799987792969,,32.56999969482422,13.40999984741211,109.49479675292969,531.5900268554688,44.900001525878906,65.30999755859375
2022-04-26 09:15:00,186.11000061035156,366.29998779296875,453.7699890136719,,32.529998779296875,13.539999961853027,112.55290222167969,539.8900146484375,44.63999938964844,65.41999816894531
2022-04-27 09:15:00,184.77999877929688,363.1099853515625,448.7200012207031,,32.380001068115234,13.399999618530273,111.9218978881836,535.0,44.43000030517578,64.9800033569336
2022-04-28 09:15:00,186.41000366210938,366.760009765625,453.57000732421875,,32.720001220703125,13.5,112.25440216064453,541.22998046875,44.33000183105469,64.25
2022-04-29 09:15:00,185.42999267578125,363.82000732421875,449.25,,32.45000076293945,13.579999923706055,111.11160278320312,537.0599975585938,44.790000915527344,64.56999969482422
2022-05-02 09:15:00,185.1199951171875,364.1099853515625,446.3900146484375,,31.969999313354492,13.5,109.70919799804688,533.47998046875,44.15999984741211,62.83000183105469
2022-05-04 09:15:00,181.0500030517578,355.55999755859375,434.4599914550781,,31.600000381469727,13.199999809265137,106.92960357666016,520.7100219726562,43.97999954223633,62.630001068115234
2022-05-05 09:15:00,181.00999450683594,354.5899963378906,435.44000244140625,,32.25,13.100000381469727,107.37660217285156,519.9600219726562,44.540000915527344,63.349998474121094
2022-05-06 09:15:00,177.94000244140625,348.5799865722656,425.8800048828125,,31.549999237060547,12.899999618530273,105.49949645996094,515.3499755859375,44.54999923706055,62.4900016784668
2022-05-09 09:15:00,176.9499969482422,345.4700012207031,418.70001220703125,,31.579999923706055,12.869999885559082,105.14779663085938,507.8699951171875,44.41999816894531,61.97999954223633
2022-05-10 09:15:00,176.16000366210938,346.6400146484375,408.989990234375,,31.200000762939453,12.670000076293945,105.03610229492188,501.2900085449219,44.2599983215332,61.63999938964844
2022-05-11 09:15:00,175.33999633789062,348.5,408.3900146484375,,30.8799991607666,12.630000114440918,104.08319854736328,498.69000244140625,44.060001373291016,61.36000061035156
2022-05-12 09:15:00,171.72000122070312,338.19000244140625,398.3399963378906,,30.639999389648438,12.489999771118164,101.94750213623047,488.9599914550781,44.02000045776367,59.9900016784668
2022-05-13 09:15:00,171.39999389648438,335.010009765625,395.9700012207031,,30.420000076293945,12.739999771118164,104.43489837646484,487.3800048828125,43.41999816894531,59.13999938964844
2022-05-16 09:15:00,172.1300048828125,338.79998779296875,401.3800048828125,,30.200000762939453,12.680000305175781,106.8053970336914,490.5400085449219,43.13999938964844,59.97999954223633
2022-05-17 09:15:00,176.44000244140625,345.6000061035156,410.4200134277344,,30.969999313354492,12.789999961853027,109.43009948730469,502.30999755859375,43.540000915527344,61.380001068115234
2022-05-18 09:15:00,176.0500030517578,345.1099853515625,412.5400085449219,,30.90999984741211,12.970000267028809,109.41110229492188,499.9200134277344,43.38999938964844,61.18000030517578
2022-05-19 09:15:00,171.6999969482422,336.4200134277344,401.3500061035156,,29.110000610351562,12.6899995803833,106.49079895019531,490.1600036621094,43.59000015258789,60.58000183105469
2022-05-20 09:15:00,175.9199981689453,345.2799987792969,406.25,,29.56999969482422,13.09000015258789,109.46089935302734,500.6600036621094,43.91999816894531,61.900001525878906
2022-05-23 09:15:00,175.52999877929688,345.0,403.9599914550781,,29.860000610351562,12.989999771118164,111.46859741210938,500.92999267578125,44.25,62.02000045776367
2022-05-24 09:15:00,175.08999633789062,345.42999267578125,400.4599914550781,,29.309999465942383,12.789999961853027,111.47949981689453,497.1700134277344,44.06999969482422,61.36000061035156
2022-05-25 09:15:00,174.1300048828125,346.6000061035156,393.8299865722656,,28.3799991607666,12.630000114440918,110.43000030517578,493.94000244140625,44.119998931884766,61.439998626708984
2022-05-26 09:15:00,175.57000732421875,354.0400085449219,398.0,,28.729999542236328,12.65999984741211,111.28739929199219,492.3800048828125,43.869998931884766,61.119998931884766
2022-05-27 09:15:00,177.10000610351562,359.0799865722656,400.6300048828125,,29.3700008392334,12.729999542236328,113.0197982788086,494.25,44.08000183105469,62.209999084472656
2022-05-30 09:15:00,180.42999267578125,361.42999267578125,410.57000732421875,,30.549999237060547,12.760000228881836,115.23400115966797,505.010009765625,43.97999954223633,61.790000915527344
2022-05-31 09:15:00,179.8699951171875,357.6199951171875,411.45001220703125,,30.6200008392334,12.699999809265137,116.18789672851562,509.17999267578125,43.95000076293945,61.33000183105469
2022-06-01 09:15:00,179.58999633789062,359.510009765625,407.6499938964844,,30.15999984741211,12.529999732971191,115.95030212402344,503.1300048828125,43.52000045776367,60.41999816894531
2022-06-02 09:15:00,180.67999267578125,359.489990234375,409.55999755859375,,30.739999771118164,12.569999694824219,115.23139953613281,506.7099914550781,43.97999954223633,61.61000061035156
2022-06-03 09:15:00,180.2100067138672,356.010009765625,403.9599914550781,,30.790000915527344,12.5,113.1355972290039,505.3699951171875,44.150001525878906,62.130001068115234
2022-06-06 09:15:00,180.14999389648438,356.4700012207031,402.6300048828125,,30.760000228881836,12.5,113.34230041503906,502.4200134277344,44.0,62.18000030517578
2022-06-07 09:15:00,178.55999755859375,353.3900146484375,399.3800048828125,,30.280000686645508,12.369999885559082,113.93199920654297,501.7200012207031,43.86000061035156,61.599998474121094
2022-06-08 09:15:00,178.0800018310547,352.6099853515625,399.010009765625,,30.3799991607666,12.390000343322754,114.13310241699219,497.2699890136719,43.880001068115234,61.709999084472656
2022-06-09 09:15:00,179.39999389648438,353.5799865722656,401.2900085449219,,30.610000610351562,12.5,114.4999008178711,502.8699951171875,43.95000076293945,61.560001373291016
2022-06-10 09:15:00,176.4600067138672,348.6099853515625,397.67999267578125,,30.059999465942383,12.489999771118164,114.24669647216797,498.510009765625,43.810001373291016,60.56999969482422
2022-06-13 09:15:00,171.8699951171875,338.3599853515625,389.30999755859375,,28.81999969482422,12.270000457763672,111.95559692382812,487.0199890136719,44.189998626708984,60.689998626708984
2022-06-14 09:15:00,171.3000030517578,337.1600036621094,390.3599853515625,,28.829999923706055,12.300000190734863,111.33910369873047,485.45001220703125,43.56999969482422,59.77000045776367
2022-06-15 09:15:00,171.10000610351562,336.54998779296875,391.2300109863281,,28.739999771118164,12.369999885559082,112.36689758300781,483.55999755859375,43.61000061035156,60.459999084472656
2022-06-16 09:15:00,167.55999755859375,329.4100036621094,383.17999267578125,,28.010000228881836,12.140000343322754,109.85980224609375,473.2900085449219,43.720001220703125,60.709999084472656
2022-06-17 09:15:00,166.8699951171875,330.739990234375,377.239990234375,,27.600000381469727,11.9399995803833,108.60050201416016,468.70001220703125,44.08000183105469,61.31999969482422
2022-06-20 09:15:00,167.30999755859375,329.989990234375,374.260009765625,,27.809999465942383,11.930000305175781,107.83499908447266,460.4200134277344,43.81999969482422,60.849998474121094
2022-06-21 09:15:00,170.25999450683594,335.2300109863281,382.739990234375,,28.690000534057617,12.140000343322754,110.03379821777344,472.80999755859375,43.779998779296875,60.90999984741211
2022-06-22 09:15:00,168.0800018310547,331.6400146484375,377.6300048828125,,28.3799991607666,12.0,109.10369873046875,465.8500061035156,43.68000030517578,60.290000915527344
2022-06-23 09:15:00,169.7100067138672,334.7699890136719,380.6099853515625,,28.979999542236328,12.149999618530273,113.8936996459961,467.0,43.7599983215332,60.04999923706055
2022-06-24 09:15:00,171.16000366210938,339.69000244140625,386.6600036621094,,28.639999389648438,12.25,116.14209747314453,470.8299865722656,43.65999984741211,59.33000183105469
2022-06-27 09:15:00,172.6199951171875,341.3999938964844,389.9800109863281,,29.219999313354492,12.319999694824219,117.17019653320312,476.5799865722656,43.869998931884766,60.58000183105469
2022-06-28 09:15:00,172.64999389648438,339.8900146484375,390.44000244140625,,29.329999923706055,12.300000190734863,118.63880157470703,478.989990234375,43.79999923706055,60.36000061035156
2022-06-29 09:15:00,171.86000061035156,336.0899963378906,387.3800048828125,,29.010000228881836,12.270000457763672,118.818603515625,482.239990234375,43.7599983215332,59.29999923706055
2022-06-30 09:15:00,171.60000610351562,337.3399963378906,385.510009765625,,28.649999618530273,12.25,117.716796875,481.6300048828125,43.7599983215332,58.970001220703125
2022-07-01 09:15:00,171.63999938964844,339.30999755859375,390.17999267578125,,28.799999237060547,12.3100004196167,117.82379913330078,471.20001220703125,44.36000061035156,57.970001220703125
2022-07-04 09:15:00,172.6300048828125,342.739990234375,392.6400146484375,,28.709999084472656,12.3100004196167,117.6229019165039,474.3299865722656,44.68000030517578,58.0099983215332
2022-07-05 09:15:00,172.0399932861328,341.42999267578125,393.9800109863281,,28.56999969482422,12.3100004196167,117.19889831542969,475.1499938964844,44.79999923706055,58.2599983215332
2022-07-06 09:15:00,174.1199951171875,347.20001220703125,399.67999267578125,,28.8799991607666,12.40999984741211,120.22679901123047,476.010009765625,44.16999816894531,57.349998474121094
2022-07-07 09:15:00,175.5399932861328,352.9599914550781,404.4200134277344,,29.079999923706055,12.460000038146973,121.84739685058594,480.30999755859375,43.59000015258789,57.27000045776367
2022-07-08 09:15:00,176.27999877929688,354.6499938964844,405.25,,29.139999389648438,12.600000381469727,121.95269775390625,485.42999267578125,43.56999969482422,56.689998626708984
2022-07-11 09:15:00,176.22999572753906,358.739990234375,410.4599914550781,,28.299999237060547,12.609999656677246,123.23500061035156,484.70001220703125,43.560001373291016,56.79999923706055
2022-07-12 09:15:00,175.10000610351562,355.010009765625,409.4599914550781,,27.979999542236328,12.539999961853027,121.78070068359375,482.8500061035156,43.619998931884766,56.18000030517578
2022-07-13 09:15:00,174.05999755859375,352.3299865722656,409.9800109863281,,27.8700008392334,12.699999809265137,121.69969940185547,479.54998779296875,43.439998626708984,56.279998779296875
2022-07-14 09:15:00,173.92999267578125,351.0899963378906,408.3299865722656,,27.43000030517578,12.770000457763672,122.18949890136719,479.67999267578125,43.29999923706055,56.02000045776367
2022-07-15 09:15:00,175.02000427246094,351.05999755859375,411.5,,27.399999618530273,12.8100004196167,124.65609741210938,485.20001220703125,43.11000061035156,54.68000030517578
2022-07-18 09:15:00,177.38999938964844,357.54998779296875,416.010009765625,,28.25,12.779999732971191,125.12449645996094,489.6099853515625,43.54999923706055,55.90999984741211
2022-07-19 09:15:00,177.8800048828125,360.8399963378906,419.32000732421875,,28.260000228881836,12.760000228881836,126.42780303955078,494.4800109863281,43.38999938964844,55.58000183105469
2022-07-20 09:15:00,179.52999877929688,362.9700012207031,420.2099914550781,,29.049999237060547,12.789999961853027,126.154296875,496.94000244140625,43.38999938964844,55.61000061035156
2022-07-21 09:15:00,180.5399932861328,365.30999755859375,425.1499938964844,,29.31999969482422,12.739999771118164,126.8551025390625,497.6499938964844,43.029998779296875,54.38999938964844
2022-07-22 09:15:00,181.88999938964844,370.8999938964844,424.6300048828125,,29.190000534057617,12.670000076293945,127.38569641113281,501.8299865722656,43.689998626708984,55.16999816894531
2022-07-25 09:15:00,181.4600067138672,370.29998779296875,423.760009765625,,29.239999771118164,12.579999923706055,125.27320098876953,498.5899963378906,43.599998474121094,54.849998474121094
2022-07-26 09:15:00,179.91000366210938,367.7799987792969,418.3500061035156,,28.440000534057617,12.4399995803833,123.79789733886719,497.19000244140625,43.459999084472656,54.290000915527344
2022-07-27 09:15:00,181.60000610351562,372.2200012207031,420.8999938964844,,28.84000015258789,12.699999809265137,124.39820098876953,500.4599914550781,43.56999969482422,54.650001525878906
2022-07-28 09:15:00,184.17999267578125,377.0,425.8399963378906,,29.690000534057617,12.710000038146973,124.97059631347656,501.20001220703125,44.02000045776367,56.04999923706055
2022-07-29 09:15:00,186.5399932861328,378.0400085449219,432.1000061035156,,30.139999389648438,12.84000015258789,126.56919860839844,509.8399963378906,44.060001373291016,57.400001525878906
2022-08-01 09:15:00,188.6300048828125,382.5299987792969,437.5199890136719,,30.260000228881836,12.850000381469727,130.67739868164062,517.9500122070312,44.220001220703125,57.95000076293945
2022-08-02 09:15:00,188.6199951171875,384.2799987792969,439.3999938964844,,30.059999465942383,12.859999656677246,131.37930297851562,518.9099731445312,44.18000030517578,57.4900016784668
2022-08-03 09:15:00,189.11000061035156,383.3999938964844,437.7200012207031,,30.520000457763672,12.760000228881836,130.50050354003906,518.2100219726562,44.189998626708984,56.88999938964844
2022-08-04 09:15:00,189.1699981689453,380.8399963378906,440.0299987792969,,30.809999465942383,13.09000015258789,130.7637939453125,514.7100219726562,44.65999984741211,57.83000183105469
2022-08-05 09:15:00,189.25,382.739990234375,440.19000244140625,,31.030000686645508,13.050000190734863,129.34410095214844,516.1900024414062,44.720001220703125,57.369998931884766
2022-08-08 09:15:00,190.7899932861328,386.4599914550781,442.1499938964844,,30.979999542236328,13.029999732971191,130.58230590820312,518.0800170898438,44.619998931884766,57.689998626708984
2022-08-10 09:15:00,191.0399932861328,386.8399963378906,441.6300048828125,,30.709999084472656,13.029999732971191,130.8177032470703,519.8400268554688,44.869998931884766,58.36000061035156
2022-08-11 09:15:00,192.33999633789062,393.2200012207031,444.0899963378906,,31.270000457763672,13.140000343322754,130.5413055419922,519.5,44.90999984741211,58.47999954223633
2022-08-12 09:15:00,192.86000061035156,394.8999938964844,446.9800109863281,,30.989999771118164,12.989999771118164,130.60499572753906,522.5599975585938,45.0,58.119998931884766
2022-08-16 09:15:00,194.08999633789062,397.05999755859375,452.75,,31.010000228881836,13.050000190734863,133.87730407714844,528.2000122070312,44.650001525878906,57.66999816894531
2022-08-17 09:15:00,195.5500030517578,399.07000732421875,457.5400085449219,,31.34000015258789,13.09000015258789,133.31680297851562,529.739990234375,44.599998474121094,57.36000061035156
2022-08-18 09:15:00,195.7100067138672,401.1000061035156,460.8399963378906,,31.139999389648438,13.029999732971191,132.69070434570312,534.77001953125,44.54999923706055,56.90999984741211
2022-08-19 09:15:00,193.61000061035156,393.79998779296875,454.6199951171875,,31.100000381469727,12.920000076293945,130.82809448242188,532.1500244140625,44.41999816894531,55.66999816894531
2022-08-22 09:15:00,190.9499969482422,387.3800048828125,447.2099914550781,,30.5,12.729999542236328,128.30360412597656,523.1099853515625,43.9900016784668,54.90999984741211
2022-08-23 09:15:00,192.19000244140625,391.7200012207031,450.17999267578125,,30.0,12.779999732971191,130.6168975830078,527.4099731445312,44.150001525878906,55.119998931884766
2022-08-24 09:15:00,192.6300048828125,394.8699951171875,451.489990234375,,29.920000076293945,12.770000457763672,130.4918975830078,531.5800170898438,44.33000183105469,55.29999923706055
2022-08-25 09:15:00,191.77999877929688,394.260009765625,451.79998779296875,,29.700000762939453,12.739999771118164,130.13429260253906,529.2100219726562,44.63999938964844,55.83000183105469
2022-08-26 09:15:00,191.9199981689453,394.8500061035156,454.7699890136719,,29.770000457763672,12.729999542236328,130.64930725097656,533.489990234375,44.29999923706055,55.560001373291016
2022-08-29 09:15:00,189.44000244140625,387.7799987792969,452.92999267578125,,28.670000076293945,12.65999984741211,130.21719360351562,528.2000122070312,43.849998474121094,54.369998931884766
2022-08-30 09:15:00,193.9199981689453,399.95001220703125,462.17999267578125,,29.40999984741211,12.819999694824219,133.54660034179688,535.239990234375,43.900001525878906,54.36000061035156
2022-09-01 09:15:00,191.82000732421875,398.1099853515625,461.19000244140625,,28.920000076293945,12.6899995803833,134.03640747070312,530.6300048828125,43.349998474121094,52.27000045776367
2022-09-02 09:15:00,191.61000061035156,398.7699890136719,460.75,,28.780000686645508,12.609999656677246,133.57760620117188,531.0599975585938,43.369998931884766,52.7400016784668
2022-09-05 09:15:00,192.97999572753906,402.7900085449219,461.04998779296875,,28.860000610351562,12.6899995803833,133.8314971923828,535.0399780273438,43.540000915527344,53.41999816894531
2022-09-06 09:15:00,192.47999572753906,401.25,464.5899963378906,,28.770000457763672,12.710000038146973,133.62139892578125,538.97998046875,43.5,53.65999984741211
2022-09-07 09:15:00,192.3699951171875,399.2799987792969,466.010009765625,,28.899999618530273,12.800000190734863,132.08489990234375,540.0599975585938,43.40999984741211,53.2599983215332
2022-09-08 09:15:00,194.0,406.4700012207031,467.07000732421875,,29.1200008392334,12.8100004196167,132.87660217285156,545.4400024414062,43.599998474121094,54.0
2022-09-09 09:15:00,194.60000610351562,408.82000732421875,467.17999267578125,,29.799999237060547,12.829999923706055,133.5625,544.2899780273438,43.65999984741211,54.54999923706055
2022-09-12 09:15:00,195.63999938964844,410.2200012207031,472.0299987792969,,30.229999542236328,12.869999885559082,133.92739868164062,549.3699951171875,43.599998474121094,55.529998779296875
2022-09-13 09:15:00,196.9499969482422,412.9599914550781,475.239990234375,,30.209999084472656,12.880000114440918,134.00759887695312,553.3300170898438,43.5,56.7400016784668
2022-09-14 09:15:00,196.27000427246094,419.2900085449219,476.6700134277344,,29.209999084472656,12.819999694824219,133.58529663085938,551.9299926757812,43.18000030517578,56.189998626708984
2022-09-15 09:15:00,195.69000244140625,417.5299987792969,480.3800048828125,,28.790000915527344,12.649999618530273,134.52310180664062,554.469970703125,43.04999923706055,56.220001220703125
2022-09-16 09:15:00,191.89999389648438,412.3299865722656,467.1199951171875,,27.739999771118164,12.5,130.88949584960938,541.6900024414062,42.2599983215332,54.97999954223633
2022-09-19 09:15:00,192.75,413.3500061035156,468.1600036621094,,27.81999969482422,12.489999771118164,132.09100341796875,542.1500244140625,42.34000015258789,55.90999984741211
2022-09-20 09:15:00,194.44000244140625,419.07000732421875,472.489990234375,,28.040000915527344,12.890000343322754,134.27760314941406,548.2899780273438,42.4900016784668,55.97999954223633
2022-09-21 09:15:00,193.5,416.5199890136719,466.2699890136719,,27.850000381469727,12.710000038146973,133.5937042236328,535.97998046875,42.70000076293945,56.38999938964844
2022-09-22 09:15:00,192.9199981689453,411.6700134277344,468.1700134277344,,27.790000915527344,12.729999542236328,134.5720977783203,535.6900024414062,42.9900016784668,57.13999938964844
2022-09-23 09:15:00,189.63999938964844,401.5899963378906,459.95001220703125,,27.59000015258789,12.760000228881836,132.28469848632812,523.6500244140625,42.81999969482422,56.540000915527344
2022-09-26 09:15:00,186.2100067138672,391.5400085449219,447.5199890136719,,27.739999771118164,12.600000381469727,127.260498046875,510.1300048828125,42.63999938964844,55.2599983215332
2022-09-27 09:15:00,186.0500030517578,388.7200012207031,448.5400085449219,,27.989999771118164,12.739999771118164,126.61039733886719,513.4000244140625,42.41999816894531,55.040000915527344
2022-09-28 09:15:00,184.47000122070312,383.1700134277344,445.5,,28.059999465942383,12.789999961853027,126.68599700927734,508.05999755859375,42.29999923706055,54.02000045776367
2022-09-29 09:15:00,184.07000732421875,382.0199890136719,444.5299987792969,,27.850000381469727,13.020000457763672,126.27300262451172,508.70001220703125,42.900001525878906,55.43000030517578
2022-09-30 09:15:00,186.8300018310547,391.04998779296875,447.75,,27.940000534057617,13.09000015258789,128.30419921875,518.97998046875,43.15999984741211,56.119998931884766
2022-10-03 09:15:00,184.25,385.8800048828125,438.5400085449219,,27.709999084472656,13.279999732971191,125.7041015625,516.5900268554688,43.13999938964844,56.880001068115234
2022-10-04 09:15:00,188.2899932861328,395.5199890136719,448.8299865722656,,28.40999984741211,13.359999656677246,128.21339416503906,523.6799926757812,44.04999923706055,60.220001220703125
2022-10-06 09:15:00,188.94000244140625,397.32000732421875,452.2699890136719,,28.850000381469727,13.329999923706055,129.15789794921875,524.4600219726562,44.279998779296875,59.83000183105469
2022-10-07 09:15:00,189.19000244140625,396.3500061035156,451.55999755859375,,28.739999771118164,13.289999961853027,128.92979431152344,526.6900024414062,44.4900016784668,60.4900016784668
2022-10-10 09:15:00,188.75,395.5799865722656,447.1600036621094,,28.979999542236328,13.180000305175781,128.23980712890625,522.4199829101562,43.72999954223633,58.25
2022-10-11 09:15:00,185.8699951171875,392.0,441.8999938964844,,28.479999542236328,12.960000038146973,126.16829681396484,515.5,43.41999816894531,57.220001220703125
2022-10-12 09:15:00,187.2100067138672,395.8699951171875,443.05999755859375,,28.6200008392334,12.979999542236328,127.2771987915039,517.8499755859375,43.59000015258789,57.150001525878906
2022-10-13 09:15:00,186.22999572753906,391.6099853515625,438.7699890136719,,28.459999084472656,13.010000228881836,126.91799926757812,514.5700073242188,43.689998626708984,56.880001068115234
2022-10-14 09:15:00,188.02000427246094,397.8599853515625,437.1400146484375,,28.93000030517578,13.079999923706055,126.0647964477539,514.1799926757812,43.2599983215332,55.81999969482422
2022-10-17 09:15:00,188.8300018310547,403.6499938964844,439.6600036621094,,28.959999084472656,13.109999656677246,126.91300201416016,515.0399780273438,43.2400016784668,55.52000045776367
2022-10-18 09:15:00,190.63999938964844,407.2099914550781,444.4200134277344,,29.260000228881836,13.109999656677246,128.62869262695312,523.6099853515625,43.119998931884766,55.86000061035156
2022-10-19 09:15:00,190.8300018310547,408.010009765625,443.7200012207031,,29.059999465942383,13.109999656677246,128.5106964111328,523.9600219726562,43.189998626708984,55.709999084472656
2022-10-20 09:15:00,191.44000244140625,405.9599914550781,448.1400146484375,,29.399999618530273,13.1899995803833,128.59609985351562,527.219970703125,43.040000915527344,55.810001373291016
2022-10-21 09:15:00,191.52000427246094,412.1199951171875,442.3999938964844,,29.31999969482422,13.109999656677246,128.2528076171875,525.219970703125,42.72999954223633,55.349998474121094
2022-10-24 18:15:00,193.1699981689453,416.70001220703125,445.19000244140625,,29.6299991607666,13.430000305175781,,534.3699951171875,43.47999954223633,56.93000030517578
2022-10-25 09:15:00,192.49000549316406,415.3900146484375,443.6499938964844,,29.719999313354492,13.210000038146973,130.8441925048828,529.0,43.16999816894531,56.52000045776367
2022-10-27 09:15:00,193.4499969482422,416.94000244140625,447.7799987792969,,29.65999984741211,13.359999656677246,131.11129760742188,532.6199951171875,43.459999084472656,57.369998931884766
2022-10-28 09:15:00,193.9600067138672,414.17999267578125,446.94000244140625,,29.459999084472656,13.199999809265137,133.2449951171875,539.7899780273438,43.279998779296875,57.209999084472656
2022-10-31 09:15:00,196.27000427246094,417.25,449.4700012207031,,29.809999465942383,13.3100004196167,135.16720581054688,545.1099853515625,43.22999954223633,57.11000061035156
2022-11-01 09:15:00,197.97999572753906,417.3999938964844,454.7699890136719,,30.360000610351562,13.600000381469727,135.5222930908203,548.510009765625,43.310001373291016,58.41999816894531
2022-11-02 09:15:00,197.41000366210938,415.8599853515625,453.4200134277344,,30.229999542236328,13.649999618530273,134.5261993408203,546.8800048828125,43.5,58.369998931884766
2022-11-03 09:15:00,197.38999938964844,417.3800048828125,453.5,,29.959999084472656,13.65999984741211,133.96499633789062,545.9500122070312,43.0,56.97999954223633
2022-11-04 09:15:00,197.77000427246094,417.0,454.3800048828125,,29.81999969482422,13.579999923706055,134.05520629882812,550.3400268554688,43.290000915527344,58.31999969482422
2022-11-07 09:15:00,198.6199951171875,421.1600036621094,458.42999267578125,,29.8799991607666,13.380000114440918,135.79029846191406,552.7100219726562,43.7400016784668,59.970001220703125
2022-11-09 09:15:00,198.32000732421875,422.2900085449219,457.5899963378906,,29.809999465942383,13.1899995803833,134.7550048828125,548.25,43.970001220703125,60.72999954223633
2022-11-10 09:15:00,196.86000061035156,420.57000732421875,453.010009765625,,29.719999313354492,13.130000114440918,132.1248016357422,543.780029296875,44.18000030517578,60.560001373291016
2022-11-11 09:15:00,200.22000122070312,425.92999267578125,457.4599914550781,,30.770000457763672,13.15999984741211,131.72219848632812,549.1199951171875,44.7599983215332,61.58000183105469
2022-11-14 09:15:00,200.1699981689453,425.6499938964844,459.70001220703125,,31.040000915527344,13.15999984741211,132.02769470214844,549.7899780273438,44.81999969482422,61.150001525878906
2022-11-15 09:15:00,200.91000366210938,428.510009765625,460.6099853515625,,31.040000915527344,13.199999809265137,132.87600708007812,552.7100219726562,45.150001525878906,61.779998779296875
2022-11-16 09:15:00,200.8699951171875,429.8699951171875,457.07000732421875,,31.190000534057617,13.130000114440918,132.375,550.7999877929688,45.349998474121094,61.560001373291016
2022-11-17 09:15:00,200.1999969482422,429.54998779296875,453.6099853515625,,30.920000076293945,13.09000015258789,130.572998046875,550.5499877929688,45.16999816894531,60.58000183105469
2022-11-18 09:15:00,199.9199981689453,429.45001220703125,451.32000732421875,,30.8700008392334,12.949999809265137,129.0334930419922,549.52001953125,45.2599983215332,60.81999969482422
2022-11-21 09:15:00,198.5500030517578,428.04998779296875,448.5799865722656,,30.450000762939453,12.9399995803833,128.2440948486328,545.6799926757812,44.79999923706055,59.93000030517578
2022-11-22 09:15:00,199.22999572753906,428.95001220703125,449.3900146484375,,30.59000015258789,12.970000267028809,128.74180603027344,548.9600219726562,44.900001525878906,60.810001373291016
2022-11-23 09:15:00,199.50999450683594,431.80999755859375,450.5299987792969,,30.56999969482422,13.010000228881836,129.0366973876953,548.8699951171875,44.77000045776367,60.77000045776367
2022-11-24 09:15:00,201.72000122070312,435.1600036621094,452.3299865722656,,31.350000381469727,13.020000457763672,129.7584991455078,552.75,45.040000915527344,61.459999084472656
2022-11-25 09:15:00,202.35000610351562,435.1600036621094,453.6000061035156,,31.6200008392334,13.079999923706055,130.89210510253906,558.7000122070312,44.97999954223633,61.09000015258789
2022-11-28 09:15:00,203.0399932861328,435.30999755859375,454.5899963378906,,31.59000015258789,13.109999656677246,131.68040466308594,563.52001953125,45.119998931884766,61.439998626708984
2022-11-29 09:15:00,203.42999267578125,435.8999938964844,456.8900146484375,,31.610000610351562,13.1899995803833,131.389892578125,562.469970703125,45.099998474121094,61.209999084472656
2022-11-30 09:15:00,204.6999969482422,436.92999267578125,461.2699890136719,,31.6299991607666,13.260000228881836,133.6508026123047,567.739990234375,45.099998474121094,61.31999969482422
2022-12-01 09:15:00,205.5399932861328,436.70001220703125,463.17999267578125,,32.380001068115234,13.25,133.24530029296875,570.1599731445312,45.369998931884766,62.529998779296875
2022-12-02 09:15:00,204.80999755859375,435.6099853515625,463.989990234375,,32.369998931884766,13.199999809265137,131.77780151367188,569.5399780273438,45.880001068115234,63.7599983215332
2022-12-05 09:15:00,204.44000244140625,437.8999938964844,463.739990234375,,32.22999954223633,13.1899995803833,131.38470458984375,567.1199951171875,46.09000015258789,65.11000061035156
2022-12-06 09:15:00,204.13999938964844,436.7699890136719,463.6300048828125,,31.739999771118164,13.100000381469727,131.04449462890625,566.9199829101562,45.81999969482422,64.12000274658203
2022-12-07 09:15:00,202.8699951171875,435.3399963378906,464.54998779296875,,31.459999084472656,13.010000228881836,130.0034942626953,566.0399780273438,45.84000015258789,63.83000183105469
2022-12-08 09:15:00,203.6199951171875,440.5,466.4700012207031,,31.399999618530273,12.869999885559082,130.38209533691406,567.0800170898438,46.060001373291016,64.55999755859375
2022-12-09 09:15:00,202.47999572753906,440.9800109863281,463.8699951171875,,30.440000534057617,12.899999618530273,129.9904022216797,564.7000122070312,46.11000061035156,65.27999877929688
2022-12-12 09:15:00,202.61000061035156,441.7699890136719,463.8800048828125,,30.270000457763672,12.890000343322754,130.03829956054688,566.780029296875,46.189998626708984,66.11000061035156
2022-12-13 09:15:00,203.77000427246094,444.7099914550781,463.2300109863281,,30.59000015258789,12.920000076293945,130.60989379882812,566.7100219726562,46.15999984741211,66.08999633789062
2022-12-14 09:15:00,204.35000610351562,444.8399963378906,465.0899963378906,,30.860000610351562,12.979999542236328,131.34609985351562,569.0999755859375,46.540000915527344,66.68000030517578
2022-12-15 09:15:00,201.5800018310547,439.69000244140625,460.4599914550781,,30.34000015258789,12.9399995803833,130.4261932373047,564.6199951171875,46.029998779296875,65.56999969482422
2022-12-16 09:15:00,200.16000366210938,436.8500061035156,454.1700134277344,,29.90999984741211,12.779999732971191,129.0364990234375,559.7000122070312,46.099998474121094,64.91000366210938
2022-12-19 09:15:00,201.6699981689453,439.1400146484375,458.9800109863281,,29.780000686645508,12.789999961853027,131.0883026123047,566.1799926757812,46.41999816894531,66.12000274658203
2022-12-20 09:15:00,201.2100067138672,440.0199890136719,458.8900146484375,,29.809999465942383,12.720000267028809,130.08470153808594,563.1599731445312,46.75,67.01000213623047
2022-12-21 09:15:00,199.39999389648438,432.05999755859375,451.5199890136719,,29.90999984741211,13.0600004196167,128.22860717773438,555.4500122070312,46.86000061035156,67.38999938964844
2022-12-22 09:15:00,198.5500030517578,430.3599853515625,448.0799865722656,,29.969999313354492,12.989999771118164,126.80719757080078,551.7100219726562,46.869998931884766,66.91999816894531
2022-12-23 09:15:00,195.14999389648438,421.3800048828125,431.8599853515625,,29.43000030517578,12.899999618530273,123.59200286865234,537.780029296875,46.689998626708984,66.76000213623047
2022-12-26 09:15:00,197.22999572753906,430.8800048828125,441.42999267578125,,29.559999465942383,12.8100004196167,125.40160369873047,544.9600219726562,46.689998626708984,66.72000122070312
2022-12-27 09:15:00,198.0,433.17999267578125,445.010009765625,,29.850000381469727,12.779999732971191,126.4834976196289,550.4099731445312,46.869998931884766,67.97000122070312
2022-12-28 09:15:00,197.99000549316406,432.69000244140625,447.05999755859375,,29.729999542236328,12.760000228881836,127.31759643554688,549.280029296875,46.54999923706055,66.95999908447266
2022-12-29 09:15:00,198.77999877929688,436.92999267578125,447.3500061035156,,29.84000015258789,12.720000267028809,127.60690307617188,549.6099853515625,46.61000061035156,66.95999908447266
2022-12-30 09:15:00,198.0399932861328,435.4800109863281,447.2300109863281,,29.829999923706055,12.729999542236328,127.3750991821289,548.239990234375,46.790000915527344,67.2300033569336
2023-01-02 09:15:00,199.33999633789062,437.17999267578125,445.6499938964844,,29.8700008392334,12.680000305175781,127.93789672851562,552.5399780273438,47.16999816894531,67.66999816894531
2023-01-03 09:15:00,199.67999267578125,439.2300109863281,448.5799865722656,,30.18000030517578,12.75,127.4030990600586,551.3599853515625,47.630001068115234,68.66999816894531
2023-01-04 09:15:00,197.6699981689453,435.32000732421875,443.3699951171875,,29.889999389648438,12.75,126.36710357666016,546.4600219726562,48.06999969482422,68.7300033569336
2023-01-05 09:15:00,197.07000732421875,431.6300048828125,445.94000244140625,,29.729999542236328,12.850000381469727,127.82350158691406,547.3300170898438,47.779998779296875,66.91999816894531
2023-01-06 09:15:00,195.72000122070312,427.4100036621094,442.45001220703125,,29.18000030517578,12.779999732971191,127.53179931640625,547.0499877929688,47.5,66.87999725341797
2023-01-09 09:15:00,198.27999877929688,430.82000732421875,446.67999267578125,,29.8700008392334,12.859999656677246,129.09410095214844,552.2100219726562,48.11000061035156,67.94999694824219
2023-01-10 09:15:00,196.1300048828125,426.0899963378906,445.1199951171875,,29.6200008392334,12.859999656677246,129.45700073242188,549.0,47.959999084472656,67.08000183105469
2023-01-11 09:15:00,196.1300048828125,428.0,442.79998779296875,,29.81999969482422,12.800000190734863,128.79100036621094,544.3599853515625,48.02000045776367,67.54000091552734
2023-01-12 09:15:00,195.61000061035156,426.29998779296875,443.760009765625,,29.8799991607666,12.770000457763672,128.95489501953125,543.6400146484375,47.95000076293945,67.1500015258789
2023-01-13 09:15:00,196.61000061035156,429.239990234375,445.739990234375,,30.100000381469727,12.760000228881836,129.58920288085938,543.5999755859375,48.22999954223633,67.18000030517578
2023-01-16 09:15:00,196.05999755859375,427.6700134277344,446.0899963378906,,30.489999771118164,12.75,128.7445068359375,541.6300048828125,48.70000076293945,68.26000213623047
2023-01-17 09:15:00,197.47000122070312,428.0400085449219,446.29998779296875,,30.6200008392334,12.760000228881836,129.47999572753906,547.8900146484375,48.5,68.05000305175781
2023-01-18 09:15:00,198.64999389648438,430.010009765625,445.489990234375,,30.770000457763672,12.8100004196167,129.43670654296875,550.780029296875,48.459999084472656,68.19999694824219
2023-01-19 09:15:00,198.42999267578125,428.6700134277344,443.7699890136719,,30.809999465942383,12.800000190734863,128.88560485839844,551.3099975585938,48.5,66.73999786376953
2023-01-20 09:15:00,197.4499969482422,430.5899963378906,442.8399963378906,,30.700000762939453,12.739999771118164,128.16659545898438,547.3800048828125,48.7599983215332,67.58999633789062
2023-01-23 09:15:00,198.44000244140625,433.57000732421875,443.8399963378906,,31.260000228881836,12.8100004196167,129.2259063720703,545.0800170898438,48.77000045776367,67.5199966430664
2023-01-24 09:15:00,198.4199981689453,432.6600036621094,442.94000244140625,,31.489999771118164,12.720000267028809,130.8759002685547,541.3900146484375,48.90999984741211,67.30999755859375
2023-01-25 09:15:00,196.0399932861328,422.4100036621094,431.9200134277344,,31.219999313354492,12.579999923706055,130.83810424804688,534.4400024414062,48.7599983215332,67.25
2023-01-27 09:15:00,193.0,409.3399963378906,415.260009765625,,30.979999542236328,12.600000381469727,132.17269897460938,528.4400024414062,48.779998779296875,67.47000122070312
2023-01-30 09:15:00,193.25,409.3800048828125,410.1000061035156,,31.350000381469727,12.600000381469727,132.0406036376953,524.5900268554688,48.77000045776367,67.44999694824219
2023-01-31 09:15:00,193.44000244140625,412.3800048828125,414.67999267578125,,31.0,12.479999542236328,134.52999877929688,528.510009765625,48.66999816894531,66.9800033569336
2023-02-01 09:15:00,193.1300048828125,410.4200134277344,408.4200134277344,,31.229999542236328,12.460000038146973,133.34950256347656,523.7899780273438,49.40999984741211,68.70999908447266
2023-02-02 09:15:00,192.91000366210938,412.3299865722656,407.07000732421875,,31.829999923706055,12.40999984741211,133.43809509277344,521.0,50.470001220703125,70.5999984741211
2023-02-03 09:15:00,195.1199951171875,419.1400146484375,405.2699890136719,,31.829999923706055,12.289999961853027,135.09719848632812,523.72998046875,49.41999816894531,68.87999725341797
2023-02-06 09:15:00,194.47999572753906,418.30999755859375,409.5799865722656,,31.6299991607666,12.329999923706055,134.92300415039062,526.469970703125,49.040000915527344,66.91999816894531
2023-02-07 09:15:00,194.0399932861328,419.3699951171875,409.1000061035156,,31.540000915527344,12.3100004196167,133.56930541992188,525.9600219726562,49.06999969482422,66.80999755859375
2023-02-08 09:15:00,195.5399932861328,419.760009765625,412.8500061035156,,32.119998931884766,12.510000228881836,133.88450622558594,527.719970703125,49.20000076293945,66.83999633789062
2023-02-09 09:15:00,195.88999938964844,420.2300109863281,409.1300048828125,,32.290000915527344,12.4399995803833,133.1822052001953,527.3699951171875,49.11000061035156,66.73999786376953
2023-02-10 09:15:00,195.49000549316406,420.05999755859375,410.2300109863281,,32.209999084472656,12.470000267028809,133.6571044921875,528.1799926757812,48.65999984741211,66.04000091552734
2023-02-13 09:15:00,194.60000610351562,417.3399963378906,403.4700012207031,,31.610000610351562,12.430000305175781,132.8406982421875,527.8400268554688,48.66999816894531,65.62000274658203
2023-02-14 09:15:00,195.97999572753906,420.6000061035156,404.1700134277344,,31.850000381469727,12.399999618530273,132.3574981689453,527.8499755859375,48.790000915527344,65.55999755859375
2023-02-15 09:15:00,197.0800018310547,421.69000244140625,405.3800048828125,,32.20000076293945,12.369999885559082,133.6591033935547,532.260009765625,48.15999984741211,64.80000305175781
2023-02-16 09:15:00,197.35000610351562,421.2799987792969,409.9100036621094,,32.7599983215332,12.449999809265137,133.3643035888672,534.0399780273438,48.18000030517578,64.9800033569336
2023-02-17 09:15:00,196.3000030517578,416.30999755859375,406.92999267578125,,32.41999816894531,12.319999694824219,132.70530700683594,536.280029296875,47.95000076293945,64.11000061035156
2023-02-20 09:15:00,195.58999633789062,412.8399963378906,406.0899963378906,,32.58000183105469,12.220000267028809,133.07940673828125,536.1400146484375,48.380001068115234,65.33000183105469
2023-02-21 09:15:00,195.25999450683594,411.8999938964844,405.69000244140625,,32.33000183105469,12.170000076293945,132.79049682617188,535.8200073242188,48.2599983215332,65.12000274658203
2023-02-22 09:15:00,192.50999450683594,405.8999938964844,399.82000732421875,,31.8700008392334,12.149999618530273,131.22610473632812,525.760009765625,48.15999984741211,65.22000122070312
2023-02-23 09:15:00,192.00999450683594,405.80999755859375,397.8900146484375,,31.829999923706055,12.130000114440918,131.15199279785156,524.7100219726562,47.86000061035156,64.52999877929688
2023-02-24 09:15:00,191.4600067138672,404.67999267578125,397.4200134277344,,31.760000228881836,12.15999984741211,130.01109313964844,525.7999877929688,47.779998779296875,63.900001525878906
2023-02-27 09:15:00,190.55999755859375,408.3599853515625,393.9599914550781,,31.149999618530273,12.0600004196167,128.05670166015625,523.3699951171875,47.439998626708984,62.90999984741211
2023-02-28 09:15:00,189.6999969482422,408.05999755859375,394.4700012207031,,30.940000534057617,11.920000076293945,128.62510681152344,521.5900268554688,47.40999984741211,62.47999954223633
2023-03-01 09:15:00,191.27999877929688,412.3699951171875,398.9700012207031,,31.43000030517578,11.930000305175781,129.80819702148438,523.97998046875,47.77000045776367,63.7599983215332
2023-03-02 09:15:00,189.92999267578125,409.5299987792969,398.8800048828125,,31.040000915527344,11.920000076293945,128.69439697265625,525.1599731445312,47.810001373291016,63.209999084472656
2023-03-03 09:15:00,192.50999450683594,416.9599914550781,402.79998779296875,,31.139999389648438,11.9399995803833,129.17970275878906,532.8800048828125,47.81999969482422,63.540000915527344
2023-03-06 09:15:00,193.6300048828125,417.8399963378906,406.5199890136719,,31.420000076293945,11.970000267028809,130.41140747070312,537.6599731445312,47.83000183105469,63.720001220703125
2023-03-08 09:15:00,193.9499969482422,419.9100036621094,406.70001220703125,,31.25,11.90999984741211,131.51780700683594,539.2899780273438,47.119998931884766,61.29999923706055
2023-03-09 09:15:00,192.63999938964844,417.1300048828125,404.1499938964844,,31.040000915527344,11.859999656677246,129.1165008544922,537.1199951171875,47.06999969482422,60.939998626708984
2023-03-10 09:15:00,190.75,410.0,403.8299865722656,,30.860000610351562,11.84000015258789,128.71640014648438,534.7000122070312,47.43000030517578,61.2599983215332
2023-03-13 09:15:00,188.1199951171875,401.2099914550781,399.3399963378906,,30.530000686645508,11.75,125.83660125732422,527.1699829101562,48.81999969482422,63.099998474121094
2023-03-14 09:15:00,186.91000366210938,399.739990234375,394.82000732421875,,30.040000915527344,11.739999771118164,124.72339630126953,524.7999877929688,49.130001068115234,64.91000366210938
2023-03-15 09:15:00,186.10000610351562,395.80999755859375,396.510009765625,,29.950000762939453,11.75,124.08290100097656,525.22998046875,48.93000030517578,65.4000015258789
2023-03-16 09:15:00,186.22999572753906,396.3699951171875,398.04998779296875,,29.770000457763672,11.890000343322754,124.31300354003906,525.4500122070312,49.70000076293945,66.23999786376953
2023-03-17 09:15:00,187.4199981689453,399.760009765625,401.010009765625,,29.979999542236328,11.84000015258789,123.71800231933594,529.239990234375,49.75,65.88999938964844
2023-03-20 09:15:00,186.1999969482422,397.4599914550781,398.0899963378906,,29.530000686645508,11.8100004196167,122.56559753417969,525.6199951171875,50.90999984741211,67.58999633789062
2023-03-21 09:15:00,187.4600067138672,402.95001220703125,399.5,,29.34000015258789,11.789999961853027,122.66850280761719,529.8699951171875,50.47999954223633,67.36000061035156
2023-03-22 09:15:00,187.8800048828125,403.9599914550781,402.8599853515625,,29.450000762939453,11.880000114440918,123.26619720458984,531.2100219726562,50.040000915527344,67.43000030517578
2023-03-23 09:15:00,186.91000366210938,400.2200012207031,400.29998779296875,,29.170000076293945,11.890000343322754,123.30919647216797,528.6099853515625,50.36000061035156,68.26000213623047
2023-03-24 09:15:00,185.67999267578125,397.7300109863281,398.2799987792969,,29.15999984741211,11.899999618530273,122.37870025634766,522.6300048828125,50.900001525878906,68.9800033569336
2023-03-27 09:15:00,186.17999267578125,398.45001220703125,395.8299865722656,,29.170000076293945,12.050000190734863,121.58779907226562,522.3200073242188,50.400001525878906,68.41999816894531
2023-03-28 09:15:00,185.7100067138672,400.0199890136719,392.1199951171875,,28.90999984741211,12.010000228881836,120.40779876708984,516.9199829101562,50.40999984741211,68.30999755859375
2023-03-29 09:15:00,187.08999633789062,404.010009765625,394.6199951171875,,29.219999313354492,12.069999694824219,122.45159912109375,519.7999877929688,50.689998626708984,69.19999694824219
2023-03-31 09:15:00,189.86000061035156,410.54998779296875,400.42999267578125,,29.84000015258789,12.15999984741211,123.68489837646484,529.72998046875,51.06999969482422,70.66999816894531
2023-04-03 09:15:00,190.55999755859375,412.3699951171875,400.9200134277344,,29.81999969482422,12.199999809265137,125.52020263671875,530.1300048828125,50.79999923706055,70.38999938964844
2023-04-05 09:15:00,192.19000244140625,414.0899963378906,402.9100036621094,,30.139999389648438,12.300000190734863,124.83039855957031,532.969970703125,51.86000061035156,72.94999694824219
2023-04-06 09:15:00,192.94000244140625,414.80999755859375,404.8500061035156,,30.010000228881836,12.430000305175781,125.95719909667969,535.9000244140625,51.810001373291016,73.22000122070312
2023-04-10 09:15:00,192.63999938964844,413.1300048828125,406.1199951171875,,30.200000762939453,12.449999809265137,127.44229888916016,539.9299926757812,51.380001068115234,73.23999786376953
2023-04-11 09:15:00,193.75999450683594,418.1300048828125,406.8900146484375,,29.90999984741211,12.449999809265137,128.70559692382812,542.5900268554688,51.54999923706055,73.56999969482422
2023-04-12 09:15:00,194.63999938964844,420.42999267578125,408.4800109863281,,30.15999984741211,12.720000267028809,129.9174041748047,541.510009765625,51.720001220703125,73.8499984741211
2023-04-13 09:15:00,194.77000427246094,425.3999938964844,407.4800109863281,,29.59000015258789,12.619999885559082,130.4864044189453,539.7999877929688,51.939998626708984,74.86000061035156
2023-04-17 09:15:00,193.91000366210938,427.04998779296875,409.6099853515625,,28.18000030517578,12.539999961853027,131.26539611816406,540.0999755859375,51.70000076293945,74.62000274658203
2023-04-18 09:15:00,193.24000549316406,426.9100036621094,411.3599853515625,,28.34000015258789,12.770000457763672,131.35519409179688,538.4199829101562,51.52000045776367,73.68000030517578
2023-04-19 09:15:00,192.86000061035156,425.8599853515625,407.5799865722656,,27.850000381469727,12.760000228881836,131.32879638671875,536.2999877929688,51.119998931884766,73.0
2023-04-20 09:15:00,192.99000549316406,427.05999755859375,407.2099914550781,,27.790000915527344,12.640000343322754,131.6291046142578,537.5900268554688,51.63999938964844,74.56999969482422
2023-04-21 09:15:00,192.85000610351562,425.6400146484375,406.2900085449219,,27.969999313354492,12.6899995803833,130.27980041503906,536.5900268554688,51.290000915527344,73.94000244140625
2023-04-24 09:15:00,193.9499969482422,431.0899963378906,408.510009765625,,28.15999984741211,12.59000015258789,130.22329711914062,538.6699829101562,51.2599983215332,73.66999816894531
2023-04-25 09:15:00,194.1300048828125,431.19000244140625,410.42999267578125,,28.1200008392334,12.569999694824219,130.3350067138672,541.9600219726562,51.31999969482422,73.7300033569336
2023-04-26 09:15:00,194.6199951171875,432.6499938964844,411.30999755859375,,28.229999542236328,12.609999656677246,131.02279663085938,543.7000122070312,51.47999954223633,73.51000213623047
2023-04-27 09:15:00,195.92999267578125,434.4200134277344,413.0799865722656,,28.489999771118164,12.649999618530273,132.0216064453125,546.75,51.470001220703125,73.44999694824219
2023-04-28 09:15:00,197.2899932861328,436.6000061035156,418.3900146484375,,28.860000610351562,12.739999771118164,133.20640563964844,554.6300048828125,51.25,73.08000183105469
2023-05-02 09:15:00,198.38999938964844,437.8500061035156,420.1000061035156,,29.239999771118164,12.720000267028809,134.14979553222656,557.9099731445312,51.310001373291016,72.98999786376953
2023-05-03 09:15:00,197.67999267578125,437.7200012207031,421.0799865722656,,28.959999084472656,12.710000038146973,134.106201171875,556.8900146484375,52.060001373291016,74.41000366210938
2023-05-04 09:15:00,199.44000244140625,441.17999267578125,423.8399963378906,,29.079999923706055,12.779999732971191,134.24740600585938,558.8599853515625,52.5099983215332,75.1500015258789
2023-05-05 09:15:00,197.83999633789062,432.1400146484375,423.55999755859375,,28.920000076293945,12.75,134.78529357910156,560.4299926757812,52.5,75.93000030517578
2023-05-08 09:15:00,199.7100067138672,437.5400085449219,427.05999755859375,,29.1200008392334,12.800000190734863,137.18890380859375,565.0999755859375,52.16999816894531,75.25
2023-05-09 09:15:00,199.6999969482422,436.2900085449219,426.5400085449219,,29.309999465942383,12.84000015258789,137.83619689941406,565.3499755859375,52.369998931884766,75.2300033569336
2023-05-10 09:15:00,200.0,437.2200012207031,428.2699890136719,,29.329999923706055,12.84000015258789,138.86790466308594,567.25,52.43000030517578,75.41999816894531
2023-05-11 09:15:00,200.35000610351562,439.3900146484375,431.6600036621094,,29.360000610351562,12.720000267028809,139.4008026123047,565.1900024414062,52.369998931884766,73.88999938964844
2023-05-12 09:15:00,200.25999450683594,442.5899963378906,431.1099853515625,,29.290000915527344,12.619999885559082,140.47860717773438,561.0,51.90999984741211,71.08999633789062
2023-05-15 09:15:00,201.33999633789062,445.19000244140625,433.04998779296875,,29.399999618530273,12.630000114440918,141.45860290527344,563.010009765625,52.279998779296875,71.83000183105469
2023-05-16 09:15:00,200.50999450683594,444.9700012207031,433.5400085449219,,29.479999542236328,12.609999656677246,140.14419555664062,561.0,52.04999923706055,71.25
2023-05-17 09:15:00,199.75999450683594,442.8599853515625,431.1700134277344,,29.200000762939453,12.539999961853027,140.26690673828125,559.6199951171875,51.619998931884766,70.94999694824219
2023-05-18 09:15:00,199.0500030517578,443.7900085449219,427.17999267578125,,29.139999389648438,,139.0325927734375,555.3499755859375,51.59000015258789,70.66999816894531
2023-05-19 09:15:00,199.82000732421875,445.57000732421875,428.760009765625,,29.530000686645508,12.279999732971191,139.99940490722656,555.0599975585938,51.439998626708984,71.20999908447266
2023-05-22 09:15:00,200.74000549316406,445.2699890136719,433.1600036621094,,30.270000457763672,12.399999618530273,140.26820373535156,560.530029296875,51.97999954223633,71.68000030517578
2023-05-23 09:15:00,201.02000427246094,445.3699951171875,434.260009765625,,30.15999984741211,12.449999809265137,141.1959991455078,558.2000122070312,51.43000030517578,69.91999816894531
2023-05-24 09:15:00,200.24000549316406,443.2900085449219,433.5,,30.1200008392334,12.569999694824219,141.2666015625,557.1500244140625,51.75,70.41999816894531
2023-05-25 09:15:00,200.6999969482422,442.9100036621094,435.8699951171875,,30.200000762939453,12.59000015258789,141.66799926757812,559.6699829101562,51.45000076293945,69.72000122070312
2023-05-26 09:15:00,202.85000610351562,446.1499938964844,440.6300048828125,,30.579999923706055,12.739999771118164,142.6865997314453,565.72998046875,51.33000183105469,69.75
2023-05-29 09:15:00,204.13999938964844,449.92999267578125,443.1099853515625,,30.540000915527344,,143.5854034423828,567.8699951171875,51.18000030517578,70.19999694824219
2023-05-30 09:15:00,204.36000061035156,450.80999755859375,443.3800048828125,,30.600000381469727,12.739999771118164,143.16259765625,567.6599731445312,51.13999938964844,69.95999908447266
2023-05-31 09:15:00,203.66000366210938,448.75,444.2300109863281,,30.610000610351562,12.829999923706055,143.375,566.7000122070312,51.130001068115234,70.18000030517578
2023-06-01 09:15:00,202.99000549316406,445.7699890136719,446.3500061035156,,30.719999313354492,12.970000267028809,143.9597930908203,563.8099975585938,50.9900016784668,70.30000305175781
2023-06-02 09:15:00,203.83999633789062,447.6400146484375,447.989990234375,,30.739999771118164,13.029999732971191,145.28579711914062,566.8200073242188,51.31999969482422,71.4800033569336
2023-06-05 09:15:00,204.27999877929688,449.239990234375,449.0799865722656,,30.6299991607666,13.069999694824219,147.11639404296875,568.5,50.720001220703125,70.62999725341797
2023-06-06 09:15:00,204.0399932861328,449.8500061035156,451.1099853515625,,30.079999923706055,13.1899995803833,148.72279357910156,570.7999877929688,51.06999969482422,70.7300033569336
2023-06-07 09:15:00,205.33999633789062,450.3399963378906,455.0299987792969,,30.290000915527344,13.210000038146973,149.62950134277344,577.52001953125,50.9900016784668,70.70999908447266
2023-06-08 09:15:00,204.50999450683594,447.8800048828125,452.3399963378906,,29.959999084472656,13.0600004196167,148.3426055908203,578.0999755859375,50.70000076293945,71.05999755859375
2023-06-09 09:15:00,204.02999877929688,447.75,452.0799865722656,,29.739999771118164,13.0,147.67649841308594,574.719970703125,50.959999084472656,72.66000366210938
2023-06-12 09:15:00,204.4600067138672,447.5299987792969,453.6199951171875,,30.110000610351562,12.989999771118164,148.15640258789062,579.280029296875,50.93000030517578,72.3499984741211
2023-06-13 09:15:00,205.4499969482422,448.6099853515625,457.5899963378906,,30.209999084472656,13.140000343322754,147.99879455566406,581.8800048828125,50.88999938964844,72.2699966430664
2023-06-14 09:15:00,205.85000610351562,447.8900146484375,459.04998779296875,,30.15999984741211,13.119999885559082,148.24440002441406,586.6199951171875,50.560001373291016,71.4800033569336
2023-06-15 09:15:00,205.30999755859375,442.2200012207031,458.8900146484375,,30.09000015258789,13.3100004196167,148.49729919433594,586.27001953125,50.15999984741211,70.12000274658203
2023-06-16 09:15:00,206.69000244140625,446.9100036621094,463.5400085449219,,30.030000686645508,13.380000114440918,149.10830688476562,589.9600219726562,50.65999984741211,71.48999786376953
2023-06-19 09:15:00,205.8699951171875,444.04998779296875,463.2799987792969,,30.1200008392334,13.40999984741211,148.17959594726562,587.75,50.529998779296875,71.73999786376953
2023-06-20 09:15:00,206.5,444.79998779296875,465.3999938964844,,30.329999923706055,13.390000343322754,149.277099609375,588.219970703125,50.4900016784668,71.44999694824219
2023-06-21 09:15:00,206.8699951171875,445.5400085449219,464.3800048828125,,30.389999389648438,13.399999618530273,149.19619750976562,590.8300170898438,50.09000015258789,69.36000061035156
2023-06-22 09:15:00,206.24000549316406,444.45001220703125,458.3299865722656,,30.25,13.319999694824219,148.43240356445312,588.6699829101562,49.86000061035156,68.08999633789062
2023-06-23 09:15:00,204.97999572753906,443.4700012207031,453.1099853515625,,29.989999771118164,13.329999923706055,146.89950561523438,582.52001953125,49.75,67.41000366210938
2023-06-26 09:15:00,205.1699981689453,443.4599914550781,455.07000732421875,,29.950000762939453,13.510000228881836,148.5894012451172,582.4400024414062,49.9900016784668,68.4800033569336
2023-06-27 09:15:00,206.4600067138672,448.3599853515625,456.4700012207031,,30.1299991607666,13.550000190734863,148.70989990234375,584.239990234375,49.79999923706055,68.80000305175781
2023-06-28 09:15:00,208.17999267578125,450.80999755859375,459.760009765625,,30.219999313354492,13.770000457763672,149.82069396972656,589.1400146484375,49.54999923706055,68.37999725341797
2023-06-30 09:15:00,210.61000061035156,454.4800109863281,464.260009765625,,30.940000534057617,13.920000076293945,152.92140197753906,594.6699829101562,49.310001373291016,67.56999969482422
2023-07-03 09:15:00,212.3000030517578,459.7300109863281,464.7300109863281,,30.809999465942383,,152.50860595703125,597.6199951171875,49.560001373291016,68.5
2023-07-04 09:15:00,213.05999755859375,462.2300109863281,463.8500061035156,,31.1299991607666,,151.785400390625,594.2999877929688,49.880001068115234,69.0199966430664
2023-07-05 09:15:00,212.9199981689453,459.989990234375,467.8800048828125,,31.260000228881836,,154.26759338378906,598.5499877929688,49.97999954223633,68.91999816894531
2023-07-06 09:15:00,213.9600067138672,461.6400146484375,470.510009765625,,31.299999237060547,,155.9951934814453,606.1400146484375,49.900001525878906,69.73999786376953
2023-07-07 09:15:00,212.72000122070312,457.8800048828125,466.42999267578125,,31.020000457763672,13.949999809265137,156.55859375,602.0800170898438,50.02000045776367,68.94000244140625
2023-07-10 09:15:00,212.63999938964844,456.6099853515625,463.8299865722656,,30.670000076293945,13.899999618530273,155.59390258789062,601.0700073242188,50.029998779296875,69.6500015258789
2023-07-11 09:15:00,213.4499969482422,456.07000732421875,466.989990234375,,30.809999465942383,,157.7550048828125,609.0499877929688,50.15999984741211,70.0
2023-07-12 09:15:00,213.25,454.8999938964844,468.5199890136719,,30.610000610351562,,157.72799682617188,609.8400268554688,50.099998474121094,69.88999938964844
2023-07-13 09:15:00,213.69000244140625,454.9800109863281,466.17999267578125,,31.079999923706055,,156.76930236816406,604.9000244140625,50.52000045776367,72.1500015258789
2023-07-14 09:15:00,214.8300018310547,456.2300109863281,469.3500061035156,,32.41999816894531,14.109999656677246,157.6988983154297,604.27001953125,50.59000015258789,73.61000061035156
2023-07-17 09:15:00,216.52999877929688,462.17999267578125,470.5799865722656,,32.58000183105469,14.220000267028809,157.2001953125,607.1400146484375,50.4900016784668,73.80999755859375
2023-07-18 09:15:00,217.02000427246094,461.4599914550781,468.8800048828125,,32.91999816894531,,157.06900024414062,607.7999877929688,50.65999984741211,74.05000305175781
2023-07-19 09:15:00,217.97000122070312,464.0199890136719,471.05999755859375,,32.90999984741211,14.270000457763672,157.06089782714844,611.3499755859375,51.02000045776367,74.41999816894531
2023-07-20 09:15:00,219.50999450683594,469.1499938964844,470.1199951171875,,32.7599983215332,14.460000038146973,157.7095947265625,614.22998046875,51.08000183105469,74.76000213623047
2023-07-21 09:15:00,217.47999572753906,468.69000244140625,467.510009765625,,31.43000030517578,14.470000267028809,157.84280395507812,613.7899780273438,50.650001525878906,73.44999694824219
2023-07-24 09:15:00,216.72999572753906,467.5299987792969,467.70001220703125,,31.40999984741211,14.529999732971191,158.1136016845703,614.72998046875,50.650001525878906,73.2300033569336
2023-07-25 09:15:00,216.63999938964844,466.80999755859375,469.6300048828125,,31.31999969482422,,159.6020965576172,616.1300048828125,50.58000183105469,73.16999816894531
2023-07-26 09:15:00,217.72000122070312,468.6000061035156,471.5199890136719,,31.3700008392334,14.680000305175781,159.58059692382812,624.989990234375,50.84000015258789,73.58000183105469
2023-07-27 09:15:00,216.6300048828125,465.70001220703125,472.8299865722656,,31.309999465942383,,157.75340270996094,622.6300048828125,50.93000030517578,74.1500015258789
2023-07-28 09:15:00,216.33999633789062,463.0299987792969,477.8299865722656,,31.049999237060547,15.199999809265137,157.485595703125,627.2899780273438,50.66999816894531,72.4000015258789
2023-07-31 09:15:00,217.5800018310547,464.5199890136719,480.260009765625,,31.469999313354492,,159.1945037841797,631.030029296875,50.65999984741211,72.68000030517578
2023-08-01 09:15:00,217.22999572753906,463.5400085449219,479.2699890136719,,31.780000686645508,,158.99879455566406,630.3400268554688,50.689998626708984,73.37000274658203
2023-08-02 09:15:00,215.10000610351562,458.1199951171875,473.5299987792969,,31.579999923706055,,156.3831024169922,622.2100219726562,50.68000030517578,72.97000122070312
2023-08-03 09:15:00,213.55999755859375,453.760009765625,470.3800048828125,,31.489999771118164,15.319999694824219,156.14309692382812,620.9299926757812,50.540000915527344,71.13999938964844
2023-08-04 09:15:00,215.0399932861328,456.8800048828125,475.1400146484375,,31.959999084472656,15.489999771118164,155.62399291992188,625.0399780273438,50.5,71.13999938964844
2023-08-07 09:15:00,215.9499969482422,455.9100036621094,475.82000732421875,,32.29999923706055,15.729999542236328,156.25120544433594,625.1799926757812,50.4900016784668,71.04000091552734
2023-08-08 09:15:00,215.7899932861328,457.3299865722656,476.1199951171875,,32.36000061035156,15.829999923706055,155.77609252929688,623.3099975585938,50.560001373291016,70.31999969482422
2023-08-09 09:15:00,216.49000549316406,457.45001220703125,477.20001220703125,,32.47999954223633,15.9399995803833,157.2100067138672,624.75,50.369998931884766,69.41000366210938
2023-08-10 09:15:00,215.3300018310547,454.3999938964844,474.6400146484375,,32.38999938964844,15.800000190734863,156.79249572753906,625.1300048828125,50.22999954223633,69.4800033569336
2023-08-11 09:15:00,214.39999389648438,451.4100036621094,473.6000061035156,,32.41999816894531,15.609999656677246,156.1602020263672,624.030029296875,50.130001068115234,69.25
2023-08-14 09:15:00,214.50999450683594,449.69000244140625,467.6600036621094,,32.54999923706055,15.5600004196167,155.7570037841797,622.4400024414062,50.09000015258789,69.31999969482422
2023-08-16 09:15:00,214.57000732421875,447.6600036621094,467.6199951171875,,32.75,15.65999984741211,156.73660278320312,624.8300170898438,50.11000061035156,69.68000030517578
2023-08-17 09:15:00,213.6999969482422,446.9800109863281,466.45001220703125,,32.619998931884766,15.59000015258789,156.4770050048828,621.5599975585938,49.81999969482422,69.16999816894531
2023-08-18 09:15:00,213.0,446.489990234375,464.30999755859375,,32.220001220703125,15.510000228881836,156.398193359375,621.6799926757812,49.75,69.62999725341797
2023-08-21 09:15:00,213.5,448.0400085449219,466.1600036621094,,32.459999084472656,15.5600004196167,156.75929260253906,624.510009765625,49.68000030517578,69.7300033569336
2023-08-22 09:15:00,213.42999267578125,448.0799865722656,470.3699951171875,,32.4900016784668,15.5600004196167,157.57150268554688,626.2899780273438,49.900001525878906,70.94999694824219
2023-08-23 09:15:00,214.3699951171875,452.9100036621094,471.0899963378906,,32.5,15.529999732971191,157.47149658203125,626.4299926757812,49.810001373291016,71.62000274658203
2023-08-24 09:15:00,213.77000427246094,453.3800048828125,470.8500061035156,,32.650001525878906,15.430000305175781,157.0771942138672,624.1099853515625,50.029998779296875,72.54000091552734
2023-08-25 09:15:00,212.75999450683594,450.6300048828125,467.05999755859375,,32.40999984741211,15.260000228881836,156.1072998046875,617.5499877929688,49.939998626708984,72.55000305175781
2023-08-28 09:15:00,212.8699951171875,453.1499938964844,470.3599853515625,,32.29999923706055,15.40999984741211,157.23550415039062,621.0800170898438,49.79999923706055,72.4800033569336
2023-08-29 09:15:00,213.16000366210938,453.3399963378906,473.29998779296875,,32.38999938964844,15.359999656677246,158.28399658203125,621.4600219726562,49.97999954223633,72.69000244140625
2023-08-30 09:15:00,213.5399932861328,450.82000732421875,474.8999938964844,,32.72999954223633,15.380000114440918,159.28829956054688,620.780029296875,50.34000015258789,73.4800033569336
2023-08-31 09:15:00,212.77000427246094,449.20001220703125,471.7799987792969,,32.720001220703125,15.329999923706055,159.20770263671875,617.9299926757812,50.349998474121094,73.29000091552734
2023-09-01 09:15:00,214.27000427246094,452.79998779296875,476.0199890136719,,33.06999969482422,15.25,161.8199005126953,623.7000122070312,50.369998931884766,73.55000305175781
2023-09-04 09:15:00,215.58999633789062,454.25,480.1499938964844,,33.81999969482422,15.279999732971191,161.97239685058594,630.0499877929688,50.439998626708984,72.43000030517578
2023-09-05 09:15:00,215.83999633789062,454.6700134277344,480.9800109863281,,33.970001220703125,15.470000267028809,161.96299743652344,631.969970703125,50.349998474121094,71.2300033569336
2023-09-06 09:15:00,216.22000122070312,453.54998779296875,483.489990234375,,33.95000076293945,15.600000381469727,161.7447052001953,634.9099731445312,50.310001373291016,71.12000274658203
2023-09-07 09:15:00,217.2899932861328,457.3599853515625,486.1700134277344,,34.04999923706055,15.550000190734863,162.49899291992188,638.7100219726562,50.16999816894531,70.4000015258789
2023-09-08 09:15:00,218.41000366210938,460.2699890136719,490.0799865722656,,34.06999969482422,15.479999542236328,163.5825958251953,647.9600219726562,50.209999084472656,70.16999816894531
2023-09-11 09:15:00,220.3800048828125,464.1099853515625,494.2200012207031,,34.279998779296875,15.529999732971191,166.33580017089844,652.1900024414062,50.15999984741211,70.61000061035156
2023-09-12 09:15:00,220.19000244140625,463.8599853515625,483.6600036621094,,34.68000030517578,15.5600004196167,163.24609375,645.4299926757812,50.02000045776367,70.29000091552734
2023-09-13 09:15:00,221.42999267578125,467.510009765625,485.32000732421875,,34.599998474121094,15.699999809265137,162.4947967529297,649.280029296875,49.880001068115234,70.05000305175781
2023-09-14 09:15:00,221.52999877929688,468.57000732421875,488.510009765625,,34.720001220703125,15.729999542236328,164.25390625,652.0999755859375,49.880001068115234,69.26000213623047
2023-09-15 09:15:00,222.57000732421875,470.739990234375,489.0299987792969,,35.06999969482422,15.8100004196167,166.84739685058594,651.97998046875,50.119998931884766,70.7300033569336
2023-09-18 09:15:00,221.9199981689453,468.5899963378906,488.94000244140625,,34.81999969482422,15.760000228881836,168.24319458007812,652.27001953125,50.439998626708984,71.08000183105469
2023-09-20 09:15:00,219.60000610351562,462.67999267578125,484.8599853515625,,34.599998474121094,15.6899995803833,167.38909912109375,646.47998046875,50.380001068115234,71.08000183105469
2023-09-21 09:15:00,217.6300048828125,454.7799987792969,480.489990234375,,34.52000045776367,15.550000190734863,164.5592041015625,643.3900146484375,50.27000045776367,70.93000030517578
2023-09-22 09:15:00,216.80999755859375,455.45001220703125,480.2099914550781,,34.59000015258789,15.3100004196167,164.90220642089844,640.6900024414062,50.220001220703125,71.83000183105469
2023-09-25 09:15:00,216.8000030517578,456.1300048828125,478.6300048828125,,34.310001373291016,15.260000228881836,164.7696990966797,641.3900146484375,50.220001220703125,71.70999908447266
2023-09-26 09:15:00,216.57000732421875,454.8599853515625,479.5,,34.13999938964844,15.229999542236328,165.34339904785156,642.5800170898438,50.02000045776367,70.52999877929688
2023-09-27 09:15:00,217.55999755859375,455.19000244140625,479.8999938964844,,34.290000915527344,15.399999618530273,165.3946990966797,646.6500244140625,49.70000076293945,69.97000122070312
2023-09-28 09:15:00,215.77000427246094,451.7699890136719,474.80999755859375,,33.540000915527344,15.25,163.45599365234375,643.3300170898438,49.369998931884766,69.55000305175781
2023-09-29 09:15:00,216.75,454.4200134277344,478.92999267578125,,33.4900016784668,15.65999984741211,164.389404296875,647.6799926757812,49.290000915527344,70.55999755859375
2023-10-03 09:15:00,215.57000732421875,452.07000732421875,478.2799987792969,,33.349998474121094,15.529999732971191,162.42050170898438,648.1300048828125,48.83000183105469,67.7300033569336
2023-10-04 09:15:00,214.39999389648438,448.3399963378906,472.989990234375,,33.459999084472656,15.3100004196167,160.3101043701172,643.3800048828125,48.36000061035156,67.05999755859375
2023-10-05 09:15:00,215.52999877929688,450.8699951171875,473.19000244140625,,33.7599983215332,15.260000228881836,161.6634063720703,645.5399780273438,48.25,67.38999938964844
2023-10-06 09:15:00,216.6199951171875,452.6700134277344,475.8900146484375,,34.0099983215332,15.390000343322754,162.41859436035156,647.0700073242188,48.380001068115234,68.25
2023-10-09 09:15:00,215.47999572753906,448.4800109863281,470.57000732421875,,33.880001068115234,15.329999923706055,160.81570434570312,641.1199951171875,48.880001068115234,69.30999755859375
2023-10-10 09:15:00,217.1300048828125,453.0299987792969,476.5,,34.18000030517578,15.359999656677246,162.80149841308594,646.9600219726562,48.93000030517578,69.44999694824219
2023-10-11 09:15:00,218.75999450683594,454.42999267578125,477.9800109863281,,34.209999084472656,15.40999984741211,164.29229736328125,652.030029296875,49.16999816894531,69.5199966430664
2023-10-12 09:15:00,218.60000610351562,455.2300109863281,479.3699951171875,,33.66999816894531,15.40999984741211,165.5684051513672,654.4299926757812,49.38999938964844,68.9000015258789
2023-10-13 09:15:00,218.07000732421875,452.260009765625,479.6099853515625,,33.459999084472656,15.449999809265137,167.02040100097656,655.3599853515625,49.4900016784668,68.69000244140625
2023-10-16 09:15:00,217.89999389648438,451.54998779296875,480.9200134277344,,33.38999938964844,15.399999618530273,167.7720947265625,654.6799926757812,50.25,69.72000122070312
2023-10-17 09:15:00,218.5500030517578,452.5,482.6700134277344,,33.43000030517578,15.430000305175781,167.80540466308594,657.4099731445312,50.310001373291016,69.80000305175781
2023-10-18 09:15:00,217.1999969482422,448.17999267578125,478.6499938964844,,33.22999954223633,15.579999923706055,167.93319702148438,651.9000244140625,50.779998779296875,70.8499984741211
2023-10-19 09:15:00,216.6699981689453,446.75,477.1600036621094,,33.220001220703125,15.520000457763672,168.76980590820312,650.280029296875,50.90999984741211,70.27999877929688
2023-10-20 09:15:00,215.3000030517578,446.3500061035156,473.44000244140625,,33.119998931884766,15.3100004196167,167.55020141601562,645.3200073242188,51.59000015258789,70.76000213623047
2023-10-23 09:15:00,213.1699981689453,440.8299865722656,464.55999755859375,,32.4900016784668,15.130000114440918,165.3159942626953,635.030029296875,51.540000915527344,70.91999816894531
2023-10-25 09:15:00,211.47999572753906,437.4100036621094,460.4599914550781,,32.279998779296875,15.039999961853027,164.6309051513672,628.8300170898438,51.40999984741211,70.01000213623047
2023-10-26 09:15:00,208.74000549316406,432.2300109863281,457.2900085449219,,32.040000915527344,14.899999618530273,162.01930236816406,621.77001953125,51.83000183105469,70.58999633789062
2023-10-27 09:15:00,210.57000732421875,436.7300109863281,465.760009765625,,32.349998474121094,14.970000267028809,164.21009826660156,626.8200073242188,51.63999938964844,70.16999816894531
2023-10-30 09:15:00,211.52000427246094,439.0799865722656,466.6600036621094,,32.36000061035156,15.020000457763672,162.72979736328125,634.8900146484375,52.02000045776367,70.8499984741211
2023-10-31 09:15:00,210.97999572753906,437.510009765625,467.7200012207031,,32.27000045776367,14.920000076293945,161.648193359375,632.9099731445312,52.060001373291016,71.04000091552734
2023-11-01 09:15:00,209.99000549316406,436.45001220703125,465.239990234375,,32.099998474121094,14.979999542236328,160.8302001953125,630.4000244140625,51.7599983215332,69.70999908447266
2023-11-02 09:15:00,211.63999938964844,439.19000244140625,471.4800109863281,,32.380001068115234,15.09000015258789,161.9752960205078,636.77001953125,51.849998474121094,70.68000030517578
2023-11-03 09:15:00,212.69000244140625,442.1000061035156,475.79998779296875,,32.59000015258789,15.109999656677246,162.95579528808594,640.5900268554688,51.79999923706055,69.81999969482422
2023-11-06 09:15:00,214.55999755859375,444.79998779296875,479.70001220703125,,32.709999084472656,15.300000190734863,164.2451934814453,647.5800170898438,51.75,70.7699966430664
2023-11-07 09:15:00,214.49000549316406,445.80999755859375,483.70001220703125,,32.7599983215332,15.529999732971191,163.95010375976562,649.8400268554688,51.36000061035156,70.04000091552734
2023-11-08 09:15:00,214.8300018310547,445.3399963378906,486.1199951171875,,32.650001525878906,15.729999542236328,164.73089599609375,653.4500122070312,51.400001525878906,69.37000274658203
2023-11-09 09:15:00,214.3000030517578,445.5899963378906,484.1600036621094,,32.5099983215332,15.710000038146973,166.0937042236328,652.0599975585938,50.939998626708984,69.22000122070312
2023-11-10 09:15:00,214.24000549316406,446.1099853515625,485.3900146484375,,32.43000030517578,15.75,165.3972930908203,653.75,51.310001373291016,69.69000244140625
2023-11-13 09:15:00,214.5500030517578,446.8399963378906,488.5299987792969,,32.400001525878906,15.729999542236328,166.1916046142578,655.0900268554688,50.93000030517578,68.62999725341797
2023-11-15 09:15:00,216.97000122070312,450.4800109863281,493.239990234375,,33.18000030517578,15.739999771118164,169.06219482421875,664.0900268554688,51.459999084472656,70.86000061035156
2023-11-16 09:15:00,218.16000366210938,450.20001220703125,494.8599853515625,,34.040000915527344,15.899999618530273,170.48500061035156,665.260009765625,51.38999938964844,71.41999816894531
2023-11-17 09:15:00,218.02000427246094,444.9200134277344,498.20001220703125,,33.970001220703125,16.059999465942383,171.66659545898438,668.6400146484375,51.86000061035156,72.2699966430664
2023-11-20 09:15:00,217.35000610351562,444.6199951171875,496.95001220703125,,34.18000030517578,16.040000915527344,170.3634033203125,665.9299926757812,51.65999984741211,71.58000183105469
2023-11-21 09:15:00,218.38999938964844,445.6499938964844,497.0899963378906,,34.119998931884766,16.219999313354492,171.20249938964844,669.02001953125,51.880001068115234,71.58000183105469
2023-11-22 09:15:00,218.52999877929688,443.55999755859375,495.0400085449219,,34.369998931884766,16.31999969482422,172.33839416503906,670.8099975585938,52.16999816894531,72.18000030517578
2023-11-23 09:15:00,218.55999755859375,444.2300109863281,496.5199890136719,,34.189998626708984,16.100000381469727,172.95950317382812,671.2100219726562,52.02000045776367,71.9000015258789
2023-11-24 09:15:00,218.47999572753906,445.70001220703125,495.8800048828125,,33.90999984741211,16.209999084472656,173.02769470214844,669.5999755859375,52.150001525878906,71.87000274658203
2023-11-28 09:15:00,219.55999755859375,447.0199890136719,500.0799865722656,,33.959999084472656,16.139999389648438,174.6710968017578,675.7999877929688,52.29999923706055,73.41000366210938
2023-11-29 09:15:00,221.66000366210938,453.8299865722656,504.75,,34.40999984741211,16.219999313354492,177.50660705566406,677.8599853515625,53.04999923706055,74.08000183105469
2023-11-30 09:15:00,222.1300048828125,453.82000732421875,510.260009765625,,34.400001525878906,16.479999542236328,178.2095947265625,682.8900146484375,53.150001525878906,74.61000061035156
2023-12-01 09:15:00,223.75,456.5,515.5599975585938,,34.41999816894531,16.520000457763672,177.57159423828125,689.760009765625,53.290000915527344,75.20999908447266
2023-12-04 09:15:00,228.17999267578125,473.6000061035156,525.719970703125,,34.4900016784668,16.489999771118164,179.57940673828125,707.739990234375,53.720001220703125,75.1500015258789
2023-12-05 09:15:00,230.05999755859375,478.760009765625,531.75,,34.27000045776367,16.459999084472656,180.64169311523438,717.0599975585938,52.939998626708984,73.63999938964844
2023-12-06 09:15:00,230.94000244140625,476.95001220703125,537.3800048828125,,34.95000076293945,16.40999984741211,180.6029052734375,719.7899780273438,52.83000183105469,73.04000091552734
2023-12-07 09:15:00,230.8300018310547,477.3699951171875,541.4500122070312,,34.84000015258789,16.559999465942383,181.40260314941406,723.0,53.029998779296875,72.81999969482422
2023-12-08 09:15:00,231.36000061035156,481.4800109863281,537.8900146484375,,35.27000045776367,16.43000030517578,180.4049072265625,720.6099853515625,52.939998626708984,72.44000244140625
2023-12-11 09:15:00,231.7899932861328,482.69000244140625,543.8400268554688,,35.400001525878906,16.299999237060547,181.24639892578125,724.6799926757812,52.02000045776367,70.3499984741211
2023-12-12 09:15:00,230.9600067138672,480.07000732421875,540.4600219726562,,35.33000183105469,16.209999084472656,179.9691925048828,720.6900024414062,51.849998474121094,70.26000213623047
2023-12-13 09:15:00,231.14999389648438,480.6400146484375,543.969970703125,,34.9900016784668,16.399999618530273,181.9095001220703,727.3099975585938,51.83000183105469,69.69000244140625
2023-12-14 09:15:00,233.99000549316406,486.7099914550781,550.72998046875,,36.09000015258789,16.389999389648438,183.19850158691406,734.77001953125,52.79999923706055,72.56999969482422
2023-12-15 09:15:00,236.6199951171875,489.8800048828125,551.6599731445312,,37.88999938964844,16.3700008392334,183.12789916992188,741.219970703125,52.810001373291016,72.81999969482422
2023-12-18 09:15:00,236.57000732421875,488.1499938964844,556.219970703125,,37.86000061035156,16.719999313354492,183.42930603027344,747.2000122070312,52.4900016784668,72.51000213623047
2023-12-19 09:15:00,236.6999969482422,488.5899963378906,556.719970703125,,37.38999938964844,16.65999984741211,182.05369567871094,744.9099731445312,52.59000015258789,72.37999725341797
2023-12-20 09:15:00,233.25,483.2699890136719,541.7100219726562,,36.709999084472656,16.360000610351562,177.90249633789062,727.6799926757812,52.83000183105469,72.66000366210938
2023-12-21 09:15:00,234.60000610351562,488.2099914550781,547.739990234375,,36.88999938964844,16.489999771118164,178.04710388183594,735.9500122070312,52.86000061035156,73.13999938964844
2023-12-22 09:15:00,235.5,483.6000061035156,552.4500122070312,,37.70000076293945,16.670000076293945,180.49070739746094,740.1199951171875,53.189998626708984,73.4800033569336
2023-12-26 09:15:00,236.92999267578125,486.0,557.5900268554688,,37.54999923706055,16.809999465942383,182.25929260253906,746.6400146484375,53.459999084472656,73.30999755859375
2023-12-27 09:15:00,238.91000366210938,491.4100036621094,560.25,,37.72999954223633,16.920000076293945,185.00990295410156,750.9500122070312,53.630001068115234,73.05999755859375
2023-12-28 09:15:00,240.16000366210938,493.5799865722656,562.75,,37.720001220703125,17.110000610351562,186.87069702148438,759.3400268554688,53.84000015258789,73.38999938964844
2023-12-29 09:15:00,239.64999389648438,492.42999267578125,567.3599853515625,,37.36000061035156,17.09000015258789,188.99630737304688,758.6300048828125,53.65999984741211,72.18000030517578
2024-01-01 09:15:00,240.35000610351562,491.6499938964844,568.1300048828125,,37.68000030517578,17.139999389648438,188.75100708007812,757.4099731445312,53.7400016784668,72.4800033569336
2024-01-02 09:15:00,239.2100067138672,487.1400146484375,566.6799926757812,,37.33000183105469,17.549999237060547,186.16419982910156,755.6900024414062,54.0099983215332,73.01000213623047
2024-01-03 09:15:00,237.74000549316406,486.1700134277344,571.7100219726562,,36.43000030517578,17.65999984741211,185.94180297851562,755.489990234375,53.529998779296875,71.58999633789062
2024-01-04 09:15:00,239.3000030517578,491.239990234375,576.9299926757812,,36.40999984741211,17.68000030517578,186.03469848632812,764.9099731445312,53.290000915527344,70.69000244140625
2024-01-05 09:15:00,239.74000549316406,490.6499938964844,576.3300170898438,,36.849998474121094,17.639999389648438,186.8470001220703,768.1500244140625,53.13999938964844,70.52999877929688
2024-01-08 09:15:00,237.67999267578125,483.9100036621094,571.5499877929688,,36.5099983215332,17.469999313354492,186.26800537109375,763.6799926757812,52.849998474121094,70.41999816894531
2024-01-09 09:15:00,237.77999877929688,481.6199951171875,573.9400024414062,,36.63999938964844,17.6200008392334,187.9871063232422,769.989990234375,53.02000045776367,70.87000274658203
2024-01-10 09:15:00,238.75999450683594,483.4700012207031,574.760009765625,,36.7599983215332,17.649999618530273,188.3845977783203,772.8699951171875,52.91999816894531,70.48999786376953
2024-01-11 09:15:00,238.8699951171875,483.3999938964844,580.4500122070312,,36.720001220703125,17.639999389648438,190.3717041015625,777.02001953125,52.84000015258789,70.43000030517578
2024-01-12 09:15:00,241.72999572753906,486.2099914550781,581.1199951171875,,38.540000915527344,17.610000610351562,189.96580505371094,782.9600219726562,52.9900016784668,70.25
2024-01-15 09:15:00,244.07000732421875,490.489990234375,582.47998046875,,38.540000915527344,17.809999465942383,190.4705047607422,792.6699829101562,53.25,70.25
2024-01-16 09:15:00,243.24000549316406,489.6700134277344,581.8099975585938,,38.81999969482422,17.610000610351562,189.93679809570312,788.8900146484375,53.04999923706055,70.69999694824219
2024-01-17 09:15:00,238.3800048828125,470.5400085449219,576.1599731445312,,38.97999954223633,17.440000534057617,187.2427978515625,782.260009765625,52.66999816894531,70.06999969482422
2024-01-18 09:15:00,237.50999450683594,466.5899963378906,573.5700073242188,,38.7599983215332,,187.73910522460938,781.5399780273438,52.4900016784668,69.8499984741211
2024-01-19 09:15:00,239.14999389648438,466.1400146484375,581.6199951171875,,39.209999084472656,17.649999618530273,189.7501983642578,795.0999755859375,52.84000015258789,70.16000366210938
2024-01-23 09:15:00,234.8699951171875,459.54998779296875,566.9400024414062,,38.650001525878906,17.770000457763672,186.36219787597656,780.8599853515625,52.86000061035156,69.43000030517578
2024-01-24 09:15:00,237.2899932861328,460.20001220703125,576.219970703125,,39.27000045776367,18.049999237060547,188.72149658203125,793.1599731445312,52.90999984741211,70.12999725341797
2024-01-25 09:15:00,236.14999389648438,457.510009765625,579.0900268554688,,38.68000030517578,17.790000915527344,188.93519592285156,791.6699829101562,52.720001220703125,70.12000274658203
2024-01-29 09:15:00,240.0500030517578,464.260009765625,585.0399780273438,,38.689998626708984,17.90999984741211,192.09970092773438,821.2999877929688,52.970001220703125,70.43000030517578
2024-01-30 09:15:00,238.1300048828125,462.94000244140625,583.0999755859375,,38.61000061035156,17.760000228881836,191.60189819335938,813.0900268554688,53.130001068115234,70.77999877929688
2024-01-31 09:15:00,240.25999450683594,468.760009765625,587.7000122070312,,38.779998779296875,18.229999542236328,195.13870239257812,815.0399780273438,53.349998474121094,70.58999633789062
2024-02-01 09:15:00,240.02999877929688,470.2799987792969,589.9199829101562,,38.689998626708984,18.1200008392334,196.16799926757812,811.2899780273438,53.459999084472656,69.9800033569336
2024-02-02 09:15:00,241.3000030517578,469.239990234375,594.9199829101562,,39.47999954223633,18.270000457763672,196.69859313964844,823.280029296875,53.58000183105469,70.79000091552734
2024-02-05 09:15:00,240.24000549316406,466.3699951171875,592.280029296875,,39.349998474121094,18.59000015258789,199.0904998779297,819.97998046875,52.97999954223633,69.22000122070312
2024-02-06 09:15:00,242.00999450683594,466.1199951171875,600.3699951171875,,40.5,18.770000457763672,202.01649475097656,827.02001953125,52.939998626708984,69.0
2024-02-07 09:15:00,242.35000610351562,467.2300109863281,610.1699829101562,,40.09000015258789,18.81999969482422,202.014404296875,828.5999755859375,53.209999084472656,68.8499984741211
2024-02-08 09:15:00,240.27999877929688,459.6000061035156,611.3099975585938,,40.15999984741211,18.799999237060547,199.43409729003906,831.510009765625,53.04999923706055,68.9000015258789
2024-02-09 09:15:00,240.77999877929688,465.25,610.6400146484375,,40.0,18.920000076293945,198.68760681152344,825.72998046875,53.04999923706055,69.54000091552734
2024-02-12 09:15:00,239.32000732421875,458.0899963378906,599.6400146484375,,40.189998626708984,18.989999771118164,197.09860229492188,818.4099731445312,52.790000915527344,69.87000274658203
2024-02-13 09:15:00,240.58999633789062,464.0799865722656,603.469970703125,,40.439998626708984,19.079999923706055,197.2386932373047,820.239990234375,52.810001373291016,70.0199966430664
2024-02-14 09:15:00,241.5500030517578,467.1000061035156,611.9600219726562,,40.02000045776367,18.920000076293945,200.10780334472656,827.510009765625,52.099998474121094,67.91999816894531
2024-02-15 09:15:00,242.72000122070312,471.1300048828125,617.8499755859375,,40.20000076293945,18.90999984741211,202.80169677734375,836.9099731445312,52.16999816894531,69.12999725341797
2024-02-16 09:15:00,243.99000549316406,472.7799987792969,622.7100219726562,,40.70000076293945,19.209999084472656,207.2812957763672,838.1199951171875,52.349998474121094,69.91000366210938
2024-02-19 09:15:00,245.0399932861328,473.7300109863281,624.1599731445312,,40.58000183105469,19.389999389648438,207.86810302734375,842.1900024414062,52.63999938964844,70.01000213623047
2024-02-20 09:15:00,245.3699951171875,479.32000732421875,624.9000244140625,,40.2599983215332,19.31999969482422,206.57530212402344,847.3900146484375,52.560001373291016,69.80000305175781
2024-02-21 09:15:00,243.8699951171875,478.5,621.1900024414062,,39.66999816894531,19.260000228881836,205.54359436035156,839.5,52.63999938964844,69.66999816894531
2024-02-22 09:15:00,245.7899932861328,478.3500061035156,627.9199829101562,,40.34000015258789,19.280000686645508,208.908203125,845.2000122070312,52.720001220703125,69.66000366210938
2024-02-23 09:15:00,245.69000244140625,477.5299987792969,629.5399780273438,,40.29999923706055,19.3799991607666,209.32839965820312,848.510009765625,52.439998626708984,68.7699966430664
2024-02-26 09:15:00,244.8699951171875,473.92999267578125,630.1300048828125,,39.88999938964844,19.290000915527344,209.53829956054688,848.6099853515625,52.709999084472656,68.86000061035156
2024-02-27 09:15:00,245.5,474.4200134277344,629.2899780273438,,40.08000183105469,19.360000610351562,211.01780700683594,850.3699951171875,52.790000915527344,68.68000030517578
2024-02-28 09:15:00,243.07000732421875,469.07000732421875,621.3099975585938,,39.970001220703125,19.25,206.80059814453125,834.9600219726562,52.599998474121094,68.01000213623047
2024-02-29 09:15:00,243.25,471.0,627.760009765625,,39.970001220703125,19.309999465942383,207.20509338378906,839.2899780273438,52.779998779296875,68.29000091552734
2024-03-01 09:15:00,246.85000610351562,481.20001220703125,632.469970703125,,39.810001373291016,19.15999984741211,211.86329650878906,852.989990234375,52.900001525878906,68.83999633789062
2024-03-04 09:15:00,247.8300018310547,483.2900085449219,637.010009765625,,39.599998474121094,19.299999237060547,211.53860473632812,865.3800048828125,53.88999938964844,69.6500015258789
2024-03-05 09:15:00,247.33999633789062,484.6300048828125,638.5399780273438,,38.9900016784668,19.34000015258789,214.38670349121094,866.27001953125,54.619998931884766,71.05999755859375
2024-03-06 09:15:00,248.6199951171875,488.3399963378906,636.719970703125,,39.209999084472656,19.450000762939453,214.99600219726562,869.0800170898438,54.720001220703125,70.66000366210938
2024-03-07 09:15:00,248.6699981689453,486.82000732421875,642.8800048828125,,39.349998474121094,19.5,214.44259643554688,865.5499877929688,55.439998626708984,71.2699966430664
2024-03-11 09:15:00,247.4499969482422,482.70001220703125,642.489990234375,,39.220001220703125,19.56999969482422,213.16380310058594,857.75,56.0099983215332,71.7699966430664
2024-03-12 09:15:00,247.4199981689453,482.07000732421875,630.3699951171875,,39.369998931884766,19.290000915527344,212.4597930908203,853.3699951171875,55.939998626708984,71.94999694824219
2024-03-13 09:15:00,243.7100067138672,477.8399963378906,609.5900268554688,,39.0099983215332,18.950000762939453,206.43930053710938,820.260009765625,55.470001220703125,71.26000213623047
2024-03-14 09:15:00,245.38999938964844,476.70001220703125,623.1699829101562,,39.849998474121094,19.15999984741211,208.22349548339844,836.6400146484375,55.84000015258789,72.55000305175781
2024-03-15 09:15:00,243.8000030517578,474.010009765625,617.9600219726562,,39.68000030517578,19.020000457763672,204.9573974609375,829.8900146484375,55.72999954223633,72.7300033569336
2024-03-18 09:15:00,243.97999572753906,474.04998779296875,621.8099975585938,,39.119998931884766,19.149999618530273,207.5345001220703,832.3200073242188,55.5,72.66000366210938
2024-03-19 09:15:00,241.60000610351562,472.07000732421875,610.3499755859375,,38.02000045776367,18.739999771118164,206.63720703125,821.9199829101562,55.61000061035156,72.43000030517578
2024-03-20 09:15:00,241.5800018310547,471.510009765625,612.7999877929688,,37.93000030517578,18.65999984741211,207.16639709472656,827.3499755859375,55.720001220703125,72.48999786376953
2024-03-21 09:15:00,243.99000549316406,475.25,625.72998046875,,38.20000076293945,18.8700008392334,210.1446990966797,839.280029296875,56.70000076293945,73.77999877929688
2024-03-22 09:15:00,244.74000549316406,477.010009765625,628.469970703125,,37.40999984741211,19.100000381469727,213.65989685058594,843.760009765625,55.9900016784668,72.47000122070312
2024-03-26 09:15:00,243.7899932861328,475.05999755859375,634.4500122070312,,37.11000061035156,19.1200008392334,213.5915069580078,847.5,56.29999923706055,72.83000183105469
2024-03-27 09:15:00,244.9600067138672,477.1300048828125,637.1500244140625,,36.88999938964844,19.110000610351562,214.6376953125,856.3300170898438,56.220001220703125,72.33999633789062
2024-03-28 09:15:00,246.9600067138672,480.3900146484375,643.8099975585938,,37.04999923706055,19.270000457763672,217.39419555664062,864.02001953125,56.61000061035156,72.41999816894531
2024-04-01 09:15:00,248.19000244140625,485.1000061035156,655.780029296875,,37.18000030517578,19.510000228881836,217.0469970703125,872.9099731445312,58.31999969482422,74.02999877929688
2024-04-02 09:15:00,248.64999389648438,484.3299865722656,662.719970703125,,36.93000030517578,19.5,219.36839294433594,874.1199951171875,58.63999938964844,75.04000091552734
2024-04-03 09:15:00,248.58999633789062,485.05999755859375,664.77001953125,,37.15999984741211,19.489999771118164,218.7700958251953,875.6500244140625,58.77000045776367,76.16999816894531
2024-04-04 09:15:00,249.22999572753906,489.3999938964844,661.6599731445312,,37.59000015258789,19.440000534057617,219.7469024658203,870.72998046875,59.18000030517578,78.02999877929688
2024-04-05 09:15:00,249.0500030517578,493.3299865722656,666.0800170898438,,37.41999816894531,19.510000228881836,219.22959899902344,868.010009765625,59.029998779296875,77.87000274658203
2024-04-08 09:15:00,250.75,494.1000061035156,670.3400268554688,,37.209999084472656,19.559999465942383,223.96299743652344,874.6300048828125,60.209999084472656,80.52999877929688
2024-04-09 09:15:00,250.74000549316406,496.55999755859375,668.489990234375,,37.18000030517578,19.510000228881836,223.2642059326172,874.7999877929688,60.54999923706055,81.01000213623047
2024-04-10 09:15:00,251.57000732421875,498.32000732421875,674.469970703125,,37.400001525878906,19.459999084472656,223.11920166015625,879.52001953125,60.619998931884766,80.91999816894531
2024-04-12 09:15:00,249.55999755859375,494.94000244140625,670.6599731445312,,37.18000030517578,19.139999389648438,221.76170349121094,873.6099853515625,61.90999984741211,82.86000061035156
2024-04-15 09:15:00,246.8699951171875,486.7099914550781,660.530029296875,,36.56999969482422,18.940000534057617,220.02670288085938,865.1099853515625,61.22999954223633,81.45999908447266
2024-04-16 09:15:00,245.52000427246094,484.4700012207031,660.9299926757812,,35.63999938964844,18.940000534057617,220.25579833984375,922.9299926757812,61.88999938964844,81.83000183105469
2024-04-18 09:15:00,243.94000244140625,480.0799865722656,659.719970703125,,35.560001373291016,18.850000381469727,218.40699768066406,863.5900268554688,61.959999084472656,81.79000091552734
2024-04-19 09:15:00,245.52999877929688,484.7900085449219,659.4299926757812,,35.41999816894531,18.75,219.30760192871094,862.6400146484375,62.2400016784668,81.55000305175781
2024-04-22 09:15:00,247.30999755859375,488.8999938964844,667.3900146484375,,35.59000015258789,19.0,221.36099243164062,870.9000244140625,61.7400016784668,80.27999877929688
2024-04-23 09:15:00,247.82000732421875,488.2300109863281,668.97998046875,,35.7599983215332,18.760000228881836,222.38980102539062,875.7999877929688,60.25,78.56999969482422
2024-04-24 09:15:00,247.94000244140625,490.1700134277344,673.8599853515625,,35.4900016784668,18.899999618530273,222.21270751953125,876.3099975585938,60.72999954223633,79.11000061035156
2024-04-25 09:15:00,249.27000427246094,493.2300109863281,677.5599975585938,,35.58000183105469,19.15999984741211,225.0198974609375,882.7899780273438,60.86000061035156,79.33999633789062
2024-04-26 09:15:00,248.44000244140625,490.70001220703125,682.9199829101562,,35.68000030517578,19.280000686645508,224.3845977783203,881.6099853515625,61.33000183105469,79.77999877929688
2024-04-29 09:15:00,250.58999633789062,502.7799987792969,684.8400268554688,,35.630001068115234,19.3799991607666,224.04849243164062,886.75,61.29999923706055,79.43000030517578
2024-04-30 09:15:00,250.05999755859375,502.3800048828125,690.3300170898438,,35.25,19.270000457763672,228.11239624023438,888.489990234375,60.880001068115234,78.55999755859375
2024-05-02 09:15:00,250.83999633789062,501.30999755859375,700.5700073242188,,35.22999954223633,19.399999618530273,230.67979431152344,891.8699951171875,60.849998474121094,78.43000030517578
2024-05-03 09:15:00,248.75,498.739990234375,700.3300170898438,,34.939998626708984,19.420000076293945,228.73109436035156,882.489990234375,60.47999954223633,78.66000366210938
2024-05-06 09:15:00,248.3699951171875,497.67999267578125,691.280029296875,,35.22999954223633,19.5,228.5778045654297,876.1500244140625,60.720001220703125,79.77999877929688
2024-05-07 09:15:00,247.11000061035156,492.2900085449219,680.5700073242188,,35.52000045776367,19.170000076293945,224.39540100097656,862.2999877929688,60.68000030517578,80.05999755859375
2024-05-08 09:15:00,247.24000549316406,489.9200134277344,688.25,,35.40999984741211,19.139999389648438,227.8867950439453,872.3200073242188,60.5,79.77999877929688
2024-05-09 09:15:00,243.49000549316406,484.7900085449219,675.3200073242188,,35.22999954223633,18.780000686645508,229.6558074951172,855.1099853515625,60.41999816894531,80.55000305175781
2024-05-10 09:15:00,244.97000122070312,485.8399963378906,681.4199829101562,,34.88999938964844,18.770000457763672,231.81939697265625,859.02001953125,61.91999816894531,83.01000213623047
2024-05-13 09:15:00,245.16000366210938,489.1000061035156,685.4500122070312,,35.11000061035156,19.260000228881836,227.92039489746094,860.6400146484375,61.150001525878906,81.97000122070312
2024-05-14 09:15:00,246.61000061035156,489.80999755859375,695.239990234375,,35.11000061035156,19.18000030517578,232.0959014892578,868.3900146484375,61.189998626708984,82.56999969482422
2024-05-15 09:15:00,246.4199981689453,488.07000732421875,698.969970703125,,35.189998626708984,19.239999771118164,230.92970275878906,876.0900268554688,61.709999084472656,83.08999633789062
2024-05-16 09:15:00,248.17999267578125,490.4599914550781,704.0800170898438,,35.720001220703125,19.290000915527344,232.21519470214844,884.3400268554688,62.0,84.33999633789062
2024-05-17 09:15:00,248.72999572753906,491.5799865722656,714.260009765625,,35.560001373291016,19.260000228881836,236.25559997558594,888.75,61.959999084472656,84.80000305175781
2024-05-21 09:15:00,249.74000549316406,491.8399963378906,726.4500122070312,,35.5099983215332,19.479999542236328,236.9405059814453,896.25,62.630001068115234,91.02999877929688
2024-05-22 09:15:00,250.36000061035156,489.6700134277344,728.2000122070312,,35.689998626708984,19.6299991607666,236.6387939453125,900.7100219726562,62.68000030517578,90.80999755859375
2024-05-23 09:15:00,254.2899932861328,498.7099914550781,732.1400146484375,,36.130001068115234,19.489999771118164,241.960205078125,912.47998046875,61.619998931884766,88.05999755859375
2024-05-24 09:15:00,254.97999572753906,501.32000732421875,735.8599853515625,,35.97999954223633,19.420000076293945,242.38600158691406,915.77001953125,60.88999938964844,88.01000213623047
2024-05-27 09:15:00,254.72000122070312,503.7099914550781,736.1900024414062,,36.15999984741211,19.440000534057617,242.23629760742188,915.0800170898438,61.0,88.97000122070312
2024-05-28 09:15:00,254.1999969482422,503.3800048828125,730.0499877929688,,36.0099983215332,19.510000228881836,241.5966033935547,907.8900146484375,61.119998931884766,91.19999694824219
2024-05-29 09:15:00,252.3699951171875,497.6499938964844,725.0800170898438,,35.709999084472656,19.649999618530273,241.02490234375,902.8400268554688,61.20000076293945,92.45999908447266
2024-05-30 09:15:00,250.35000610351562,499.0,719.5399780273438,,35.0099983215332,19.309999465942383,238.1157989501953,895.5399780273438,60.7400016784668,90.8499984741211
2024-05-31 09:15:00,251.14999389648438,502.5,719.9199829101562,,34.70000076293945,19.110000610351562,237.5937957763672,898.780029296875,61.290000915527344,90.5999984741211
2024-06-03 09:15:00,258.1400146484375,522.6099853515625,750.2000122070312,,34.91999816894531,19.280000686645508,243.3990020751953,949.1099853515625,60.59000015258789,88.12000274658203
2024-06-04 09:15:00,250.47999572753906,503.1400146484375,740.260009765625,,34.7599983215332,19.15999984741211,235.2978057861328,921.9600219726562,60.560001373291016,87.30999755859375
2024-06-05 09:15:00,251.3000030517578,502.2699890136719,712.3499755859375,,35.29999923706055,19.610000610351562,246.34649658203125,871.0999755859375,60.68000030517578,86.7699966430664
2024-06-06 09:15:00,252.97999572753906,503.70001220703125,726.6699829101562,,36.29999923706055,19.559999465942383,247.4886016845703,884.6900024414062,61.45000076293945,88.83999633789062
2024-06-07 09:15:00,258.4200134277344,509.1499938964844,736.5599975585938,,37.47999954223633,19.93000030517578,253.8065948486328,903.3099975585938,61.09000015258789,89.37999725341797
2024-06-10 09:15:00,257.94000244140625,508.80999755859375,742.9000244140625,,36.939998626708984,20.079999923706055,253.82699584960938,910.4000244140625,60.130001068115234,87.33999633789062
2024-06-11 09:15:00,258.79998779296875,508.3999938964844,742.219970703125,,36.91999816894531,20.049999237060547,256.2257080078125,915.5999755859375,60.41999816894531,86.20999908447266
2024-06-12 09:15:00,259.3900146484375,510.6600036621094,747.510009765625,,36.959999084472656,20.059999465942383,256.0906066894531,924.0900268554688,60.59000015258789,86.81999969482422
2024-06-13 09:15:00,260.29998779296875,510.510009765625,753.8200073242188,,37.279998779296875,20.1299991607666,257.8721923828125,928.3699951171875,60.59000015258789,86.58000183105469
2024-06-14 09:15:00,260.6499938964844,512.1400146484375,764.4000244140625,,37.02000045776367,20.200000762939453,261.400390625,932.7100219726562,60.599998474121094,86.11000061035156
2024-06-18 09:15:00,261.55999755859375,516.4500122070312,768.8900146484375,,37.130001068115234,20.15999984741211,261.3276062011719,934.3499755859375,60.33000183105469,86.26000213623047
2024-06-19 09:15:00,261.3800048828125,526.1599731445312,762.0999755859375,,37.310001373291016,19.989999771118164,257.9444885253906,920.4600219726562,60.709999084472656,86.91999816894531
2024-06-20 09:15:00,261.7200012207031,530.3400268554688,762.8699951171875,,37.2599983215332,19.889999389648438,256.78759765625,924.4299926757812,61.029998779296875,88.5
2024-06-21 09:15:00,260.8699951171875,528.6900024414062,757.5800170898438,,37.58000183105469,19.8799991607666,255.00779724121094,922.6599731445312,61.529998779296875,88.69999694824219
2024-06-24 09:15:00,261.6600036621094,529.1599731445312,761.9400024414062,,37.47999954223633,19.860000610351562,257.20941162109375,923.3099975585938,60.619998931884766,86.98999786376953
2024-06-25 09:15:00,263.5899963378906,538.0800170898438,759.760009765625,,37.88999938964844,19.850000381469727,256.6051025390625,922.77001953125,60.75,86.80999755859375
2024-06-26 09:15:00,265.010009765625,540.4099731445312,759.0999755859375,,37.83000183105469,19.8700008392334,254.26040649414062,930.47998046875,60.459999084472656,85.2699966430664
2024-06-27 09:15:00,266.95001220703125,540.1099853515625,759.0900268554688,,38.540000915527344,19.84000015258789,256.00469970703125,939.0,60.31999969482422,85.05999755859375
2024-06-28 09:15:00,267.4800109863281,537.2000122070312,761.0399780273438,,38.599998474121094,20.079999923706055,256.0968017578125,945.5900268554688,60.630001068115234,85.9000015258789
2024-07-01 09:15:00,268.29998779296875,539.280029296875,767.8699951171875,,39.310001373291016,20.079999923706055,257.3434143066406,944.3099975585938,60.54999923706055,85.58000183105469
2024-07-02 09:15:00,269.0299987792969,535.6799926757812,767.7899780273438,,39.77000045776367,20.1200008392334,255.3824005126953,942.4600219726562,60.720001220703125,85.94999694824219
2024-07-03 09:15:00,270.2300109863281,542.8300170898438,772.8599853515625,,39.779998779296875,20.260000228881836,255.908203125,946.030029296875,61.06999969482422,87.44000244140625
2024-07-04 09:15:00,270.5299987792969,543.3800048828125,776.9199829101562,,40.22999954223633,20.520000457763672,257.77130126953125,945.7899780273438,61.290000915527344,87.88999938964844
2024-07-05 09:15:00,270.5299987792969,539.5999755859375,783.1699829101562,,40.2400016784668,20.84000015258789,258.6167907714844,955.010009765625,61.47999954223633,88.68000030517578
2024-07-08 09:15:00,270.0400085449219,537.7000122070312,783.9199829101562,,40.22999954223633,20.68000030517578,257.2130126953125,958.7100219726562,61.56999969482422,89.44000244140625
2024-07-09 09:15:00,271.3800048828125,538.9199829101562,787.0700073242188,,40.16999816894531,20.979999542236328,262.927490234375,958.52001953125,61.380001068115234,89.86000061035156
2024-07-10 09:15:00,270.9200134277344,535.5,787.260009765625,,39.75,21.06999969482422,257.6398010253906,957.3200073242188,61.540000915527344,89.69999694824219
2024-07-11 09:15:00,270.75,536.1500244140625,789.2100219726562,,39.810001373291016,20.969999313354492,257.1763916015625,944.469970703125,61.68000030517578,90.02999877929688
2024-07-12 09:15:00,271.94000244140625,535.510009765625,786.1699829101562,,41.61000061035156,20.940000534057617,256.03961181640625,960.1900024414062,61.88999938964844,89.61000061035156
2024-07-15 09:15:00,273.0899963378906,538.030029296875,792.2899780273438,,41.61000061035156,21.200000762939453,258.8197937011719,964.1300048828125,61.91999816894531,89.4000015258789
2024-07-16 09:15:00,273.54998779296875,537.3800048828125,788.239990234375,,41.790000915527344,21.170000076293945,259.4591064453125,966.510009765625,62.439998626708984,89.77999877929688
2024-07-18 09:15:00,275.510009765625,538.47998046875,779.489990234375,,42.66999816894531,21.110000610351562,260.408203125,963.7000122070312,62.90999984741211,89.43000030517578
2024-07-19 09:15:00,273.2900085449219,534.9099731445312,761.4099731445312,,42.61000061035156,20.81999969482422,254.21170043945312,945.0399780273438,62.40999984741211,86.91000366210938
2024-07-22 09:15:00,272.45001220703125,535.030029296875,770.1799926757812,,42.41999816894531,21.030000686645508,257.1438903808594,945.8800048828125,62.08000183105469,86.30000305175781
2024-07-23 09:15:00,272.6400146484375,530.0999755859375,764.4500122070312,,42.90999984741211,21.15999984741211,257.8620910644531,940.6900024414062,60.15999984741211,83.51000213623047
2024-07-24 09:15:00,271.8900146484375,526.3800048828125,766.0399780273438,,42.849998474121094,21.280000686645508,257.7312927246094,943.239990234375,59.599998474121094,82.91000366210938
2024-07-25 09:15:00,271.9200134277344,521.8200073242188,768.530029296875,,42.7599983215332,21.469999313354492,260.9700012207031,949.780029296875,59.369998931884766,79.87000274658203
2024-07-26 09:15:00,276.05999755859375,525.2999877929688,782.52001953125,,43.75,21.969999313354492,267.29669189453125,966.260009765625,59.9900016784668,79.80000305175781
2024-07-29 09:15:00,276.67999267578125,526.9199829101562,790.1300048828125,,43.709999084472656,22.09000015258789,269.07720947265625,971.9500122070312,58.779998779296875,80.36000061035156
2024-07-30 09:15:00,277.1000061035156,528.3200073242188,789.22998046875,,43.619998931884766,21.969999313354492,270.6429138183594,974.489990234375,58.349998474121094,80.0
2024-07-31 09:15:00,277.75,528.9400024414062,794.510009765625,,43.68000030517578,22.18000030517578,271.7002868652344,983.3099975585938,58.68000030517578,81.83999633789062
2024-08-01 09:15:00,278.3299865722656,528.75,791.5,,43.599998474121094,22.190000534057617,269.802001953125,984.6199951171875,59.09000015258789,82.33999633789062
2024-08-02 09:15:00,275.69000244140625,527.1099853515625,782.8699951171875,,42.59000015258789,22.34000015258789,262.3081970214844,971.5399780273438,59.66999816894531,82.04000091552734
2024-08-05 09:15:00,269.4800109863281,514.8200073242188,767.489990234375,,41.29999923706055,22.25,252.07440185546875,947.3099975585938,58.7400016784668,78.94000244140625
2024-08-06 09:15:00,267.6099853515625,510.6400146484375,749.8200073242188,,41.220001220703125,21.979999542236328,250.1811981201172,937.1699829101562,58.619998931884766,77.29000091552734
2024-08-07 09:15:00,271.1000061035156,514.260009765625,769.9400024414062,,41.880001068115234,22.479999542236328,254.5679931640625,954.5700073242188,58.20000076293945,78.56999969482422
2024-08-08 09:15:00,269.3299865722656,513.969970703125,767.0,,41.209999084472656,22.59000015258789,254.3583984375,942.1500244140625,58.09000015258789,77.3499984741211
2024-08-09 09:15:00,271.5899963378906,516.989990234375,775.0399780273438,,41.83000183105469,22.639999389648438,258.71630859375,947.1300048828125,58.65999984741211,78.69999694824219
2024-08-12 09:15:00,271.44000244140625,518.9099731445312,772.4500122070312,,41.810001373291016,22.639999389648438,258.0242919921875,945.469970703125,59.02000045776367,79.83999633789062
2024-08-13 09:15:00,269.5199890136719,512.4099731445312,764.1699829101562,,41.75,22.610000610351562,256.0223083496094,938.9500122070312,59.400001525878906,79.30999755859375
2024-08-14 09:15:00,269.3399963378906,511.3299865722656,765.1699829101562,,42.459999084472656,22.440000534057617,256.18560791015625,935.719970703125,59.61000061035156,79.62000274658203
2024-08-16 09:15:00,273.80999755859375,518.1799926757812,776.4600219726562,,43.720001220703125,22.610000610351562,261.2992858886719,949.4299926757812,59.470001220703125,80.01000213623047
2024-08-19 09:15:00,274.42999267578125,517.0399780273438,781.4099731445312,,44.06999969482422,22.729999542236328,258.9754943847656,952.6300048828125,60.34000015258789,82.0
2024-08-20 09:15:00,275.8299865722656,521.6599731445312,788.8900146484375,,44.4900016784668,22.790000915527344,260.3132019042969,954.47998046875,60.66999816894531,83.37000274658203
2024-08-21 09:15:00,276.1199951171875,520.6099853515625,791.3699951171875,,44.4900016784668,23.040000915527344,261.19158935546875,957.72998046875,60.380001068115234,82.94999694824219
2024-08-22 09:15:00,276.4800109863281,522.8400268554688,796.8300170898438,,44.439998626708984,23.030000686645508,260.9551086425781,959.9299926757812,60.45000076293945,82.9000015258789
2024-08-23 09:15:00,276.6000061035156,522.469970703125,794.52001953125,,44.029998779296875,23.030000686645508,263.868896484375,962.3099975585938,60.25,82.4800033569336
2024-08-26 09:15:00,278.8399963378906,524.489990234375,798.219970703125,,44.540000915527344,23.020000457763672,264.7857971191406,966.1699829101562,60.83000183105469,84.12999725341797
2024-08-27 09:15:00,278.70001220703125,525.9199829101562,798.8800048828125,,44.529998779296875,,264.4844055175781,965.1500244140625,60.54999923706055,83.98999786376953
2024-08-28 09:15:00,278.94000244140625,524.8400268554688,800.6099853515625,,45.40999984741211,23.489999771118164,264.1531982421875,965.8599853515625,60.54999923706055,83.29000091552734
2024-08-29 09:15:00,280.1000061035156,524.7899780273438,799.030029296875,,45.5,23.3700008392334,265.5743103027344,970.1599731445312,60.56999969482422,83.27999877929688
2024-08-30 09:15:00,281.0799865722656,526.72998046875,801.7999877929688,,45.66999816894531,23.739999771118164,267.119384765625,974.3400268554688,60.65999984741211,83.06999969482422
2024-09-02 09:15:00,281.45001220703125,527.4099731445312,802.489990234375,,45.97999954223633,23.5,266.0819091796875,970.6599731445312,60.25,80.88999938964844
2024-09-03 09:15:00,281.7200012207031,529.760009765625,803.5800170898438,,45.77000045776367,23.510000228881836,265.7060852050781,971.2899780273438,60.36000061035156,80.5199966430664
2024-09-04 09:15:00,281.2799987792969,528.8599853515625,805.530029296875,,45.439998626708984,23.670000076293945,264.68170166015625,968.010009765625,59.83000183105469,79.38999938964844
2024-09-05 09:15:00,280.42999267578125,529.0599975585938,803.2000122070312,,45.63999938964844,23.649999618530273,263.6716003417969,963.6799926757812,60.54999923706055,81.08000183105469
2024-09-06 09:15:00,277.82000732421875,520.530029296875,795.7899780273438,,45.189998626708984,23.540000915527344,260.5309143066406,950.47998046875,60.65999984741211,81.31999969482422
2024-09-09 09:15:00,277.67999267578125,524.47998046875,796.0700073242188,,44.81999969482422,23.510000228881836,260.2008972167969,949.3400268554688,60.15999984741211,79.7699966430664
2024-09-10 09:15:00,279.20001220703125,526.6599731445312,798.0999755859375,,45.63999938964844,23.75,260.8236999511719,955.5599975585938,60.36000061035156,80.33999633789062
2024-09-11 09:15:00,277.5400085449219,523.0599975585938,793.8099975585938,,45.4900016784668,23.709999084472656,257.60089111328125,947.4000244140625,60.709999084472656,81.29000091552734
2024-09-12 09:15:00,282.7099914550781,530.8499755859375,803.5599975585938,,46.08000183105469,23.8700008392334,263.0985107421875,967.3800048828125,60.61000061035156,81.2300033569336
2024-09-13 09:15:00,283.19000244140625,532.3400268554688,804.2899780273438,,46.310001373291016,23.920000076293945,263.5155944824219,962.9199829101562,61.63999938964844,84.12000274658203
2024-09-16 09:15:00,283.2699890136719,534.739990234375,804.2899780273438,,46.290000915527344,23.940000534057617,263.6011047363281,964.0599975585938,62.04999923706055,86.23999786376953
2024-09-17 09:15:00,283.8900146484375,535.3200073242188,803.1400146484375,,46.349998474121094,23.8799991607666,264.2803039550781,969.9099731445312,61.77000045776367,85.37999725341797
2024-09-18 09:15:00,283.3599853515625,540.739990234375,800.1500244140625,,45.06999969482422,23.540000915527344,263.34100341796875,964.0999755859375,61.68000030517578,84.95999908447266
2024-09-19 09:15:00,283.9200134277344,544.2100219726562,794.8099975585938,,44.810001373291016,23.389999389648438,264.39208984375,963.9600219726562,62.189998626708984,86.61000061035156
2024-09-20 09:15:00,287.1000061035156,550.6799926757812,804.5800170898438,,45.08000183105469,23.43000030517578,269.3554992675781,976.22998046875,62.43000030517578,86.4800033569336
2024-09-23 09:15:00,289.3399963378906,556.5700073242188,816.3800048828125,,44.939998626708984,23.549999237060547,273.5408935546875,987.75,62.810001373291016,85.3499984741211
2024-09-24 09:15:00,289.29998779296875,554.3900146484375,817.280029296875,,45.290000915527344,23.670000076293945,274.71240234375,990.8699951171875,62.9900016784668,86.12999725341797
2024-09-25 09:15:00,290.0899963378906,554.6300048828125,814.8499755859375,,44.849998474121094,23.729999542236328,274.3836975097656,1001.0399780273438,63.65999984741211,88.11000061035156
2024-09-26 09:15:00,291.54998779296875,557.4500122070312,819.9400024414062,,45.08000183105469,23.719999313354492,280.58209228515625,997.6699829101562,63.77000045776367,88.98999786376953
2024-09-27 09:15:00,291.9700012207031,553.22998046875,825.8599853515625,,45.34000015258789,23.899999618530273,281.73980712890625,1000.5499877929688,63.47999954223633,88.33999633789062
2024-09-30 09:15:00,288.3800048828125,544.780029296875,821.5999755859375,,44.93000030517578,23.760000228881836,275.784912109375,992.8400268554688,63.54999923706055,88.04000091552734
2024-10-01 09:15:00,288.2699890136719,544.3599853515625,821.8300170898438,,45.290000915527344,23.790000915527344,276.3564147949219,989.989990234375,63.59000015258789,87.66999816894531
2024-10-03 09:15:00,282.69000244140625,534.5499877929688,807.6300048828125,,45.099998474121094,23.579999923706055,268.3861999511719,968.7899780273438,63.689998626708984,88.44999694824219
2024-10-04 09:15:00,280.1499938964844,529.8800048828125,803.2000122070312,,45.279998779296875,23.649999618530273,264.5533142089844,962.7000122070312,63.9900016784668,89.86000061035156
2024-10-07 09:15:00,278.010009765625,521.5999755859375,784.969970703125,,45.09000015258789,23.469999313354492,263.3362121582031,944.6500244140625,63.810001373291016,89.43000030517578
2024-10-08 09:15:00,279.3999938964844,524.969970703125,796.030029296875,,45.22999954223633,23.799999237060547,267.7091979980469,948.8699951171875,63.45000076293945,87.66000366210938
2024-10-09 09:15:00,278.7200012207031,524.6400146484375,804.7000122070312,,45.4900016784668,24.299999237060547,269.8918151855469,949.25,63.02000045776367,86.33000183105469
2024-10-10 09:15:00,279.29998779296875,529.1900024414062,803.2999877929688,,45.060001373291016,23.809999465942383,270.68798828125,948.5900268554688,63.0099983215332,86.25
2024-10-11 09:15:00,278.7200012207031,526.4600219726562,804.1500244140625,,45.16999816894531,24.010000228881836,269.7493896484375,947.489990234375,63.540000915527344,87.70999908447266
2024-10-14 09:15:00,280.760009765625,531.760009765625,807.010009765625,,45.77000045776367,24.18000030517578,270.0194091796875,952.4400024414062,63.97999954223633,88.38999938964844
2024-10-15 09:15:00,279.8299865722656,532.7000122070312,809.4500122070312,,45.72999954223633,24.030000686645508,267.76519775390625,952.3499755859375,63.86000061035156,87.62999725341797
2024-10-16 09:15:00,278.5,531.6500244140625,807.8099975585938,,45.22999954223633,23.950000762939453,264.3620910644531,953.9099731445312,64.44000244140625,89.26000213623047
2024-10-17 09:15:00,276.69000244140625,526.9000244140625,789.9099731445312,,45.619998931884766,23.739999771118164,254.9958953857422,946.1699829101562,64.44000244140625,88.58999633789062
2024-10-18 09:15:00,277.5299987792969,534.3099975585938,792.989990234375,,45.0,23.809999465942383,256.58221435546875,948.27001953125,65.18000030517578,89.80999755859375
2024-10-21 09:15:00,276.4700012207031,532.5499877929688,781.989990234375,,44.4900016784668,23.540000915527344,257.64898681640625,943.969970703125,65.79000091552734,94.63999938964844
2024-10-22 09:15:00,273.55999755859375,526.7100219726562,759.5499877929688,,44.060001373291016,23.229999542236328,251.2781982421875,925.280029296875,65.7300033569336,94.87999725341797
2024-10-23 09:15:00,273.0899963378906,526.1099853515625,757.3099975585938,,45.11000061035156,22.8799991607666,249.4833984375,916.7100219726562,66.16000366210938,96.11000061035156
2024-10-24 09:15:00,272.1199951171875,528.6199951171875,753.6699829101562,,45.029998779296875,22.979999542236328,248.1925048828125,915.5999755859375,65.75,95.12000274658203
2024-10-25 09:15:00,270.4800109863281,522.1400146484375,744.489990234375,,44.88999938964844,22.969999313354492,242.8325958251953,907.989990234375,65.44999694824219,92.6500015258789
2024-10-28 09:15:00,271.9700012207031,526.4500122070312,747.72998046875,,45.11000061035156,23.329999923706055,244.51280212402344,906.3699951171875,65.77999877929688,93.62999725341797
2024-10-29 09:15:00,273.5899963378906,536.280029296875,752.77001953125,,45.06999969482422,23.079999923706055,240.6790008544922,906.72998046875,66.30000305175781,95.33999633789062
2024-10-30 09:15:00,272.1600036621094,532.6400146484375,749.9099731445312,,44.81999969482422,,240.73280334472656,910.6300048828125,67.0199966430664,95.66999816894531
2024-10-31 09:15:00,270.6400146484375,529.6400146484375,746.5900268554688,,43.54999923706055,23.170000076293945,239.92770385742188,912.9600219726562,66.91999816894531,94.2699966430664
2024-11-01 09:15:00,270.6400146484375,529.6400146484375,746.5900268554688,,43.54999923706055,23.360000610351562,,912.9600219726562,66.91999816894531,94.2699966430664
2024-11-04 09:15:00,268.4700012207031,526.0700073242188,741.010009765625,,43.439998626708984,23.1200008392334,240.52000427246094,899.1500244140625,66.0199966430664,92.25
2024-11-05 09:15:00,270.7900085449219,534.9000244140625,744.9600219726562,,43.470001220703125,,243.23699951171875,899.47998046875,65.94000244140625,91.70999908447266
2024-11-06 09:15:00,273.9100036621094,537.8699951171875,762.02001953125,,45.130001068115234,23.31999969482422,246.27769470214844,917.4000244140625,65.58999633789062,90.70999908447266
2024-11-07 09:15:00,270.70001220703125,533.1199951171875,753.9000244140625,,44.900001525878906,23.0,242.95640563964844,906.8800048828125,64.33000183105469,87.98999786376953
2024-11-08 09:15:00,270.0299987792969,529.4500122070312,744.969970703125,,45.130001068115234,22.920000076293945,242.88180541992188,902.9400024414062,65.0,89.12999725341797
2024-11-11 09:15:00,269.9599914550781,532.0,747.4099731445312,,45.849998474121094,22.809999465942383,242.1024932861328,897.530029296875,64.48999786376953,88.4800033569336
2024-11-12 09:15:00,267.17999267578125,526.030029296875,730.8499755859375,,45.81999969482422,22.6299991607666,237.4044952392578,886.4600219726562,62.84000015258789,85.86000061035156
2024-11-13 09:15:00,263.6400146484375,515.0499877929688,717.1599731445312,,45.459999084472656,22.280000686645508,232.26429748535156,877.4199829101562,63.25,87.61000061035156
2024-11-14 09:15:00,263.57000732421875,516.1300048828125,720.3900146484375,,45.5,22.229999542236328,233.7866973876953,875.52001953125,61.790000915527344,84.66000366210938
2024-11-18 09:15:00,262.4700012207031,516.8800048828125,719.719970703125,,44.459999084472656,21.940000534057617,235.09979248046875,870.2999877929688,62.900001525878906,86.91999816894531
2024-11-19 09:15:00,263.07000732421875,519.1500244140625,723.5700073242188,,44.79999923706055,22.239999771118164,238.37950134277344,869.22998046875,63.720001220703125,88.81999969482422
2024-11-21 09:15:00,261.2900085449219,516.4099731445312,713.25,,45.029998779296875,22.200000762939453,236.19810485839844,860.3800048828125,64.56999969482422,88.0999984741211
2024-11-22 09:15:00,266.8599853515625,524.9199829101562,726.3300170898438,,46.45000076293945,22.43000030517578,240.35870361328125,882.260009765625,65.33000183105469,88.44000244140625
2024-11-25 09:15:00,270.7300109863281,534.969970703125,740.8400268554688,,46.970001220703125,22.6200008392334,242.01080322265625,902.52001953125,64.37999725341797,86.87000274658203
2024-11-26 09:15:00,270.5400085449219,535.0700073242188,742.52001953125,,47.459999084472656,22.40999984741211,238.91470336914062,898.5399780273438,63.38999938964844,86.01000213623047
2024-11-27 09:15:00,271.5400085449219,536.280029296875,749.3099975585938,,47.400001525878906,22.290000915527344,239.9770050048828,900.5599975585938,63.959999084472656,86.58999633789062
2024-11-28 09:15:00,267.67999267578125,532.969970703125,750.1599731445312,,46.27000045776367,22.190000534057617,236.07350158691406,890.4500122070312,64.04000091552734,85.1500015258789
2024-11-29 09:15:00,269.8800048828125,533.5999755859375,754.97998046875,,46.459999084472656,22.68000030517578,238.456298828125,903.989990234375,64.29000091552734,86.91999816894531
2024-12-02 09:15:00,271.3800048828125,534.3400268554688,759.9500122070312,,46.7400016784668,22.93000030517578,240.80810546875,908.6500244140625,63.7599983215332,86.04000091552734
2024-12-03 09:15:00,272.9800109863281,540.1599731445312,767.9400024414062,,46.939998626708984,22.90999984741211,242.36419677734375,925.2000122070312,64.05999755859375,87.62999725341797
2024-12-04 09:15:00,273.42999267578125,546.0,771.3800048828125,,47.15999984741211,22.899999618530273,240.6446990966797,918.0999755859375,64.01000213623047,87.54000091552734
2024-12-05 09:15:00,275.9200134277344,548.9099731445312,773.469970703125,,48.06999969482422,22.959999084472656,242.19439697265625,923.030029296875,64.05999755859375,88.55000305175781
2024-12-06 09:15:00,275.8800048828125,550.1099853515625,778.5,,47.959999084472656,22.899999618530273,244.4783935546875,924.469970703125,63.9900016784668,88.48999786376953
2024-12-09 09:15:00,275.1400146484375,547.7899780273438,776.5,,48.09000015258789,22.770000457763672,242.58360290527344,925.989990234375,64.29000091552734,88.70999908447266
2024-12-10 09:15:00,274.67999267578125,549.3800048828125,780.6199951171875,,48.47999954223633,22.760000228881836,242.49949645996094,921.530029296875,64.66999816894531,90.11000061035156
2024-12-11 09:15:00,274.9700012207031,546.9000244140625,782.1599731445312,,48.650001525878906,22.770000457763672,243.36390686035156,919.8900146484375,65.04000091552734,90.05000305175781
2024-12-12 09:15:00,274.1000061035156,545.7100219726562,780.239990234375,,49.029998779296875,22.700000762939453,241.4093017578125,914.5800170898438,65.48999786376953,91.2699966430664
2024-12-13 09:15:00,276.0799865722656,548.9299926757812,779.0599975585938,,49.4900016784668,22.6299991607666,242.5576934814453,923.47998046875,64.61000061035156,87.25
2024-12-16 09:15:00,275.4800109863281,548.8099975585938,781.280029296875,,49.119998931884766,22.670000076293945,242.73159790039062,920.8300170898438,64.4800033569336,87.2699966430664
2024-12-17 09:15:00,272.2200012207031,541.989990234375,771.0900268554688,,48.869998931884766,22.540000915527344,238.92919921875,908.6199951171875,64.0999984741211,86.37999725341797
2024-12-18 09:15:00,270.70001220703125,535.9000244140625,760.8900146484375,,48.86000061035156,22.709999084472656,237.1280059814453,900.7100219726562,64.37999725341797,86.7300033569336
2024-12-19 09:15:00,268.3900146484375,530.0499877929688,754.1799926757812,,48.2599983215332,23.100000381469727,235.3896026611328,893.6900024414062,63.779998779296875,84.68000030517578
2024-12-20 09:15:00,264.1499938964844,521.1199951171875,734.2100219726562,,46.93000030517578,22.90999984741211,230.38160705566406,876.010009765625,63.31999969482422,82.94999694824219
2024-12-23 09:15:00,265.6600036621094,527.6199951171875,735.77001953125,,47.0099983215332,22.969999313354492,230.1490020751953,881.5,63.970001220703125,85.48999786376953
2024-12-24 09:15:00,265.489990234375,526.9199829101562,736.2100219726562,,46.869998931884766,22.959999084472656,231.44970703125,881.0499877929688,63.68000030517578,85.30000305175781
2024-12-26 09:15:00,265.6700134277344,525.530029296875,738.219970703125,,46.849998474121094,23.110000610351562,233.389404296875,883.3400268554688,64.0,85.43000030517578
2024-12-27 09:15:00,266.3900146484375,527.3300170898438,733.0399780273438,,46.88999938964844,23.399999618530273,235.6613006591797,879.9600219726562,64.20999908447266,85.70999908447266
2024-12-30 09:15:00,264.3699951171875,524.0,727.5,,47.189998626708984,23.709999084472656,232.2812957763672,872.530029296875,64.0,84.94999694824219
2024-12-31 09:15:00,264.4700012207031,522.7899780273438,726.989990234375,,46.63999938964844,23.84000015258789,232.95069885253906,896.0499877929688,64.08999633789062,83.7300033569336
2025-01-01 09:15:00,265.5899963378906,524.9199829101562,729.5499877929688,,46.540000915527344,23.8700008392334,236.064697265625,879.4600219726562,64.3499984741211,83.8499984741211
2025-01-02 09:15:00,269.8900146484375,528.3400268554688,738.739990234375,,47.599998474121094,23.950000762939453,245.0023956298828,894.8599853515625,64.5999984741211,84.83999633789062
2025-01-03 09:15:00,268.4100036621094,523.3599853515625,739.8400268554688,,47.08000183105469,23.770000457763672,244.88690185546875,889.8099975585938,65.06999969482422,85.86000061035156
2025-01-06 09:15:00,264.4800109863281,511.5299987792969,717.1599731445312,,46.84000015258789,23.56999969482422,239.55149841308594,869.8499755859375,64.61000061035156,85.93000030517578
2025-01-07 09:15:00,265.1600036621094,514.4099731445312,715.7000122070312,,46.66999816894531,23.6200008392334,239.54910278320312,873.0999755859375,64.7699966430664,87.06999969482422
2025-01-08 09:15:00,264.9200134277344,510.5199890136719,709.7999877929688,,46.83000183105469,23.5,238.4058074951172,871.8599853515625,65.12000274658203,87.19999694824219
2025-01-09 09:15:00,263.1499938964844,507.4599914550781,700.969970703125,,46.369998931884766,23.270000457763672,237.74220275878906,864.8599853515625,65.4000015258789,87.2699966430664
2025-01-10 09:15:00,262.2200012207031,500.1199951171875,687.8300170898438,,47.84000015258789,22.770000457763672,234.81019592285156,855.4299926757812,65.93000030517578,87.54000091552734
2025-01-13 09:15:00,258.3999938964844,493.8299865722656,660.9099731445312,,47.38999938964844,22.299999237060547,228.3256072998047,834.0900268554688,66.25,87.29000091552734
2025-01-14 09:15:00,259.260009765625,500.6099853515625,674.6199951171875,,46.279998779296875,22.65999984741211,232.9210968017578,841.8300170898438,66.04000091552734,86.2699966430664
2025-01-15 09:15:00,259.5799865722656,500.6400146484375,680.27001953125,,46.52000045776367,22.43000030517578,231.6927947998047,850.1500244140625,66.26000213623047,87.31999969482422
2025-01-16 09:15:00,260.7200012207031,505.010009765625,689.3200073242188,,46.27000045776367,22.3700008392334,233.20579528808594,859.22998046875,66.58999633789062,88.94999694824219
2025-01-17 09:15:00,259.7699890136719,497.32000732421875,695.8300170898438,,45.5,22.5,232.48899841308594,868.6099853515625,66.66000366210938,87.6500015258789
2025-01-20 09:15:00,261.2900085449219,505.80999755859375,696.5700073242188,,45.63999938964844,22.6299991607666,231.26820373535156,874.030029296875,66.58999633789062,87.7300033569336
2025-01-21 09:15:00,257.9100036621094,498.82000732421875,678.2999877929688,,45.04999923706055,22.3700008392334,227.5084991455078,858.989990234375,66.94999694824219,87.80999755859375
2025-01-22 09:15:00,258.8500061035156,500.5899963378906,672.25,,45.939998626708984,22.440000534057617,227.21299743652344,856.8200073242188,67.62000274658203,88.61000061035156
2025-01-23 09:15:00,259.510009765625,499.3800048828125,679.0,,46.75,22.790000915527344,229.70570373535156,858.780029296875,67.43000030517578,87.8499984741211
2025-01-24 09:15:00,258.19000244140625,496.1700134277344,668.3400268554688,,46.93000030517578,22.329999923706055,226.1566925048828,852.8800048828125,67.7699966430664,88.66999816894531
2025-01-27 09:15:00,255.69000244140625,494.1199951171875,649.719970703125,,45.380001068115234,21.719999313354492,224.10760498046875,839.0900268554688,67.69000244140625,87.58999633789062
2025-01-28 09:15:00,257.3299865722656,501.42999267578125,651.510009765625,,45.13999938964844,21.25,227.1011962890625,840.5399780273438,67.58000183105469,87.0999984741211
2025-01-29 09:15:00,259.3800048828125,504.1099853515625,664.3699951171875,,46.349998474121094,21.610000610351562,230.38490295410156,844.989990234375,67.86000061035156,88.01000213623047
2025-01-30 09:15:00,260.2200012207031,506.44000244140625,664.989990234375,,45.79999923706055,21.850000381469727,229.46640014648438,851.280029296875,68.08999633789062,89.5
2025-01-31 09:15:00,263.0,508.3800048828125,676.9099731445312,,45.959999084472656,21.889999389648438,233.25770568847656,864.219970703125,69.08000183105469,90.66999816894531
2025-02-01 09:15:00,262.1300048828125,508.42999267578125,678.72998046875,,45.41999816894531,21.760000228881836,237.72239685058594,854.72998046875,68.94999694824219,90.11000061035156
2025-02-03 09:15:00,261.4700012207031,505.8399963378906,669.6599731445312,,45.630001068115234,21.809999465942383,237.94000244140625,839.3599853515625,69.63999938964844,90.52999877929688
2025-02-04 09:15:00,265.04998779296875,513.8800048828125,680.3900146484375,,46.220001220703125,22.1299991607666,240.05999755859375,856.719970703125,70.08000183105469,91.08999633789062
2025-02-05 09:15:00,265.25,516.0900268554688,684.5499877929688,,46.2400016784668,22.309999465942383,239.87559509277344,860.4299926757812,71.56999969482422,93.02999877929688
2025-02-06 09:15:00,264.3699951171875,516.989990234375,679.3800048828125,,46.40999984741211,22.479999542236328,237.64849853515625,853.6500244140625,71.43000030517578,91.83999633789062
2025-02-07 09:15:00,263.75,514.530029296875,679.7100219726562,,46.31999969482422,22.489999771118164,239.2899932861328,853.4099731445312,71.54000091552734,92.7300033569336
2025-02-10 09:15:00,261.8999938964844,513.3300170898438,667.3099975585938,,45.93000030517578,22.149999618530273,235.74429321289062,844.1699829101562,72.5199966430664,92.94999694824219
2025-02-11 09:15:00,258.54998779296875,507.55999755859375,650.3800048828125,,45.25,21.700000762939453,230.24960327148438,829.5499877929688,71.9800033569336,91.37000274658203
2025-02-12 09:15:00,258.2699890136719,508.30999755859375,650.75,,45.0,21.610000610351562,228.5529022216797,829.1199951171875,71.47000122070312,91.29000091552734
2025-02-13 09:15:00,258.1700134277344,506.70001220703125,651.9400024414062,,44.599998474121094,21.950000762939453,227.90829467773438,842.0,71.87000274658203,92.75
2025-02-14 09:15:00,256.95001220703125,504.55999755859375,637.510009765625,,44.59000015258789,21.31999969482422,225.10650634765625,817.9099731445312,72.22000122070312,94.70999908447266
2025-02-17 09:15:00,257.1099853515625,506.1499938964844,635.6500244140625,,44.279998779296875,21.510000228881836,223.90660095214844,819.1699829101562,71.6500015258789,92.86000061035156
2025-02-18 09:15:00,256.8399963378906,503.79998779296875,636.8800048828125,,44.70000076293945,21.389999389648438,222.5655975341797,822.5800170898438,71.9800033569336,93.20999908447266
2025-02-19 09:15:00,256.8900146484375,509.5299987792969,643.9400024414062,,44.220001220703125,21.280000686645508,222.46510314941406,825.7899780273438,72.7300033569336,94.55999755859375
2025-02-20 09:15:00,256.8500061035156,506.8500061035156,653.219970703125,,44.08000183105469,21.200000762939453,225.17149353027344,834.0399780273438,72.48999786376953,94.55999755859375
2025-02-21 09:15:00,255.52999877929688,502.5199890136719,647.2100219726562,,43.72999954223633,20.780000686645508,219.3751983642578,826.4099731445312,72.08000183105469,94.05999755859375
2025-02-24 09:15:00,252.8699951171875,499.6199951171875,639.760009765625,,42.5099983215332,20.799999237060547,219.84629821777344,815.1500244140625,72.5999984741211,93.20999908447266
2025-02-25 09:15:00,252.75,498.489990234375,634.8400268554688,,42.16999816894531,20.65999984741211,220.9665069580078,811.1599731445312,72.75,92.91000366210938
2025-02-27 09:15:00,252.55999755859375,499.9800109863281,629.1099853515625,,42.0099983215332,20.579999923706055,217.62730407714844,808.1599731445312,71.87999725341797,91.97000122070312
2025-02-28 09:15:00,248.4499969482422,496.7200012207031,612.0800170898438,,40.22999954223633,20.219999313354492,209.09579467773438,794.5499877929688,71.0999984741211,90.45999908447266
2025-03-03 09:15:00,248.0500030517578,493.67999267578125,616.280029296875,,40.560001373291016,20.280000686645508,209.49569702148438,795.760009765625,71.36000061035156,91.41000366210938
2025-03-04 09:15:00,247.49000549316406,495.6099853515625,620.3599853515625,,40.36000061035156,20.200000762939453,206.7523956298828,796.2899780273438,72.41999816894531,92.52999877929688
2025-03-05 09:15:00,250.47999572753906,497.3599853515625,636.1400146484375,,41.209999084472656,20.540000915527344,212.12939453125,814.5499877929688,72.2699966430664,93.29000091552734
2025-03-06 09:15:00,252.75,499.6700134277344,643.9400024414062,,41.25,20.81999969482422,213.78919982910156,826.2100219726562,71.88999938964844,93.5199966430664
2025-03-07 09:15:00,252.83999633789062,498.3999938964844,641.0900268554688,,40.91999816894531,20.790000915527344,214.29730224609375,825.989990234375,72.20999908447266,94.08999633789062
2025-03-10 09:15:00,251.75,494.70001220703125,631.3900146484375,,40.72999954223633,20.670000076293945,211.6750030517578,821.1400146484375,72.16999816894531,94.0999984741211
2025-03-11 09:15:00,252.0800018310547,491.5199890136719,634.77001953125,,40.34000015258789,20.729999542236328,210.95840454101562,823.8900146484375,72.08000183105469,93.6500015258789
2025-03-12 09:15:00,251.74000549316406,493.17999267578125,634.6099853515625,,39.15999984741211,20.8700008392334,211.9873046875,822.8200073242188,72.31999969482422,94.97000122070312
2025-03-13 09:15:00,251.05999755859375,493.17999267578125,631.0800170898438,,38.970001220703125,20.809999465942383,209.64520263671875,819.47998046875,72.81999969482422,95.20999908447266
2025-03-17 09:15:00,252.17999267578125,495.8599853515625,635.5399780273438,,38.970001220703125,21.1299991607666,211.54739379882812,821.7899780273438,73.52999877929688,96.4800033569336
2025-03-18 09:15:00,252.17999267578125,495.8599853515625,635.5399780273438,,38.970001220703125,21.459999084472656,216.5803985595703,821.7899780273438,73.52999877929688,96.4800033569336
2025-03-19 09:15:00,256.70001220703125,510.75,662.989990234375,,39.08000183105469,21.559999465942383,217.44110107421875,841.3900146484375,74.25,96.41000366210938
2025-03-20 09:15:00,259.32000732421875,513.3200073242188,666.9600219726562,,39.68000030517578,21.760000228881836,220.53439331054688,855.2100219726562,74.48999786376953,95.83999633789062
2025-03-21 09:15:00,261.0899963378906,518.0999755859375,671.8300170898438,,39.70000076293945,22.049999237060547,221.8881072998047,864.8699951171875,73.94999694824219,94.18000030517578
2025-03-24 09:15:00,264.8999938964844,529.719970703125,680.5599975585938,,40.25,22.18000030517578,223.7469940185547,877.4199829101562,73.0,94.18000030517578
2025-03-25 09:15:00,264.7300109863281,528.7899780273438,670.719970703125,,40.75,21.959999084472656,221.69500732421875,872.719970703125,73.2300033569336,94.56999969482422
2025-03-26 09:15:00,262.8999938964844,524.6799926757812,667.8900146484375,,40.400001525878906,21.770000457763672,221.79849243164062,869.280029296875,73.25,95.73999786376953
2025-03-27 09:15:00,263.7300109863281,528.6799926757812,676.25,,40.41999816894531,21.68000030517578,219.45550537109375,872.8499755859375,73.80000305175781,95.9000015258789
2025-03-28 09:15:00,263.2099914550781,528.989990234375,672.0800170898438,,39.77000045776367,21.530000686645508,217.23280334472656,875.0900268554688,74.16000366210938,97.5999984741211
2025-04-01 09:15:00,259.6000061035156,521.8599853515625,667.8499755859375,,38.86000061035156,21.200000762939453,216.61390686035156,864.969970703125,76.72000122070312,96.72000122070312
2025-04-02 09:15:00,261.6400146484375,526.4299926757812,675.530029296875,,39.209999084472656,21.350000381469727,218.38070678710938,871.469970703125,76.2300033569336,96.8499984741211
2025-04-03 09:15:00,260.4599914550781,528.8499755859375,675.7000122070312,,37.619998931884766,21.899999618530273,215.88600158691406,874.5599975585938,75.8499984741211,93.29000091552734
2025-04-04 09:15:00,257.1600036621094,528.97998046875,658.5,,36.38999938964844,21.040000915527344,210.0666046142578,852.1500244140625,74.98999786376953,89.72000122070312
2025-04-07 09:15:00,249.10000610351562,513.4600219726562,640.0,,35.84000015258789,20.709999084472656,202.1381072998047,821.0499877929688,73.83000183105469,87.02999877929688
2025-04-08 09:15:00,252.72000122070312,518.6300048828125,651.0900268554688,,35.97999954223633,20.739999771118164,205.4248046875,838.4500122070312,73.68000030517578,87.44000244140625
2025-04-09 09:15:00,251.02999877929688,516.1099853515625,649.8200073242188,,35.20000076293945,20.43000030517578,205.44630432128906,833.8499755859375,74.88999938964844,87.97000122070312
2025-04-11 09:15:00,255.97000122070312,522.8400268554688,658.3200073242188,,35.45000076293945,20.889999389648438,209.60479736328125,853.27001953125,77.9000015258789,90.37000274658203
2025-04-15 09:15:00,260.8699951171875,536.280029296875,677.2899780273438,,35.95000076293945,21.31999969482422,216.7093963623047,873.3599853515625,77.66000366210938,92.22000122070312
2025-04-16 09:15:00,261.9100036621094,543.7999877929688,681.3900146484375,,35.970001220703125,21.280000686645508,215.7863006591797,875.3300170898438,79.2300033569336,93.80000305175781
2025-04-17 09:15:00,266.5400085449219,555.7899780273438,685.5900268554688,,36.11000061035156,21.530000686645508,217.99989318847656,889.0999755859375,79.52999877929688,92.16000366210938
2025-04-21 09:15:00,269.70001220703125,566.22998046875,698.1599731445312,,36.93000030517578,21.760000228881836,222.61109924316406,901.6099853515625,81.06999969482422,93.0
2025-04-22 09:15:00,270.04998779296875,570.47998046875,699.2999877929688,,36.720001220703125,21.850000381469727,223.4019012451172,894.9600219726562,82.9000015258789,92.3499984741211
2025-04-23 09:15:00,271.82000732421875,567.4199829101562,704.25,,38.29999923706055,22.15999984741211,228.70799255371094,904.0800170898438,80.38999938964844,93.54000091552734
2025-04-24 09:15:00,270.95001220703125,565.0999755859375,702.9199829101562,,38.08000183105469,22.399999618530273,228.12680053710938,900.7000122070312,80.51000213623047,94.6500015258789
2025-04-25 09:15:00,268.6300048828125,559.5499877929688,687.5999755859375,,38.34000015258789,21.889999389648438,224.32310485839844,887.780029296875,80.02999877929688,94.6500015258789
2025-04-28 09:15:00,271.8999938964844,567.6799926757812,694.2000122070312,,38.310001373291016,22.31999969482422,227.97250366210938,901.9600219726562,79.05000305175781,93.16000366210938
2025-04-29 09:15:00,271.9100036621094,566.8300170898438,693.4099731445312,,38.779998779296875,22.15999984741211,227.42160034179688,901.9000244140625,80.04000091552734,94.66999816894531
2025-04-30 09:15:00,271.989990234375,564.0599975585938,688.47998046875,,38.599998474121094,22.200000762939453,227.5157928466797,904.7000122070312,79.08999633789062,91.62000274658203
2025-05-02 09:15:00,271.7699890136719,563.6900024414062,687.0999755859375,,38.650001525878906,22.09000015258789,227.29029846191406,903.739990234375,78.37999725341797,91.5199966430664
2025-05-05 09:15:00,274.3900146484375,562.3499755859375,698.3900146484375,,38.91999816894531,22.239999771118164,231.49270629882812,916.2899780273438,79.58000183105469,91.41000366210938
2025-05-06 09:15:00,272.6000061035156,555.3599853515625,683.0800170898438,,38.66999816894531,21.940000534057617,231.88259887695312,907.6099853515625,82.12999725341797,93.0199966430664
2025-05-07 09:15:00,272.7900085449219,558.510009765625,686.3099975585938,,38.790000915527344,21.860000610351562,235.7187957763672,907.989990234375,81.27999877929688,92.77999877929688
2025-05-08 09:15:00,271.0400085449219,556.760009765625,672.1699829101562,,38.810001373291016,21.579999923706055,231.23350524902344,899.1099853515625,80.94000244140625,92.58999633789062
2025-05-09 09:15:00,268.489990234375,549.1300048828125,670.1500244140625,,38.720001220703125,21.489999771118164,230.75929260253906,892.5499877929688,80.80000305175781,93.02999877929688
2025-05-12 09:15:00,278.94000244140625,567.969970703125,696.77001953125,,41.33000183105469,21.579999923706055,238.6302947998047,926.72998046875,77.9800033569336,91.44000244140625
2025-05-13 09:15:00,275.6499938964844,563.239990234375,696.72998046875,,40.45000076293945,21.84000015258789,236.25210571289062,915.0700073242188,79.06999969482422,93.91000366210938
2025-05-14 09:15:00,276.57000732421875,561.4299926757812,701.9099731445312,,40.93000030517578,21.8799991607666,238.1833038330078,920.8099975585938,78.58000183105469,93.33000183105469
2025-05-15 09:15:00,280.1700134277344,566.7000122070312,708.010009765625,,41.349998474121094,22.059999465942383,242.74819946289062,934.6300048828125,77.04000091552734,91.5
2025-05-16 09:15:00,280.2099914550781,567.5999755859375,718.280029296875,,41.119998931884766,22.149999618530273,244.25830078125,931.8300170898438,77.77999877929688,92.2699966430664
2025-05-19 09:15:00,279.2099914550781,568.280029296875,721.8400268554688,,40.59000015258789,22.260000228881836,245.26719665527344,930.0499877929688,78.31999969482422,92.80999755859375
2025-05-20 09:15:00,276.8900146484375,564.010009765625,708.5399780273438,,40.369998931884766,21.940000534057617,239.9517059326172,920.989990234375,78.19000244140625,92.51000213623047
2025-05-21 09:15:00,277.54998779296875,564.5999755859375,716.3699951171875,,40.63999938964844,22.209999084472656,241.6719970703125,925.3300170898438,79.5,94.26000213623047
2025-05-22 09:15:00,275.9100036621094,563.2100219726562,713.9199829101562,,40.04999923706055,22.010000228881836,239.35350036621094,922.0399780273438,79.80999755859375,94.44999694824219
2025-05-23 09:15:00,278.3699951171875,567.9500122070312,717.7999877929688,,40.47999954223633,21.90999984741211,239.91639709472656,926.9600219726562,79.51000213623047,94.0199966430664
2025-05-26 09:15:00,279.8900146484375,569.7999877929688,720.8400268554688,,40.79999923706055,21.979999542236328,242.4387969970703,930.739990234375,79.7699966430664,94.55000305175781
2025-05-27 09:15:00,278.25,568.22998046875,717.5999755859375,,40.630001068115234,21.979999542236328,240.74209594726562,925.9299926757812,79.55999755859375,94.05000305175781
2025-05-28 09:15:00,277.69000244140625,568.2000122070312,715.8900146484375,,40.59000015258789,21.860000610351562,239.11070251464844,923.2000122070312,80.05999755859375,94.88999938964844
2025-05-29 09:15:00,278.5400085449219,569.6400146484375,716.9299926757812,,40.81999969482422,22.0,240.31919860839844,926.0800170898438,79.0999984741211,94.62999725341797
2025-05-30 09:15:00,277.9700012207031,572.0999755859375,714.9099731445312,,40.529998779296875,21.90999984741211,237.97129821777344,922.9500122070312,79.48999786376953,94.3499984741211
2025-06-02 09:15:00,277.6000061035156,573.52001953125,717.5399780273438,,40.29999923706055,21.8700008392334,237.98199462890625,923.5599975585938,80.5199966430664,94.62000274658203
2025-06-03 09:15:00,275.7699890136719,569.9400024414062,713.97998046875,,40.040000915527344,21.829999923706055,237.385498046875,917.989990234375,80.97000122070312,97.16000366210938
2025-06-04 09:15:00,276.4599914550781,570.8599853515625,716.0999755859375,,40.150001525878906,21.850000381469727,238.30560302734375,923.7999877929688,81.30999755859375,98.0999984741211
2025-06-05 09:15:00,278.04998779296875,571.780029296875,718.6799926757812,,40.310001373291016,22.059999465942383,238.03480529785156,929.6300048828125,81.7300033569336,100.72000122070312
2025-06-06 09:15:00,280.5,581.9400024414062,726.6099853515625,,40.47999954223633,22.100000381469727,241.65480041503906,935.3400268554688,81.2300033569336,102.41000366210938
2025-06-09 09:15:00,281.3500061035156,584.4199829101562,735.3300170898438,,40.88999938964844,22.229999542236328,242.83140563964844,942.219970703125,80.4800033569336,102.98999786376953
2025-06-10 09:15:00,281.3900146484375,581.0900268554688,737.4099731445312,,41.79999923706055,22.360000610351562,242.64540100097656,943.6099853515625,80.61000061035156,103.87000274658203
2025-06-11 09:15:00,281.8699951171875,579.3499755859375,734.7100219726562,,42.25,22.469999313354492,243.11489868164062,943.22998046875,80.76000213623047,102.77999877929688
2025-06-12 09:15:00,278.95001220703125,575.3300170898438,723.469970703125,,41.86000061035156,22.459999084472656,239.10169982910156,931.9400024414062,81.38999938964844,102.05999755859375
2025-06-13 09:15:00,277.1000061035156,569.1400146484375,718.0,,41.91999816894531,22.399999618530273,238.2397003173828,926.0800170898438,83.12999725341797,103.70999908447266
2025-06-16 09:15:00,279.70001220703125,573.97998046875,722.760009765625,,42.540000915527344,22.459999084472656,238.65240478515625,935.219970703125,83.08999633789062,103.56999969482422
2025-06-17 09:15:00,278.5899963378906,571.2000122070312,717.3200073242188,,42.77000045776367,22.110000610351562,237.21359252929688,931.8300170898438,82.55999755859375,104.19000244140625
2025-06-18 09:15:00,278.239990234375,572.2999877929688,715.3900146484375,,42.40999984741211,22.059999465942383,238.0791015625,929.3599853515625,82.79000091552734,106.2300033569336
2025-06-19 09:15:00,277.9100036621094,570.0800170898438,705.5499877929688,,41.959999084472656,21.889999389648438,239.32530212402344,924.3599853515625,82.79000091552734,104.12999725341797
2025-06-20 09:15:00,281.5,576.72998046875,714.9400024414062,,42.310001373291016,22.049999237060547,241.81399536132812,941.739990234375,82.2300033569336,103.30999755859375
2025-06-23 09:15:00,280.8599853515625,574.8800048828125,715.1900024414062,,41.84000015258789,22.030000686645508,239.61109924316406,936.6199951171875,82.66000366210938,103.76000213623047
2025-06-24 09:15:00,281.42999267578125,579.2000122070312,721.8400268554688,,41.81999969482422,22.100000381469727,241.00509643554688,940.719970703125,80.9800033569336,102.70999908447266
2025-06-25 09:15:00,283.4100036621094,581.1199951171875,725.030029296875,,42.439998626708984,22.209999084472656,243.3394012451172,948.4099731445312,81.11000061035156,101.87999725341797
2025-06-26 09:15:00,286.3900146484375,586.5,729.77001953125,,42.400001525878906,22.229999542236328,244.7006072998047,963.9600219726562,81.12000274658203,103.93000030517578
2025-06-27 09:15:00,287.9599914550781,590.6099853515625,733.9299926757812,,42.290000915527344,22.389999389648438,245.1696014404297,972.260009765625,79.80999755859375,101.66000366210938
2025-06-30 09:15:00,286.510009765625,589.27001953125,736.9500122070312,,42.40999984741211,22.479999542236328,243.7863006591797,969.1099853515625,79.98999786376953,102.47000122070312
2025-07-01 09:15:00,286.8399963378906,591.1599731445312,736.47998046875,,42.220001220703125,22.489999771118164,243.2904052734375,973.5999755859375,81.05000305175781,103.41999816894531
2025-07-02 09:15:00,285.7799987792969,586.47998046875,736.27001953125,,42.25,22.549999237060547,244.06129455566406,970.5999755859375,81.11000061035156,102.69999694824219
2025-07-03 09:15:00,285.3900146484375,584.02001953125,732.8900146484375,,42.2400016784668,22.6299991607666,245.12969970703125,970.27001953125,81.01000213623047,103.87000274658203
2025-07-04 09:15:00,286.1099853515625,586.3099975585938,735.6599731445312,,42.529998779296875,22.829999923706055,245.3957977294922,971.5499877929688,80.88999938964844,103.9000015258789
2025-07-07 09:15:00,286.07000732421875,585.5499877929688,735.6500244140625,,42.29999923706055,22.829999923706055,245.01919555664062,973.27001953125,80.52999877929688,103.79000091552734
2025-07-08 09:15:00,286.9100036621094,588.5399780273438,736.3300170898438,,42.36000061035156,22.65999984741211,244.09129333496094,976.52001953125,80.77999877929688,104.08999633789062
2025-07-09 09:15:00,286.5,588.1400146484375,736.219970703125,,42.040000915527344,22.670000076293945,245.0211944580078,969.8699951171875,80.02999877929688,103.58999633789062
2025-07-10 09:15:00,285.1600036621094,585.9400024414062,734.530029296875,,41.790000915527344,22.559999465942383,244.7393035888672,964.989990234375,80.70999908447266,103.70999908447266
2025-07-11 09:15:00,283.1099853515625,583.9199829101562,728.5800170898438,,41.02000045776367,22.75,240.43609619140625,955.3599853515625,81.1500015258789,106.69000244140625
2025-07-14 09:15:00,282.7099914550781,584.6400146484375,731.9199829101562,,40.4900016784668,22.889999389648438,241.02439880371094,954.6099853515625,81.87999725341797,110.0199966430664
2025-07-15 09:15:00,283.69000244140625,587.530029296875,736.0900268554688,,40.63999938964844,23.170000076293945,244.6204071044922,959.47998046875,81.66999816894531,108.2300033569336
2025-07-16 09:15:00,283.6400146484375,588.4299926757812,737.3599853515625,,41.0,23.1299991607666,245.69749450683594,960.4199829101562,81.3499984741211,107.79000091552734
2025-07-17 09:15:00,282.8299865722656,585.280029296875,736.3900146484375,,40.470001220703125,23.170000076293945,245.60809326171875,956.3599853515625,81.16000366210938,107.13999938964844
2025-07-18 09:15:00,281.42999267578125,580.72998046875,731.7000122070312,,40.5099983215332,23.079999923706055,244.53700256347656,952.5800170898438,81.7300033569336,109.11000061035156
2025-07-21 09:15:00,282.260009765625,586.0900268554688,734.52001953125,,40.38999938964844,23.020000457763672,246.173095703125,951.3300170898438,82.12999725341797,109.37000274658203
2025-07-22 09:15:00,282.07000732421875,584.260009765625,731.7999877929688,,40.209999084472656,22.809999465942383,244.3470001220703,946.0700073242188,82.7699966430664,110.19999694824219
2025-07-23 09:15:00,283.5299987792969,588.27001953125,732.4600219726562,,40.31999969482422,22.899999618530273,246.41830444335938,951.510009765625,83.75,112.01000213623047
2025-07-24 09:15:00,282.1000061035156,587.239990234375,731.4500122070312,,39.400001525878906,23.040000915527344,246.67919921875,947.22998046875,82.30000305175781,110.91000366210938
2025-07-25 09:15:00,280.0299987792969,581.97998046875,720.489990234375,,38.849998474121094,23.18000030517578,243.5677947998047,938.47998046875,82.0999984741211,110.68000030517578
2025-07-28 09:15:00,278.489990234375,577.8900146484375,716.4500122070312,,38.63999938964844,23.290000915527344,242.66319274902344,930.4400024414062,82.02999877929688,109.05000305175781
2025-07-29 09:15:00,280.0899963378906,579.52001953125,722.969970703125,,38.65999984741211,23.600000381469727,244.74920654296875,939.2999877929688,81.91000366210938,109.5199966430664
2025-07-30 09:15:00,280.1300048828125,578.7000122070312,723.3499755859375,,38.77000045776367,23.600000381469727,243.29580688476562,943.9600219726562,82.38999938964844,109.87999725341797
2025-07-31 09:15:00,279.260009765625,577.0599975585938,719.8099975585938,,38.58000183105469,23.309999465942383,242.38670349121094,937.6199951171875,82.19999694824219,106.9000015258789
2025-08-01 09:15:00,277.3500061035156,573.72998046875,711.2000122070312,,37.869998931884766,22.6200008392334,240.48240661621094,926.4000244140625,81.94999694824219,105.70999908447266
2025-08-04 09:15:00,278.8500061035156,573.780029296875,718.989990234375,,38.459999084472656,22.739999771118164,244.31500244140625,934.0900268554688,83.2300033569336,108.08999633789062
2025-08-05 09:15:00,278.1400146484375,570.8800048828125,716.75,,38.290000915527344,22.559999465942383,245.21670532226562,933.1599731445312,83.61000061035156,108.66000366210938
2025-08-06 09:15:00,277.30999755859375,571.4500122070312,711.0800170898438,,37.61000061035156,22.09000015258789,243.91400146484375,929.9000244140625,83.44000244140625,109.18000030517578
2025-08-07 09:15:00,277.2900085449219,572.25,712.72998046875,,37.93000030517578,22.229999542236328,244.51690673828125,927.4000244140625,83.94000244140625,110.58000183105469
2025-08-08 09:15:00,275.1400146484375,567.5900268554688,704.1300048828125,,37.59000015258789,21.989999771118164,241.11349487304688,916.5599975585938,84.36000061035156,110.97000122070312
2025-08-11 09:15:00,277.2900085449219,571.8800048828125,711.7000122070312,,37.75,22.1299991607666,243.65040588378906,930.6599731445312,83.2300033569336,109.5199966430664
2025-08-12 09:15:00,276.5400085449219,569.52001953125,710.8800048828125,,37.880001068115234,22.299999237060547,245.00599670410156,926.9600219726562,82.9800033569336,109.26000213623047
2025-08-13 09:15:00,278.0199890136719,570.6099853515625,715.97998046875,,37.900001525878906,22.649999618530273,247.72779846191406,931.0,83.19000244140625,111.25
2025-08-14 09:15:00,278.2300109863281,572.0800170898438,715.239990234375,,38.119998931884766,22.65999984741211,247.68690490722656,927.7100219726562,83.13999938964844,110.83000183105469
2025-08-18 09:15:00,281.07000732421875,575.5499877929688,724.4099731445312,,37.83000183105469,22.719999313354492,258.0068054199219,937.1400146484375,82.75,110.05999755859375
2025-08-19 09:15:00,281.9599914550781,576.739990234375,729.0800170898438,,37.95000076293945,22.6299991607666,261.37860107421875,945.6500244140625,82.30999755859375,109.41000366210938
2025-08-20 09:15:00,282.5199890136719,575.4099731445312,732.1900024414062,,38.939998626708984,22.56999969482422,261.5067138671875,948.510009765625,82.08000183105469,106.98999786376953
2025-08-21 09:15:00,283.05999755859375,576.3800048828125,729.7000122070312,,39.0099983215332,22.770000457763672,260.5664978027344,948.0900268554688,82.55000305175781,109.12000274658203
2025-08-22 09:15:00,280.75,570.0499877929688,725.219970703125,,38.720001220703125,22.84000015258789,260.0736999511719,942.6099853515625,82.62000274658203,109.93000030517578
2025-08-25 09:15:00,281.67999267578125,569.469970703125,727.8699951171875,,39.540000915527344,22.950000762939453,261.2345886230469,943.0599975585938,83.5,112.05000305175781
2025-08-26 09:15:00,279.04998779296875,563.0700073242188,718.5700073242188,,39.2599983215332,22.579999923706055,260.17401123046875,929.3300170898438,83.83000183105469,111.91000366210938
2025-08-28 09:15:00,276.92999267578125,556.75,709.469970703125,,38.70000076293945,22.389999389648438,258.7712097167969,920.9199829101562,84.41999816894531,112.77999877929688
2025-08-29 09:15:00,276.05999755859375,554.989990234375,707.47998046875,,38.41999816894531,22.3799991607666,256.4881896972656,918.5800170898438,85.33999633789062,113.58000183105469
2025-09-01 09:15:00,278.17999267578125,557.9400024414062,716.4600219726562,,38.959999084472656,22.34000015258789,263.6487121582031,926.1500244140625,86.61000061035156,118.58999633789062
2025-09-02 09:15:00,277.67999267578125,554.72998046875,719.5999755859375,,39.0,22.299999237060547,262.87890625,928.25,86.61000061035156,117.91000366210938
2025-09-03 09:15:00,278.94000244140625,558.5800170898438,723.8699951171875,,38.7599983215332,22.5,264.8291931152344,926.4099731445312,87.87999725341797,118.95999908447266
2025-09-04 09:15:00,279.32000732421875,558.27001953125,721.280029296875,,38.380001068115234,22.479999542236328,267.0787048339844,922.760009765625,88.16000366210938,119.02999877929688
2025-09-05 09:15:00,279.6000061035156,559.1699829101562,721.1300048828125,,37.849998474121094,22.469999313354492,270.4198913574219,926.6500244140625,88.6500015258789,119.01000213623047
2025-09-08 09:15:00,279.989990234375,560.489990234375,724.02001953125,,37.4900016784668,22.420000076293945,279.8599853515625,925.8699951171875,89.9800033569336,120.25
2025-09-09 09:15:00,280.5400085449219,560.1400146484375,724.9400024414062,,38.52000045776367,22.559999465942383,278.94000244140625,927.3800048828125,91.16999816894531,120.19000244140625
2025-09-10 09:15:00,281.8399963378906,563.9199829101562,728.6599731445312,,39.43000030517578,22.639999389648438,276.1199951171875,930.469970703125,90.9000015258789,119.33999633789062
2025-09-11 09:15:00,282.5299987792969,565.47998046875,729.8800048828125,,39.2400016784668,22.770000457763672,274.3599853515625,933.75,90.62000274658203,119.30000305175781
2025-09-12 09:15:00,283.510009765625,566.4099731445312,732.219970703125,,39.36000061035156,22.889999389648438,276.4100036621094,936.9500122070312,91.26000213623047,123.66000366210938
2025-09-15 09:15:00,283.1199951171875,567.489990234375,736.2999877929688,,39.18000030517578,22.75,275.4100036621094,931.530029296875,90.91999816894531,123.08000183105469
2025-09-16 09:15:00,284.8900146484375,569.8300170898438,739.8699951171875,,39.47999954223633,22.790000915527344,278.8500061035156,948.4600219726562,92.2699966430664,124.62000274658203
2025-09-17 09:15:00,285.9800109863281,573.780029296875,743.0999755859375,,39.77000045776367,22.780000686645508,280.7200012207031,951.469970703125,91.25,121.76000213623047
2025-09-18 09:15:00,286.70001220703125,575.6599731445312,744.9299926757812,,40.119998931884766,23.1299991607666,281.17999267578125,952.5999755859375,91.5999984741211,123.04000091552734
2025-09-19 09:15:00,285.8999938964844,573.469970703125,748.75,,39.90999984741211,23.209999084472656,280.3500061035156,952.8800048828125,91.29000091552734,123.6500015258789
2025-09-22 09:15:00,284.489990234375,571.02001953125,749.8900146484375,,38.779998779296875,22.920000076293945,279.25,950.3200073242188,93.13999938964844,128.22000122070312
2025-09-23 09:15:00,284.3500061035156,572.6199951171875,748.219970703125,,38.47999954223633,22.860000610351562,280.8999938964844,948.530029296875,95.12999725341797,129.74000549316406
2025-09-24 09:15:00,282.8800048828125,568.3200073242188,740.1900024414062,,38.209999084472656,22.729999542236328,277.5199890136719,943.6400146484375,94.63999938964844,129.99000549316406
2025-09-25 09:15:00,281.239990234375,567.760009765625,734.7899780273438,,37.72999954223633,22.540000915527344,274.6300048828125,936.5999755859375,94.43000030517578,132.3699951171875
2025-09-26 09:15:00,278.739990234375,562.02001953125,722.5900268554688,,36.83000183105469,22.049999237060547,271.75,931.8200073242188,94.22000122070312,133.00999450683594
2025-09-29 09:15:00,278.5400085449219,561.6699829101562,728.9500122070312,,36.79999923706055,22.020000457763672,271.239990234375,934.0700073242188,95.9000015258789,139.05999755859375
2025-09-30 09:15:00,277.5199890136719,563.3900146484375,729.8599853515625,,36.75,22.010000228881836,273.94000244140625,931.0900268554688,95.8499984741211,136.07000732421875
2025-10-01 09:15:00,280.510009765625,571.3900146484375,731.260009765625,,37.15999984741211,22.309999465942383,275.4100036621094,934.0900268554688,97.62999725341797,139.8699951171875
2025-10-03 09:15:00,281.1600036621094,573.2999877929688,734.7899780273438,,37.08000183105469,22.309999465942383,275.260009765625,938.3800048828125,97.06999969482422,139.75999450683594
2025-10-06 09:15:00,283.07000732421875,580.4600219726562,737.510009765625,,37.83000183105469,22.309999465942383,275.79998779296875,938.0700073242188,99.22000122070312,143.6699981689453
2025-10-07 09:15:00,283.4100036621094,580.1500244140625,736.1599731445312,,37.81999969482422,22.3799991607666,276.6499938964844,943.6099853515625,99.66000366210938,143.82000732421875
2025-10-08 09:15:00,282.3800048828125,577.6400146484375,731.1099853515625,,38.369998931884766,22.229999542236328,272.8800048828125,936.97998046875,101.69000244140625,150.92999267578125
2025-10-09 09:15:00,284.04998779296875,580.3599853515625,734.77001953125,,38.790000915527344,22.479999542236328,273.4200134277344,944.1799926757812,101.47000122070312,156.16000366210938
2025-10-10 09:15:00,285.5199890136719,584.97998046875,736.8800048828125,,38.779998779296875,22.770000457763672,274.739990234375,946.8400268554688,100.66999816894531,153.9199981689453
2025-10-13 09:15:00,284.6400146484375,584.5800170898438,735.969970703125,,38.4900016784668,22.709999084472656,273.94000244140625,945.530029296875,102.6500015258789,164.33999633789062
2025-10-14 09:15:00,283.69000244140625,583.2899780273438,732.22998046875,,38.369998931884766,22.549999237060547,273.3500061035156,941.8699951171875,105.08999633789062,174.30999755859375
2025-10-15 09:15:00,286.07000732421875,586.5499877929688,741.1900024414062,,38.63999938964844,22.56999969482422,274.510009765625,951.8200073242188,105.29000091552734,168.55999755859375
2025-10-16 09:15:00,288.70001220703125,591.97998046875,745.02001953125,,38.810001373291016,22.6200008392334,278.2200012207031,958.8800048828125,105.37000274658203,157.2100067138672
2025-10-17 09:15:00,290.1700134277344,594.969970703125,745.469970703125,,38.22999954223633,22.770000457763672,279.8500061035156,963.0800170898438,108.11000061035156,160.60000610351562
2025-10-20 09:15:00,291.8599853515625,598.5700073242188,746.7999877929688,,38.58000183105469,22.979999542236328,278.8599853515625,975.1300048828125,105.13999938964844,148.82000732421875
2025-10-21 09:15:00,291.8699951171875,598.3300170898438,747.739990234375,,38.70000076293945,23.049999237060547,279.75,976.25,105.69000244140625,145.3000030517578
2025-10-23 09:15:00,292.3900146484375,598.5999755859375,746.6300048828125,,39.41999816894531,23.030000686645508,279.1700134277344,970.5999755859375,101.69999694824219,141.94000244140625
2025-10-24 09:15:00,,,,,,22.8700008392334,,,,
2025-10-27 09:15:00,293.3500061035156,599.0399780273438,748.72998046875,,39.630001068115234,22.829999923706055,279.7300109863281,983.2100219726562,100.13999938964844,138.85000610351562
2025-10-28 09:15:00,293.1000061035156,600.1500244140625,745.0499877929688,,39.41999816894531,22.780000686645508,278.4100036621094,984.6900024414062,96.83999633789062,133.80999755859375
2025-10-29 09:15:00,294.5,602.4500122070312,753.6400146484375,,39.65999984741211,22.969999313354492,276.4800109863281,995.9400024414062,99.94999694824219,141.1300048828125
2025-10-30 09:15:00,292.5799865722656,600.0800170898438,751.8900146484375,,39.45000076293945,22.829999923706055,275.2900085449219,990.030029296875,99.68000030517578,140.52000427246094
2025-10-31 09:15:00,291.0799865722656,597.3900146484375,750.9500122070312,,39.25,22.719999313354492,275.75,985.9400024414062,100.0199966430664,142.47000122070312
2025-11-03 09:15:00,291.3500061035156,600.0999755859375,757.6799926757812,,39.11000061035156,22.940000534057617,275.67999267578125,988.969970703125,100.05000305175781,142.47000122070312
2025-11-04 09:15:00,289.5899963378906,597.2999877929688,754.3900146484375,,38.790000915527344,22.850000381469727,273.1700134277344,986.2899780273438,99.80000305175781,139.9499969482422
2025-11-06 09:15:00,288.239990234375,594.4000244140625,745.7100219726562,,38.790000915527344,22.760000228881836,273.0,977.5999755859375,100.06999969482422,141.8300018310547
2025-11-07 09:15:00,288.44000244140625,598.260009765625,746.3400268554688,,38.599998474121094,22.68000030517578,275.4100036621094,968.8900146484375,99.94000244140625,142.0500030517578
2025-11-10 09:15:00,289.489990234375,598.1699829101562,749.469970703125,,39.22999954223633,22.90999984741211,275.6199951171875,972.3599853515625,101.69999694824219,145.33999633789062
2025-11-11 09:15:00,290.82000732421875,599.75,749.9099731445312,,39.72999954223633,22.90999984741211,278.42999267578125,979.489990234375,103.29000091552734,148.0500030517578
2025-11-12 09:15:00,292.7200012207031,601.3200073242188,751.4299926757812,,40.52000045776367,23.1299991607666,282.3299865722656,986.9500122070312,102.69000244140625,150.27000427246094
2025-11-13 09:15:00,292.3900146484375,602.0,751.3300170898438,,40.36000061035156,23.25,280.8599853515625,994.0499877929688,105.37000274658203,157.08999633789062
2025-11-14 09:15:00,292.8299865722656,603.2899780273438,750.8800048828125,,39.95000076293945,23.34000015258789,279.4800109863281,992.3599853515625,103.80999755859375,153.25999450683594
2025-11-17 09:15:00,293.9700012207031,607.8300170898438,754.510009765625,,40.02000045776367,23.399999618530273,282.5199890136719,994.9400024414062,101.94000244140625,148.9199981689453
2025-11-18 09:15:00,292.9700012207031,607.8499755859375,749.5999755859375,,39.56999969482422,23.260000228881836,281.239990234375,991.4000244140625,100.91000366210938,146.5800018310547
2025-11-19 09:15:00,294.3699951171875,610.4000244140625,749.4099731445312,,40.720001220703125,23.280000686645508,282.1000061035156,995.739990234375,102.2300033569336,150.36000061035156
2025-11-20 09:15:00,295.6400146484375,611.6500244140625,748.52001953125,,40.61000061035156,23.270000457763672,282.57000732421875,999.5599975585938,101.55000305175781,147.99000549316406
2025-11-21 09:15:00,294.32000732421875,606.8499755859375,739.0900268554688,,40.439998626708984,23.149999618530273,282.17999267578125,998.3400268554688,102.0,144.69000244140625
2025-11-24 09:15:00,293.29998779296875,606.6099853515625,731.8499755859375,,40.66999816894531,23.030000686645508,281.1000061035156,989.5499877929688,102.2300033569336,147.0800018310547
2025-11-25 09:15:00,292.67999267578125,606.4299926757812,733.5800170898438,,40.41999816894531,23.170000076293945,280.57000732421875,990.8200073242188,103.45999908447266,149.32000732421875
2025-11-26 09:15:00,296.010009765625,614.219970703125,743.8200073242188,,40.97999954223633,23.3799991607666,284.94000244140625,999.8499755859375,104.18000030517578,151.63999938964844
2025-11-27 09:15:00,296.4200134277344,615.7000122070312,742.8800048828125,,41.06999969482422,23.399999618530273,283.79998779296875,998.1799926757812,104.11000061035156,155.6999969482422
2025-11-28 09:15:00,296.489990234375,616.3699951171875,744.1199951171875,,41.040000915527344,23.520000457763672,285.55999755859375,995.2100219726562,104.62000274658203,156.77000427246094
2025-12-01 09:15:00,296.1000061035156,616.8599853515625,744.8800048828125,,41.18000030517578,23.489999771118164,287.8599853515625,995.780029296875,106.72000122070312,166.2100067138672
2025-12-02 09:15:00,294.6600036621094,612.8499755859375,744.3099975585938,,41.189998626708984,23.459999084472656,287.010009765625,991.0800170898438,105.62999725341797,165.33999633789062
2025-12-03 09:15:00,293.79998779296875,613.6400146484375,734.489990234375,,41.630001068115234,23.450000762939453,284.2699890136719,982.6300048828125,106.51000213623047,169.77999877929688
2025-12-04 09:15:00,294.3699951171875,611.239990234375,737.8699951171875,,42.06999969482422,23.489999771118164,285.1600036621094,982.5499877929688,105.91999816894531,167.22000122070312
2025-12-05 09:15:00,296.010009765625,616.02001953125,739.6400146484375,,42.45000076293945,23.479999542236328,287.1400146484375,983.5399780273438,106.88999938964844,170.17999267578125
2025-12-08 09:15:00,293.45001220703125,611.469970703125,724.489990234375,,42.369998931884766,23.190000534057617,283.4200134277344,974.47998046875,106.8499984741211,170.83999633789062
2025-12-09 09:15:00,292.3500061035156,610.280029296875,728.77001953125,,41.88999938964844,23.049999237060547,281.69000244140625,971.0,106.27999877929688,171.11000061035156
2025-12-10 09:15:00,291.55999755859375,607.72998046875,726.9000244140625,,41.47999954223633,23.100000381469727,281.2900085449219,969.25,106.2300033569336,175.2899932861328
2025-12-11 09:15:00,292.92999267578125,610.280029296875,731.1500244140625,,41.81999969482422,23.329999923706055,284.42999267578125,973.1699829101562,107.1500015258789,178.85000610351562
2025-12-12 09:15:00,294.69000244140625,613.1400146484375,736.4099731445312,,42.04999923706055,23.329999923706055,286.0199890136719,984.8400268554688,109.61000061035156,184.1300048828125
2025-12-15 09:15:00,294.5400085449219,613.3900146484375,737.3300170898438,,42.13999938964844,23.239999771118164,283.3299865722656,984.0499877929688,110.94999694824219,184.8699951171875
2025-12-16 09:15:00,292.6600036621094,609.72998046875,735.760009765625,,41.7599983215332,23.110000610351562,282.7200012207031,979.2899780273438,109.55999755859375,184.69000244140625
2025-12-17 09:15:00,291.7099914550781,607.8699951171875,732.5399780273438,,41.880001068115234,23.139999389648438,282.010009765625,981.0800170898438,109.98999786376953,192.16000366210938
2025-12-18 09:15:00,291.8399963378906,607.6300048828125,729.6799926757812,,42.349998474121094,23.09000015258789,280.5400085449219,977.4000244140625,109.87999725341797,193.25999450683594
2025-12-19 09:15:00,293.4494934082031,609.706787109375,734.8281860351562,,42.41999816894531,23.31999969482422,283.8658142089844,985.8770751953125,109.81999969482422,192.55999755859375
2025-12-22 09:15:00,295.69000244140625,611.260009765625,738.9500122070312,,43.290000915527344,23.450000762939453,285.54998779296875,995.010009765625,111.38999938964844,199.9499969482422
2025-12-23 09:15:00,295.67999267578125,610.6400146484375,742.7899780273438,,42.9900016784668,23.40999984741211,285.9700012207031,993.4199829101562,113.0999984741211,201.7899932861328
2025-12-24 09:15:00,295.5,610.1799926757812,741.4199829101562,,42.72999954223633,23.309999465942383,285.75,989.0900268554688,113.20999908447266,209.22999572753906
2025-12-26 09:15:00,294.4599914550781,608.2899780273438,741.4600219726562,,42.34000015258789,23.25,284.489990234375,985.5499877929688,114.30999755859375,219.85000610351562
2025-12-29 09:15:00,293.1499938964844,607.3499755859375,738.5800170898438,,41.97999954223633,23.1299991607666,282.7200012207031,980.25,113.02999877929688,218.25
2025-12-30 09:15:00,293.32000732421875,611.5599975585938,739.1199951171875,,41.7599983215332,23.149999618530273,286.5400085449219,978.5999755859375,111.16999816894531,218.2100067138672
2025-12-31 09:15:00,295.30999755859375,615.1799926757812,744.8800048828125,,41.66999816894531,23.34000015258789,289.92999267578125,992.02001953125,110.11000061035156,215.42999267578125
2026-01-01 09:15:00,295.3299865722656,615.2899780273438,747.760009765625,,41.970001220703125,23.200000762939453,292.79998779296875,997.3499755859375,110.5199966430664,214.9499969482422
2026-01-02 09:15:00,297.54998779296875,619.9099731445312,755.8599853515625,,42.13999938964844,23.34000015258789,296.0899963378906,1008.8599853515625,111.81999969482422,221.8699951171875
2026-01-05 09:15:00,296.4100036621094,619.219970703125,756.1199951171875,,41.5099983215332,23.25,296.92999267578125,1001.280029296875,112.91999816894531,225.5399932861328
2026-01-06 09:15:00,296.0199890136719,619.9299926757812,759.8499755859375,,41.63999938964844,23.670000076293945,296.44000244140625,992.6799926757812,113.13999938964844,231.64999389648438
2026-01-07 09:15:00,295.7200012207031,618.969970703125,760.8400268554688,,42.43000030517578,23.860000610351562,293.760009765625,987.4400024414062,112.91000366210938,234.36000061035156
2026-01-08 09:15:00,292.92999267578125,616.5599975585938,744.780029296875,,41.630001068115234,23.479999542236328,291.05999755859375,968.97998046875,112.29000091552734,223.52999877929688
2026-01-09 09:15:00,290.5899963378906,611.8300170898438,737.3200073242188,,41.72999954223633,23.34000015258789,287.8599853515625,960.4099731445312,113.61000061035156,230.3699951171875
2026-01-12 09:15:00,291.8699951171875,613.5800170898438,738.6699829101562,,41.689998626708984,23.239999771118164,287.45001220703125,963.9299926757812,116.76000213623047,243.35000610351562
2026-01-13 09:15:00,291.1300048828125,614.5700073242188,737.0599975585938,,41.93000030517578,23.100000381469727,287.1700134277344,952.8300170898438,116.37000274658203,249.50999450683594
2026-01-14 09:15:00,290.6600036621094,614.510009765625,741.3099975585938,,41.4900016784668,23.09000015258789,285.260009765625,956.5599975585938,118.01000213623047,262.80999755859375
2026-01-15 09:00:00,290.6600036621094,614.510009765625,741.3099975585938,,41.4900016784668,,285.260009765625,956.5599975585938,118.01000213623047,262.80999755859375
2026-01-16 09:15:00,291.0400085449219,619.9199829101562,740.6900024414062,,43.04999923706055,22.799999237060547,283.3599853515625,954.8200073242188,117.77999877929688,269.44000244140625
2026-01-19 09:15:00,289.6300048828125,617.219970703125,738.6300048828125,,42.86000061035156,22.700000762939453,283.54998779296875,947.1799926757812,121.0999984741211,282.95001220703125
2026-01-20 09:15:00,286.2799987792969,612.1699829101562,722.6400146484375,,41.970001220703125,22.280000686645508,276.8800048828125,929.0399780273438,125.86000061035156,297.6199951171875
2026-01-21 09:15:00,284.95001220703125,606.1599731445312,719.0900268554688,,41.849998474121094,22.1299991607666,275.3800048828125,930.9600219726562,134.97000122070312,310.67999267578125
2026-01-22 09:15:00,286.6099853515625,610.969970703125,727.469970703125,,42.22999954223633,22.510000228881836,278.54998779296875,938.4299926757812,124.33999633789062,276.2699890136719
2026-01-23 09:15:00,283.9100036621094,603.3499755859375,713.2999877929688,,42.119998931884766,22.31999969482422,275.1499938964844,921.9600219726562,127.41999816894531,292.7300109863281
2026-01-27 09:15:00,285.2200012207031,611.1099853515625,717.0599975585938,,42.5099983215332,22.34000015258789,272.8299865722656,925.2899780273438,131.4499969482422,317.8500061035156
2026-01-28 09:15:00,286.6099853515625,614.1400146484375,732.0,,42.650001525878906,22.270000457763672,274.1499938964844,937.7100219726562,135.82000732421875,332.0299987792969
2026-01-29 09:15:00,287.3699951171875,617.9199829101562,733.9500122070312,,42.31999969482422,22.1200008392334,272.5400085449219,947.719970703125,146.52999877929688,351.9100036621094
2026-01-30 09:15:00,286.7300109863281,615.72998046875,729.6099853515625,,41.939998626708984,22.239999771118164,274.1499938964844,944.1599731445312,131.1199951171875,286.4800109863281
2026-02-02 09:15:00,283.94000244140625,604.47998046875,721.2100219726562,,41.939998626708984,22.079999923706055,274.19000244140625,942.3900146484375,118.66999816894531,219.94000244140625
2026-02-03 09:15:00,291.239990234375,619.5499877929688,738.7899780273438,,42.59000015258789,22.739999771118164,281.8999938964844,969.739990234375,125.19999694824219,247.33999633789062
2026-02-04 09:15:00,291.6499938964844,620.9500122070312,744.0499877929688,,40.2400016784668,22.700000762939453,285.1000061035156,984.510009765625,129.60000610351562,265.57000732421875
2026-02-05 09:15:00,290.3500061035156,620.5499877929688,740.3300170898438,,39.97999954223633,22.639999389648438,283.3800048828125,978.6400146484375,125.22000122070312,236.4199981689453
2026-02-06 09:15:00,290.6499938964844,619.7899780273438,742.1900024414062,,39.349998474121094,22.489999771118164,281.94000244140625,983.9299926757812,125.04000091552734,224.4600067138672
2026-02-09 09:15:00,292.55999755859375,625.280029296875,748.6599731445312,,39.290000915527344,22.920000076293945,284.739990234375,990.0599975585938,127.9800033569336,243.6999969482422
2026-02-10 09:15:00,293.55999755859375,626.1500244140625,751.6099853515625,,39.459999084472656,22.809999465942383,288.7799987792969,993.5599975585938,128.33999633789062,243.82000732421875
2026-02-11 09:15:00,293.8500061035156,627.6699829101562,753.8499755859375,,38.790000915527344,22.979999542236328,292.8800048828125,997.1799926757812,128.6999969482422,247.3699951171875
2026-02-12 09:15:00,292.2699890136719,627.8699951171875,751.0399780273438,,36.650001525878906,22.940000534057617,292.3599853515625,997.7000122070312,128.52000427246094,245.38999938964844
2026-02-13 09:15:00,288.8699951171875,622.4500122070312,740.8900146484375,,36.11000061035156,22.75,290.25,982.2000122070312,126.0999984741211,232.5800018310547
2026-02-16 09:15:00,290.760009765625,628.6099853515625,747.260009765625,,36.189998626708984,22.940000534057617,288.30999755859375,997.02001953125,126.91999816894531,227.33999633789062
2026-02-17 09:15:00,291.5199890136719,631.25,751.27001953125,,36.56999969482422,23.030000686645508,289.8999938964844,998.6099853515625,124.58000183105469,220.0399932861328
2026-02-18 09:15:00,292.20001220703125,635.8599853515625,755.3599853515625,,36.09000015258789,23.09000015258789,291.54998779296875,1003.1900024414062,124.63999938964844,223.7899932861328
2026-02-19 09:15:00,288.3800048828125,626.3400268554688,743.4400024414062,,35.709999084472656,22.969999313354492,285.25,986.9000244140625,127.08999633789062,233.2100067138672
2026-02-20 09:15:00,289.2300109863281,631.219970703125,747.5599975585938,,35.380001068115234,23.020000457763672,286.3800048828125,995.0499877929688,127.54000091552734,236.6199951171875
2026-02-23 09:15:00,290.45001220703125,631.5999755859375,749.6699829101562,,34.86000061035156,23.1299991607666,288.5899963378906,1000.489990234375,130.0,250.1699981689453
2026-02-24 09:15:00,287.8500061035156,629.9600219726562,750.280029296875,,33.20000076293945,23.239999771118164,287.5,996.0,131.22000122070312,250.6699981689453
2026-02-25 09:15:00,288.6300048828125,629.489990234375,756.010009765625,,33.72999954223633,23.65999984741211,292.07000732421875,992.3300170898438,131.69000244140625,253.25
2026-02-26 09:15:00,288.5799865722656,630.3499755859375,758.6699829101562,,33.75,23.860000610351562,294.4800109863281,996.6400146484375,130.47999572753906,246.05999755859375
2026-02-27 09:15:00,285.2900085449219,623.969970703125,750.47998046875,,33.81999969482422,23.59000015258789,290.1199951171875,984.4099731445312,131.60000610351562,252.80999755859375
2026-03-02 09:15:00,281.92999267578125,617.719970703125,739.9500122070312,,33.459999084472656,23.600000381469727,283.19000244140625,963.239990234375,138.32000732421875,274.6499938964844
2026-03-04 09:15:00,277.2900085449219,606.3200073242188,719.9099731445312,,33.47999954223633,23.219999313354492,275.6099853515625,940.2100219726562,133.9600067138672,255.57000732421875
2026-03-05 09:15:00,280.3500061035156,608.6300048828125,729.3099975585938,,33.27000045776367,23.56999969482422,281.07000732421875,961.7100219726562,132.24000549316406,247.92999267578125
2026-03-06 09:15:00,277.25,597.239990234375,727.2000122070312,,33.290000915527344,23.540000915527344,278.32000732421875,954.6900024414062,130.82000732421875,246.75999450683594
2026-03-09 09:15:00,272.4200134277344,579.4000244140625,711.5399780273438,,33.29999923706055,23.530000686645508,267.4599914550781,935.4500122070312,131.35000610351562,247.0
2026-03-10 09:15:00,274.95001220703125,588.52001953125,724.260009765625,,33.09000015258789,23.860000610351562,275.239990234375,944.260009765625,132.1999969482422,256.3500061035156
2026-03-11 09:15:00,270.55999755859375,576.1300048828125,716.6199951171875,,32.77000045776367,24.0,266.7900085449219,933.3900146484375,132.7100067138672,251.69000244140625
2026-03-12 09:15:00,267.94000244140625,569.239990234375,715.8400268554688,,32.689998626708984,23.90999984741211,258.2799987792969,928.5599975585938,132.42999267578125,253.5
2026-03-13 09:15:00,262.69000244140625,555.7000122070312,699.7100219726562,,32.13999938964844,23.40999984741211,249.36000061035156,905.9199829101562,130.32000732421875,244.49000549316406
2026-03-16 09:15:00,265.17999267578125,561.9099731445312,693.6699829101562,,32.0,23.15999984741211,253.10000610351562,902.6400146484375,127.22000122070312,233.47999572753906
2026-03-17 09:15:00,267.1600036621094,566.8599853515625,700.6099853515625,,31.700000762939453,23.209999084472656,258.7799987792969,915.6699829101562,128.22000122070312,240.88999938964844
2026-03-18 09:15:00,269.42999267578125,569.4500122070312,706.47998046875,,32.630001068115234,23.209999084472656,263.3900146484375,926.7100219726562,127.91000366210938,237.1300048828125
2026-03-19 09:15:00,262.1199951171875,551.7100219726562,688.1400146484375,,31.709999084472656,23.0,253.25,908.489990234375,121.31999969482422,218.97999572753906
2026-03-20 09:15:00,262.07000732421875,550.8599853515625,688.510009765625,,32.15999984741211,23.200000762939453,254.41000366210938,907.4000244140625,121.05999755859375,219.89999389648438
2026-03-23 09:15:00,255.14999389648438,531.6699829101562,662.1699829101562,,32.13999938964844,22.719999313354492,246.25,889.5599975585938,110.72000122070312,193.52000427246094
2026-03-24 09:15:00,259.8299865722656,543.0399780273438,672.2899780273438,,32.7599983215332,22.829999923706055,252.19000244140625,902.530029296875,115.48999786376953,212.30999755859375
2026-03-25 09:15:00,264.05999755859375,553.2899780273438,686.239990234375,,32.779998779296875,23.280000686645508,257.9700012207031,918.25,119.29000091552734,221.4199981689453
2026-03-27 09:15:00,258.8900146484375,540.27001953125,671.0599975585938,,32.529998779296875,23.18000030517578,250.4499969482422,910.969970703125,117.52999877929688,212.5
2026-03-30 09:15:00,253.44000244140625,520.9000244140625,651.9000244140625,,31.989999771118164,22.799999237060547,244.19000244140625,885.0599975585938,121.19000244140625,216.0800018310547
2026-04-01 09:15:00,257.45001220703125,533.4199829101562,669.6599731445312,,32.90999984741211,22.290000915527344,248.86000061035156,900.1599731445312,123.37000274658203,224.80999755859375
2026-04-02 09:15:00,257.6099853515625,532.4299926757812,668.77001953125,,33.529998779296875,22.40999984741211,248.27999877929688,892.9000244140625,120.58000183105469,215.9499969482422
2026-04-06 09:15:00,260.25,543.3499755859375,676.8300170898438,,33.790000915527344,22.440000534057617,250.7100067138672,895.3099975585938,122.80999755859375,222.3800048828125
2026-04-07 09:15:00,261.4700012207031,543.9600219726562,680.8599853515625,,34.599998474121094,22.43000030517578,250.17999267578125,899.3699951171875,121.77999877929688,220.02999877929688
2026-04-08 09:15:00,271.67999267578125,575.7100219726562,713.5399780273438,,34.77000045776367,22.600000381469727,267.44000244140625,934.3800048828125,124.38999938964844,230.5800018310547
2026-04-09 09:15:00,269.489990234375,566.3099975585938,713.9199829101562,,34.880001068115234,22.739999771118164,266.17999267578125,928.5399780273438,123.20999908447266,223.8300018310547
2026-04-10 09:15:00,271.95001220703125,575.9600219726562,729.4600219726562,,34.209999084472656,22.729999542236328,273.5899963378906,939.8400268554688,123.48999786376953,226.5399932861328
2026-04-13 09:15:00,269.5199890136719,572.7899780273438,723.5999755859375,,33.86000061035156,22.6200008392334,268.3800048828125,932.27001953125,123.76000213623047,224.97000122070312
2026-04-15 09:15:00,273.7699890136719,579.7899780273438,738.6199951171875,,34.7400016784668,23.049999237060547,271.6600036621094,952.3300170898438,125.05999755859375,235.0800018310547
2026-04-16 09:15:00,273.95001220703125,577.5800170898438,746.1599731445312,,35.060001373291016,23.079999923706055,271.5799865722656,954.2100219726562,125.61000061035156,237.97000122070312
2026-04-17 09:15:00,275.8699951171875,582.8499755859375,757.5999755859375,,35.09000015258789,23.1200008392334,271.79998779296875,961.0499877929688,124.80000305175781,238.13999938964844
2026-04-20 09:15:00,275.2099914550781,582.72998046875,756.5499877929688,,34.79999923706055,23.020000457763672,271.8599853515625,958.4500122070312,125.0,237.27000427246094
2026-04-21 09:15:00,277.6300048828125,591.0599975585938,762.6099853515625,,34.959999084472656,23.049999237060547,273.1600036621094,962.77001953125,125.22000122070312,237.41000366210938
2026-04-22 09:15:00,275.6400146484375,589.0,768.27001953125,,33.689998626708984,23.0,271.7300109863281,963.3800048828125,124.98999786376953,236.02999877929688
2026-04-23 09:15:00,273.760009765625,581.3300170898438,759.6500244140625,,33.279998779296875,23.6200008392334,265.7900085449219,959.0399780273438,124.08000183105469,229.6699981689453
2026-04-24 09:15:00,271.0899963378906,578.75,754.260009765625,,31.600000381469727,23.209999084472656,264.010009765625,954.530029296875,123.94000244140625,227.88999938964844
2026-04-27 09:15:00,272.5199890136719,579.97998046875,763.3800048828125,,32.31999969482422,23.780000686645508,268.1300048828125,964.4600219726562,124.25,230.72000122070312
2026-04-28 09:15:00,271.4800109863281,571.9500122070312,761.6199951171875,,32.06999969482422,23.739999771118164,265.4100036621094,968.2000122070312,122.68000030517578,224.72999572753906
2026-04-29 09:15:00,273.1300048828125,571.5399780273438,759.760009765625,,32.369998931884766,23.860000610351562,267.7200012207031,976.6500244140625,121.58000183105469,224.1999969482422
2026-04-30 09:15:00,272.010009765625,567.0,752.7999877929688,,32.439998626708984,23.90999984741211,265.8299865722656,970.1199951171875,123.43000030517578,227.5
2026-05-01 09:15:00,272.010009765625,567.0,752.7999877929688,,32.439998626708984,,265.8299865722656,970.1199951171875,123.43000030517578,227.5
2026-05-04 09:15:00,273.1199951171875,565.2999877929688,759.219970703125,,32.18000030517578,24.049999237060547,267.1700134277344,975.0,122.37999725341797,230.36000061035156
2026-05-05 09:15:00,272.29998779296875,562.8099975585938,762.47998046875,,32.2400016784668,24.170000076293945,269.4800109863281,974.5999755859375,122.16000366210938,228.88999938964844
2026-05-06 09:15:00,275.7300109863281,577.5,773.0700073242188,,32.36000061035156,24.81999969482422,275.3599853515625,975.7000122070312,124.0199966430664,234.49000549316406
2026-05-07 09:15:00,275.1700134277344,577.6599731445312,774.969970703125,,32.16999816894531,24.790000915527344,280.6000061035156,978.3800048828125,124.47000122070312,239.44000244140625
2026-05-08 09:15:00,273.94000244140625,570.989990234375,771.72998046875,,32.459999084472656,24.780000686645508,279.8999938964844,977.4000244140625,124.30999755859375,240.1699981689453
2026-05-11 09:15:00,270.1000061035156,562.3099975585938,758.9000244140625,,32.369998931884766,24.809999465942383,274.5799865722656,961.969970703125,123.2300033569336,241.2899932861328
2026-05-12 09:15:00,265.04998779296875,552.989990234375,740.489990234375,,31.260000228881836,24.420000076293945,268.1099853515625,943.9600219726562,124.61000061035156,252.00999450683594
2026-05-13 09:15:00,265.44000244140625,552.1400146484375,745.8599853515625,,30.899999618530273,24.530000686645508,266.0199890136719,950.239990234375,131.74000549316406,269.4200134277344
2026-05-14 09:15:00,268.0899963378906,558.6900024414062,753.2000122070312,,30.299999237060547,25.209999084472656,267.6199951171875,966.3900146484375,131.77999877929688,270.92999267578125
2026-05-15 09:15:00,267.29998779296875,553.6099853515625,747.8599853515625,,30.68000030517578,25.260000228881836,267.70001220703125,962.780029296875,129.41000366210938,249.85000610351562
2026-05-18 09:15:00,267.5799865722656,553.3499755859375,740.5999755859375,,31.360000610351562,25.440000534057617,263.17999267578125,956.77001953125,129.6999969482422,253.16000366210938
2026-05-19 09:15:00,267.6099853515625,552.1699829101562,744.7999877929688,,32.45000076293945,25.540000915527344,264.0899963378906,954.22998046875,130.63999938964844,253.25
2026-05-20 09:15:00,268.04998779296875,553.1300048828125,747.489990234375,,32.279998779296875,25.5,266.4100036621094,962.9199829101562,130.1999969482422,252.66000366210938
2026-05-21 09:15:00,268.2099914550781,552.4000244140625,749.5800170898438,,32.08000183105469,25.489999771118164,267.260009765625,965.27001953125,130.74000549316406,251.97000122070312
2026-05-22 09:15:00,269.1000061035156,559.6199951171875,753.3599853515625,,32.02000045776367,25.229999542236328,267.1199951171875,964.219970703125,130.5,252.5399932861328
2026-05-25 09:15:00,271.989990234375,571.02001953125,764.7999877929688,,32.150001525878906,25.329999923706055,271.45001220703125,973.7899780273438,130.50999450683594,256.0299987792969
2026-05-26 09:15:00,270.8299865722656,569.0499877929688,765.6799926757812,,32.09000015258789,25.309999465942383,271.5799865722656,970.010009765625,129.5800018310547,251.2899932861328
2026-05-27 09:15:00,270.94000244140625,567.3200073242188,775.1099853515625,,32.060001373291016,25.31999969482422,276.04998779296875,978.72998046875,129.0399932861328,249.8699951171875
2026-05-28 09:15:00,270.94000244140625,567.3200073242188,775.1099853515625,,32.060001373291016,,276.04998779296875,978.72998046875,129.0399932861328,249.8699951171875
2026-05-29 09:15:00,267.7799987792969,561.3200073242188,767.8599853515625,,32.27000045776367,25.020000457763672,271.30999755859375,965.8099975585938,128.64999389648438,249.3699951171875
2026-06-01 09:15:00,265.5199890136719,553.510009765625,755.2000122070312,,33.130001068115234,24.8799991607666,266.7799987792969,954.6199951171875,127.48999786376953,249.5399932861328
2026-06-02 09:15:00,266.0199890136719,555.9099731445312,757.3099975585938,,34.529998779296875,24.670000076293945,268.4800109863281,953.780029296875,128.6699981689453,251.55999755859375
2026-06-03 09:15:00,265.54998779296875,559.6699829101562,753.780029296875,,32.63999938964844,24.760000228881836,268.8800048828125,953.5399780273438,127.63999938964844,246.7899932861328
2026-06-04 09:15:00,265.6000061035156,561.27001953125,756.0800170898438,,32.560001373291016,24.790000915527344,269.3900146484375,952.219970703125,128.5,246.55999755859375
2026-06-05 09:15:00,265.3599853515625,563.0800170898438,757.760009765625,,32.25,24.899999618530273,269.6499938964844,948.6400146484375,127.77999877929688,243.5800018310547
2026-06-08 09:15:00,262.55999755859375,558.7100219726562,744.8800048828125,,31.729999542236328,24.799999237060547,264.760009765625,940.010009765625,124.16000366210938,227.92999267578125
2026-06-09 09:15:00,263.8800048828125,569.2999877929688,755.3499755859375,,31.68000030517578,24.979999542236328,267.67999267578125,943.72998046875,125.38999938964844,231.89999389648438
2026-06-10 09:15:00,263.0799865722656,567.989990234375,746.6199951171875,,31.420000076293945,24.790000915527344,265.7799987792969,936.8699951171875,121.1500015258789,220.58999633789062
2026-06-11 09:15:00,262.6300048828125,569.239990234375,738.47998046875,,30.8799991607666,24.979999542236328,265.3800048828125,930.6699829101562,119.27999877929688,221.3800048828125
2026-06-12 09:15:00,267.8599853515625,585.4199829101562,755.72998046875,,30.889999389648438,25.010000228881836,270.6300048828125,952.739990234375,121.91999816894531,229.75999450683594
2026-06-15 09:15:00,270.6300048828125,589.6799926757812,773.4199829101562,,31.190000534057617,24.850000381469727,277.69000244140625,965.97998046875,124.11000061035156,238.6199951171875
2026-06-16 09:15:00,271.6700134277344,590.6199951171875,774.780029296875,,31.719999313354492,24.799999237060547,277.0,971.3900146484375,124.13999938964844,236.1300048828125
2026-06-17 09:15:00,273.1099853515625,593.6599731445312,779.8400268554688,,31.899999618530273,24.75,275.4599914550781,977.7000122070312,123.75,234.6699981689453
2026-06-18 09:15:00,273.9700012207031,597.77001953125,783.469970703125,,31.6200008392334,24.899999618530273,275.989990234375,979.530029296875,122.12000274658203,229.99000549316406
2026-06-19 09:15:00,272.95001220703125,597.3200073242188,781.0399780273438,,30.40999984741211,25.09000015258789,274.19000244140625,981.3200073242188,119.79000091552734,221.4199981689453
2026-06-22 09:15:00,273.6700134277344,598.9600219726562,786.8300170898438,,30.690000534057617,25.389999389648438,275.1600036621094,985.1799926757812,121.12000274658203,225.13999938964844
2026-06-23 09:15:00,270.80999755859375,592.52001953125,778.2000122070312,,29.979999542236328,25.690000534057617,272.9200134277344,976.239990234375,118.9000015258789,215.05999755859375
2026-06-24 09:15:00,272.67999267578125,602.280029296875,778.4000244140625,,30.610000610351562,25.719999313354492,271.82000732421875,979.260009765625,117.55999755859375,213.35000610351562
2026-06-25 09:15:00,273.42999267578125,601.9199829101562,779.6500244140625,,30.360000610351562,25.6299991607666,277.2699890136719,978.27001953125,114.95999908447266,206.57000732421875
2026-06-26 09:15:00,273.42999267578125,601.9199829101562,779.6500244140625,,30.360000610351562,,277.2699890136719,978.27001953125,114.95999908447266,206.57000732421875
2026-06-29 09:15:00,272.1600036621094,598.0,772.9600219726562,,30.020000457763672,25.899999618530273,272.69000244140625,971.1099853515625,116.43000030517578,208.02000427246094
2026-06-30 09:15:00,271.82000732421875,596.3699951171875,773.97998046875,,29.200000762939453,26.040000915527344,273.04998779296875,969.1799926757812,115.97000122070312,212.82000732421875
2026-07-01 09:15:00,272.8699951171875,601.5700073242188,779.1500244140625,,28.6299991607666,25.829999923706055,276.0899963378906,975.9000244140625,115.45999908447266,211.33999633789062
2026-07-02 09:15:00,274.2699890136719,600.0700073242188,782.4199829101562,,29.940000534057617,25.959999084472656,278.70001220703125,977.1400146484375,117.69000244140625,216.27999877929688
2026-07-03 09:15:00,275.9100036621094,600.1199951171875,780.7100219726562,,30.479999542236328,26.479999542236328,278.2699890136719,979.5999755859375,120.30999755859375,221.30999755859375
2026-07-06 09:15:00,277.42999267578125,603.0399780273438,784.8400268554688,,30.280000686645508,26.530000686645508,281.9700012207031,981.6400146484375,119.51000213623047,220.36000061035156
2026-07-07 09:15:00,277.04998779296875,603.4099731445312,780.280029296875,,30.979999542236328,26.399999618530273,281.9100036621094,979.3300170898438,118.58000183105469,216.2899932861328
2026-07-08 09:15:00,271.69000244140625,587.6699829101562,765.8800048828125,,30.510000228881836,26.15999984741211,275.55999755859375,956.6099853515625,116.95999908447266,210.14999389648438
2026-07-09 09:15:00,272.760009765625,592.5599975585938,771.8200073242188,,30.450000762939453,26.34000015258789,275.260009765625,962.030029296875,118.41999816894531,212.9499969482422
2026-07-10 09:15:00,275.07000732421875,600.1699829101562,781.8499755859375,,31.040000915527344,26.43000030517578,277.3800048828125,972.4500122070312,118.13999938964844,208.8300018310547
2026-07-13 09:15:00,275.29998779296875,600.739990234375,779.1900024414062,,32.15999984741211,26.389999389648438,278.8500061035156,969.3499755859375,116.94999694824219,207.4600067138672
2026-07-14 09:15:00,273.3500061035156,594.1799926757812,776.3900146484375,,31.850000381469727,26.59000015258789,274.5199890136719,965.8499755859375,115.9800033569336,208.00999450683594
2026-07-15 09:15:00,273.6600036621094,597.5700073242188,778.8400268554688,,31.65999984741211,26.75,275.3699951171875,963.0999755859375,116.38999938964844,208.66000366210938
2026-07-16 09:15:00,273.989990234375,597.0900268554688,776.97998046875,,31.8700008392334,26.760000228881836,276.1099853515625,960.8300170898438,116.47000122070312,206.83999633789062
2026-07-17 09:15:00,276.4599914550781,604.9000244140625,776.1099853515625,,32.439998626708984,26.389999389648438,279.4599914550781,967.3099975585938,115.79000091552734,204.9199981689453
2026-07-20 09:15:00,275.5799865722656,600.2100219726562,781.489990234375,,32.380001068115234,26.770000457763672,279.0,974.0499877929688,116.83999633789062,207.88999938964844
2026-07-21 09:15:00,275.1300048828125,599.5499877929688,784.4299926757812,,32.20000076293945,26.860000610351562,281.5,974.1799926757812,117.7300033569336,212.22999572753906
2026-07-22 09:15:00,273.3599853515625,592.239990234375,779.6099853515625,,31.709999084472656,26.510000228881836,281.82000732421875,965.6699829101562,119.13999938964844,213.07000732421875
2026-07-23 09:15:00,271.9800109863281,586.719970703125,776.239990234375,,31.739999771118164,26.31999969482422,283.70001220703125,958.2999877929688,118.69000244140625,211.0
2026-07-24 09:15:00,271.2099914550781,587.760009765625,776.2999877929688,,32.0,26.280000686645508,281.17999267578125,957.260009765625,117.91000366210938,210.9600067138672
2026-07-27 09:15:00,273.5899963378906,591.4400024414062,783.4500122070312,,32.70000076293945,26.719999313354492,285.239990234375,963.3400268554688,118.62000274658203,213.00999450683594
2026-07-28 09:15:00,273.5299987792969,587.5399780273438,779.5800170898438,,33.77000045776367,26.729999542236328,287.3699951171875,960.010009765625,116.83000183105469,206.1999969482422
2026-07-29 09:15:00,275.82000732421875,591.739990234375,783.510009765625,,34.540000915527344,27.079999923706055,287.3800048828125,964.8599853515625,116.8499984741211,206.69000244140625
2026-07-30 09:15:00,276.489990234375,591.0800170898438,784.3499755859375,,34.619998931884766,27.09000015258789,291.7900085449219,968.7100219726562,117.37000274658203,206.6300048828125
2026-07-31 09:15:00,277.4200134277344,592.260009765625,795.6500244140625,,34.119998931884766,27.270000457763672,297.1300048828125,971.969970703125,117.11000061035156,206.50999450683594
2026-08-03 09:15:00,279.8699951171875,597.3400268554688,801.5900268554688,,34.97999954223633,27.229999542236328,299.32000732421875,972.0700073242188,117.26000213623047,206.4499969482422
2026-08-04 09:15:00,278.7900085449219,595.760009765625,802.0,,34.70000076293945,27.260000228881836,300.010009765625,968.52001953125,117.1500015258789,207.35000610351562
2026-08-05 09:15:00,279.9599914550781,596.3099975585938,805.739990234375,,34.720001220703125,27.329999923706055,303.2300109863281,974.1500244140625,119.38999938964844,213.38999938964844
2026-08-06 09:15:00,280.5899963378906,600.1599731445312,807.25,,34.560001373291016,27.290000915527344,301.2099914550781,977.3599853515625,122.4800033569336,214.52999877929688
2026-08-07 09:15:00,279.8299865722656,598.780029296875,807.6300048828125,,34.97999954223633,27.31999969482422,307.42999267578125,982.8400268554688,123.4000015258789,220.47000122070312
2026-08-10 09:15:00,280.4599914550781,596.77001953125,809.0,,35.11000061035156,27.239999771118164,307.2099914550781,980.5999755859375,124.58000183105469,220.4600067138672
2026-08-11 09:15:00,279.1300048828125,594.8699951171875,807.7000122070312,,35.2400016784668,27.489999771118164,304.510009765625,973.02001953125,125.5199966430664,222.32000732421875
2026-08-12 09:15:00,278.32000732421875,599.010009765625,806.3099975585938,,34.650001525878906,27.43000030517578,304.2200012207031,968.739990234375,126.44999694824219,225.75999450683594
2026-08-13 09:15:00,278.1600036621094,597.969970703125,807.6900024414062,,34.77000045776367,27.450000762939453,304.2200012207031,968.219970703125,125.4800033569336,220.97000122070312
2026-08-14 09:15:00,278.3500061035156,596.3699951171875,807.8099975585938,,34.810001373291016,27.25,302.92999267578125,976.9299926757812,125.12999725341797,221.22000122070312
2026-08-17 09:15:00,277.9100036621094,598.4199829101562,808.27001953125,,34.2400016784668,27.18000030517578,303.1199951171875,977.7899780273438,126.41999816894531,223.61000061035156
2026-08-18 09:15:00,276.1000061035156,594.8599853515625,805.9000244140625,,33.58000183105469,27.18000030517578,303.7699890136719,973.6799926757812,126.43000030517578,221.6199951171875
2026-08-19 09:15:00,274.6199951171875,593.260009765625,799.8499755859375,,33.68000030517578,27.040000915527344,301.92999267578125,963.989990234375,125.7300033569336,216.42999267578125
2026-08-20 09:15:00,276.57000732421875,596.0599975585938,803.1099853515625,,34.06999969482422,27.190000534057617,303.7699890136719,968.010009765625,128.8800048828125,225.42999267578125
2026-08-21 09:15:00,276.760009765625,597.760009765625,800.27001953125,,33.869998931884766,27.079999923706055,301.4599914550781,969.5700073242188,131.32000732421875,232.9199981689453
2026-08-24 09:15:00,275.8699951171875,594.7000122070312,799.9400024414062,,33.91999816894531,27.06999969482422,299.8699951171875,966.0999755859375,133.02000427246094,231.8000030517578
2026-08-25 09:15:00,276.94000244140625,595.0700073242188,804.1400146484375,,33.91999816894531,27.18000030517578,302.0,968.1699829101562,132.77999877929688,229.0
2026-08-26 09:15:00,277.0199890136719,599.5700073242188,806.9000244140625,,33.7599983215332,27.450000762939453,301.1099853515625,965.0900268554688,132.3699951171875,230.1300048828125
2026-08-27 09:15:00,275.739990234375,596.7899780273438,805.780029296875,,33.709999084472656,27.540000915527344,298.9599914550781,959.2000122070312,130.0500030517578,226.3699951171875
2026-08-28 09:15:00,275.6199951171875,596.0599975585938,801.2899780273438,,34.70000076293945,27.760000228881836,298.1099853515625,955.8699951171875,130.85000610351562,230.4199981689453
2026-08-31 09:15:00,274.8699951171875,595.5800170898438,793.8599853515625,,34.31999969482422,27.600000381469727,298.7699890136719,953.219970703125,127.31999969482422,223.2100067138672
2026-09-01 09:15:00,273.25,593.7899780273438,788.1699829101562,,34.790000915527344,27.530000686645508,292.6300048828125,950.4000244140625,125.33999633789062,217.72000122070312
2026-09-02 09:15:00,272.55999755859375,592.760009765625,788.4000244140625,,34.38999938964844,27.559999465942383,288.8800048828125,953.530029296875,123.5199966430664,215.4499969482422
2026-09-03 09:15:00,272.6300048828125,596.02001953125,788.739990234375,,34.290000915527344,27.3700008392334,288.19000244140625,954.280029296875,126.2300033569336,219.8800048828125
2026-09-04 09:15:00,273.2699890136719,596.2000122070312,791.0700073242188,,34.09000015258789,27.31999969482422,287.4700012207031,956.4500122070312,127.16999816894531,222.77999877929688
2026-09-07 09:15:00,271.2099914550781,591.5800170898438,786.260009765625,,33.33000183105469,27.399999618530273,286.8500061035156,949.47998046875,125.58000183105469,219.9600067138672
2026-09-08 09:15:00,270.04998779296875,589.0900268554688,787.5900268554688,,33.27000045776367,27.65999984741211,286.8299865722656,947.27001953125,125.83999633789062,221.1699981689453
2026-09-09 09:15:00,268.1499938964844,585.8699951171875,789.3699951171875,,32.150001525878906,27.5,285.510009765625,944.3200073242188,125.77999877929688,222.58999633789062
2026-09-10 09:15:00,267.1700134277344,583.52001953125,785.7899780273438,,32.060001373291016,27.270000457763672,284.5299987792969,944.9000244140625,126.19999694824219,223.52999877929688
2026-09-11 09:15:00,267.1400146484375,586.3499755859375,781.9600219726562,,32.16999816894531,27.290000915527344,282.8699951171875,943.6500244140625,125.12000274658203,216.72000122070312
2026-09-14 09:15:00,267.1400146484375,586.3499755859375,781.9600219726562,,32.16999816894531,,282.8699951171875,943.6500244140625,125.12000274658203,216.72000122070312
2026-09-15 09:15:00,264.5799865722656,579.3300170898438,762.7100219726562,,32.869998931884766,26.940000534057617,278.30999755859375,925.8499755859375,123.62000274658203,214.6699981689453
2026-09-16 09:15:00,265.0199890136719,582.6799926757812,764.8200073242188,,32.29999923706055,26.950000762939453,279.3500061035156,926.010009765625,124.91000366210938,218.4600067138672
2026-09-17 09:15:00,266.0799865722656,581.6400146484375,771.9400024414062,,32.38999938964844,27.360000610351562,282.3999938964844,928.6300048828125,124.43000030517578,216.63999938964844
2026-09-18 09:15:00,266.5299987792969,583.5800170898438,781.1099853515625,,31.940000534057617,27.5,282.7099914550781,935.6199951171875,126.4800033569336,224.07000732421875
2026-09-21 09:15:00,267.760009765625,585.2899780273438,782.3099975585938,,32.119998931884766,27.760000228881836,281.25,936.2899780273438,125.56999969482422,222.2100067138672
2026-09-22 09:15:00,266.6400146484375,583.52001953125,778.5499877929688,236.2100067138672,31.770000457763672,27.68000030517578,280.1199951171875,931.6400146484375,125.0,220.27000427246094
2026-09-23 09:15:00,267.5899963378906,585.5700073242188,784.5399780273438,237.36000061035156,31.469999313354492,27.889999389648438,280.5400085449219,937.7899780273438,124.7300033569336,220.25999450683594
2026-09-24 09:15:00,263.989990234375,575.8800048828125,773.760009765625,233.02000427246094,31.31999969482422,27.799999237060547,277.20001220703125,926.97998046875,123.43000030517578,215.9499969482422
2026-09-25 09:15:00,264.1300048828125,576.3300170898438,776.6900024414062,231.1199951171875,31.299999237060547,27.799999237060547,278.510009765625,929.4500122070312,124.43000030517578,218.8000030517578
2026-09-28 09:15:00,260.4700012207031,565.3200073242188,761.9000244140625,228.58999633789062,31.229999542236328,27.559999465942383,274.29998779296875,911.989990234375,121.16999816894531,210.64999389648438
2026-09-29 09:15:00,259.4700012207031,564.4199829101562,761.6599731445312,227.3800048828125,30.799999237060547,27.790000915527344,272.7200012207031,908.5499877929688,120.63999938964844,209.14999389648438
2026-09-30 09:15:00,258.5,567.4199829101562,756.3099975585938,227.0399932861328,30.860000610351562,27.31999969482422,272.25,903.010009765625,121.58999633789062,209.6199951171875
