Date,Open,High,Low,Close,Adj_Close,Volume
2022-03-02 09:15:00,44.20000076293945,45.849998474121094,43.810001373291016,44.38999938964844,44.38999938964844,10668971.0
2022-03-03 09:15:00,44.849998474121094,44.90999984741211,43.400001525878906,44.400001525878906,44.400001525878906,4136756.0
2022-03-04 09:15:00,44.400001525878906,45.52000045776367,44.400001525878906,44.650001525878906,44.650001525878906,6157186.0
2022-03-07 09:15:00,45.25,46.20000076293945,45.25,46.0,46.0,15897977.0
2022-03-08 09:15:00,46.400001525878906,46.470001220703125,45.18000030517578,45.93000030517578,45.93000030517578,13287272.0
2022-03-09 09:15:00,47.599998474121094,47.599998474121094,45.400001525878906,45.65999984741211,45.65999984741211,10485976.0
2022-03-10 09:15:00,43.650001525878906,46.79999923706055,43.650001525878906,44.79999923706055,44.79999923706055,14283266.0
2022-03-11 09:15:00,45.880001068115234,45.880001068115234,44.84000015258789,45.279998779296875,45.279998779296875,6661457.0
2022-03-14 09:15:00,45.880001068115234,45.880001068115234,44.52000045776367,44.63999938964844,44.63999938964844,7715591.0
2022-03-15 09:15:00,44.97999954223633,45.45000076293945,44.0099983215332,44.33000183105469,44.33000183105469,11720963.0
2022-03-16 09:15:00,44.5,44.5,43.380001068115234,44.22999954223633,44.22999954223633,5549265.0
2022-03-17 09:15:00,44.779998779296875,46.25,43.70000076293945,44.22999954223633,44.22999954223633,5724381.0
2022-03-21 09:15:00,44.81999969482422,45.47999954223633,43.77000045776367,44.13999938964844,44.13999938964844,6197187.0
2022-03-22 09:15:00,44.959999084472656,44.959999084472656,44.15999984741211,44.31999969482422,44.31999969482422,5629993.0
2022-03-23 09:15:00,44.869998931884766,44.869998931884766,43.720001220703125,44.41999816894531,44.41999816894531,8813459.0
2022-03-24 09:15:00,45.27000045776367,45.27000045776367,44.380001068115234,44.58000183105469,44.58000183105469,4797761.0
2022-03-25 09:15:00,45.41999816894531,45.61000061035156,44.0,44.790000915527344,44.790000915527344,6162885.0
2022-03-28 09:15:00,45.2400016784668,45.2400016784668,44.27000045776367,44.4900016784668,44.4900016784668,8152023.0
2022-03-29 09:15:00,44.84000015258789,44.84000015258789,43.880001068115234,44.18000030517578,44.18000030517578,2477168.0
2022-03-30 09:15:00,44.63999938964844,44.63999938964844,43.880001068115234,44.11000061035156,44.11000061035156,2699794.0
2022-03-31 09:15:00,44.47999954223633,44.47999954223633,43.9900016784668,44.119998931884766,44.119998931884766,4088541.0
2022-04-01 09:15:00,43.150001525878906,44.900001525878906,43.150001525878906,44.56999969482422,44.56999969482422,5340702.0
2022-04-04 09:15:00,44.720001220703125,44.720001220703125,43.880001068115234,44.220001220703125,44.220001220703125,5545988.0
2022-04-05 09:15:00,44.58000183105469,44.58000183105469,44.0,44.310001373291016,44.310001373291016,5064068.0
2022-04-06 09:15:00,44.58000183105469,44.58000183105469,44.130001068115234,44.4900016784668,44.4900016784668,2283303.0
2022-04-07 09:15:00,44.779998779296875,44.779998779296875,41.79999923706055,44.63999938964844,44.63999938964844,2527931.0
2022-04-08 09:15:00,45.08000183105469,45.08000183105469,44.43000030517578,44.65999984741211,44.65999984741211,1741546.0
2022-04-11 09:15:00,45.18000030517578,45.279998779296875,44.560001373291016,45.220001220703125,45.220001220703125,3623747.0
2022-04-12 09:15:00,44.880001068115234,45.58000183105469,44.880001068115234,45.20000076293945,45.20000076293945,4327749.0
2022-04-13 09:15:00,46.29999923706055,46.29999923706055,44.29999923706055,45.72999954223633,45.72999954223633,4390115.0
2022-04-18 09:15:00,45.79999923706055,46.290000915527344,45.79999923706055,46.189998626708984,46.189998626708984,7062605.0
2022-04-19 09:15:00,46.31999969482422,46.31999969482422,45.630001068115234,45.97999954223633,45.97999954223633,4461027.0
2022-04-20 09:15:00,47.4900016784668,47.4900016784668,44.93000030517578,45.220001220703125,45.220001220703125,7594980.0
2022-04-21 09:15:00,47.599998474121094,47.599998474121094,45.09000015258789,45.209999084472656,45.209999084472656,2159625.0
2022-04-22 09:15:00,45.84000015258789,45.84000015258789,45.08000183105469,45.33000183105469,45.33000183105469,2997378.0
2022-04-25 09:15:00,45.2599983215332,45.2599983215332,44.58000183105469,44.900001525878906,44.900001525878906,2842944.0
2022-04-26 09:15:00,44.84000015258789,44.84000015258789,44.439998626708984,44.63999938964844,44.63999938964844,2256816.0
2022-04-27 09:15:00,45.2400016784668,45.2400016784668,44.36000061035156,44.43000030517578,44.43000030517578,2670040.0
2022-04-28 09:15:00,44.29999923706055,50.20000076293945,44.04999923706055,44.33000183105469,44.33000183105469,2871800.0
2022-04-29 09:15:00,52.45000076293945,52.45000076293945,38.599998474121094,44.790000915527344,44.790000915527344,4709439.0
2022-05-02 09:15:00,44.470001220703125,44.59000015258789,44.099998474121094,44.15999984741211,44.15999984741211,4645318.0
2022-05-04 09:15:00,43.97999954223633,45.650001525878906,43.65999984741211,43.97999954223633,43.97999954223633,4326871.0
2022-05-05 09:15:00,45.400001525878906,45.45000076293945,44.11000061035156,44.540000915527344,44.540000915527344,3874078.0
2022-05-06 09:15:00,46.81999969482422,46.81999969482422,42.75,44.54999923706055,44.54999923706055,4765135.0
2022-05-09 09:15:00,44.88999938964844,45.25,44.0099983215332,44.41999816894531,44.41999816894531,4932473.0
2022-05-10 09:15:00,44.790000915527344,45.130001068115234,44.130001068115234,44.2599983215332,44.2599983215332,4762974.0
2022-05-11 09:15:00,44.13999938964844,44.15999984741211,43.18000030517578,44.060001373291016,44.060001373291016,2945267.0
2022-05-12 09:15:00,43.779998779296875,44.540000915527344,43.650001525878906,44.02000045776367,44.02000045776367,2448614.0
2022-05-13 09:15:00,43.84000015258789,45.0,43.150001525878906,43.41999816894531,43.41999816894531,6268886.0
2022-05-16 09:15:00,43.58000183105469,43.58000183105469,43.0,43.13999938964844,43.13999938964844,4339791.0
2022-05-17 09:15:00,43.779998779296875,44.40999984741211,43.310001373291016,43.540000915527344,43.540000915527344,2297137.0
2022-05-18 09:15:00,43.52000045776367,43.52000045776367,43.0099983215332,43.38999938964844,43.38999938964844,2809408.0
2022-05-19 09:15:00,43.650001525878906,43.7400016784668,43.150001525878906,43.59000015258789,43.59000015258789,3101059.0
2022-05-20 09:15:00,43.349998474121094,43.97999954223633,43.349998474121094,43.91999816894531,43.91999816894531,1442916.0
2022-05-23 09:15:00,44.439998626708984,44.439998626708984,44.04999923706055,44.25,44.25,2140814.0
2022-05-24 09:15:00,44.380001068115234,44.380001068115234,43.779998779296875,44.06999969482422,44.06999969482422,1742995.0
2022-05-25 09:15:00,44.34000015258789,44.34000015258789,44.029998779296875,44.119998931884766,44.119998931884766,1725313.0
2022-05-26 09:15:00,45.11000061035156,45.11000061035156,43.77000045776367,43.869998931884766,43.869998931884766,2024163.0
2022-05-27 09:15:00,44.279998779296875,44.279998779296875,43.869998931884766,44.08000183105469,44.08000183105469,1370322.0
2022-05-30 09:15:00,44.279998779296875,44.380001068115234,43.880001068115234,43.97999954223633,43.97999954223633,2903680.0
2022-05-31 09:15:00,44.09000015258789,44.09000015258789,43.83000183105469,43.95000076293945,43.95000076293945,1265893.0
2022-06-01 09:15:00,43.880001068115234,43.880001068115234,43.470001220703125,43.52000045776367,43.52000045776367,2238485.0
2022-06-02 09:15:00,44.29999923706055,44.29999923706055,43.58000183105469,43.97999954223633,43.97999954223633,1975583.0
2022-06-03 09:15:00,44.560001373291016,44.79999923706055,44.13999938964844,44.150001525878906,44.150001525878906,1767101.0
2022-06-06 09:15:00,44.95000076293945,44.95000076293945,43.29999923706055,44.0,44.0,2337622.0
2022-06-07 09:15:00,44.18000030517578,44.18000030517578,43.59000015258789,43.86000061035156,43.86000061035156,1464099.0
2022-06-08 09:15:00,44.060001373291016,44.060001373291016,43.7400016784668,43.880001068115234,43.880001068115234,1227638.0
2022-06-09 09:15:00,44.13999938964844,44.13999938964844,43.68000030517578,43.95000076293945,43.95000076293945,1208810.0
2022-06-10 09:15:00,44.150001525878906,44.150001525878906,43.75,43.810001373291016,43.810001373291016,1088837.0
2022-06-13 09:15:00,44.689998626708984,44.689998626708984,44.11000061035156,44.189998626708984,44.189998626708984,5159270.0
2022-06-14 09:15:00,44.08000183105469,44.08000183105469,43.36000061035156,43.56999969482422,43.56999969482422,2820945.0
2022-06-15 09:15:00,43.66999816894531,43.7400016784668,43.22999954223633,43.61000061035156,43.61000061035156,2091201.0
2022-06-16 09:15:00,43.95000076293945,43.95000076293945,43.529998779296875,43.720001220703125,43.720001220703125,2170013.0
2022-06-17 09:15:00,44.13999938964844,44.13999938964844,43.86000061035156,44.08000183105469,44.08000183105469,2039843.0
2022-06-20 09:15:00,44.060001373291016,44.060001373291016,43.7400016784668,43.81999969482422,43.81999969482422,2583650.0
2022-06-21 09:15:00,44.08000183105469,44.08000183105469,43.619998931884766,43.779998779296875,43.779998779296875,3212517.0
2022-06-22 09:15:00,43.779998779296875,43.790000915527344,43.459999084472656,43.68000030517578,43.68000030517578,1702697.0
2022-06-23 09:15:00,43.97999954223633,43.97999954223633,43.61000061035156,43.7599983215332,43.7599983215332,2159396.0
2022-06-24 09:15:00,44.599998474121094,44.599998474121094,43.209999084472656,43.65999984741211,43.65999984741211,2826062.0
2022-06-27 09:15:00,43.970001220703125,43.970001220703125,43.619998931884766,43.869998931884766,43.869998931884766,3381786.0
2022-06-28 09:15:00,43.79999923706055,43.93000030517578,43.560001373291016,43.79999923706055,43.79999923706055,2173213.0
2022-06-29 09:15:00,44.040000915527344,44.040000915527344,43.54999923706055,43.7599983215332,43.7599983215332,1372013.0
2022-06-30 09:15:00,44.599998474121094,44.599998474121094,43.540000915527344,43.7599983215332,43.7599983215332,2636944.0
2022-07-01 09:15:00,43.869998931884766,44.900001525878906,43.79999923706055,44.36000061035156,44.36000061035156,9083077.0
2022-07-04 09:15:00,45.04999923706055,45.04999923706055,41.70000076293945,44.68000030517578,44.68000030517578,3696528.0
2022-07-05 09:15:00,45.380001068115234,45.380001068115234,44.380001068115234,44.79999923706055,44.79999923706055,2799231.0
2022-07-06 09:15:00,44.439998626708984,44.59000015258789,42.099998474121094,44.16999816894531,44.16999816894531,4719772.0
2022-07-07 09:15:00,44.900001525878906,44.900001525878906,43.18000030517578,43.59000015258789,43.59000015258789,7871542.0
2022-07-08 09:15:00,43.939998626708984,44.150001525878906,43.119998931884766,43.56999969482422,43.56999969482422,1646453.0
2022-07-11 09:15:00,44.09000015258789,44.400001525878906,43.27000045776367,43.560001373291016,43.560001373291016,2527931.0
2022-07-12 09:15:00,43.810001373291016,43.900001525878906,43.290000915527344,43.619998931884766,43.619998931884766,1798323.0
2022-07-13 09:15:00,43.86000061035156,43.900001525878906,43.209999084472656,43.439998626708984,43.439998626708984,2941632.0
2022-07-14 09:15:00,43.95000076293945,43.95000076293945,43.040000915527344,43.29999923706055,43.29999923706055,1465436.0
2022-07-15 09:15:00,43.689998626708984,43.70000076293945,42.86000061035156,43.11000061035156,43.11000061035156,1889788.0
2022-07-18 09:15:00,43.650001525878906,43.70000076293945,42.599998474121094,43.54999923706055,43.54999923706055,2649053.0
2022-07-19 09:15:00,43.75,43.75,43.04999923706055,43.38999938964844,43.38999938964844,2033750.0
2022-07-20 09:15:00,43.63999938964844,43.63999938964844,43.02000045776367,43.38999938964844,43.38999938964844,2727549.0
2022-07-21 09:15:00,43.31999969482422,43.31999969482422,42.95000076293945,43.029998779296875,43.029998779296875,2536379.0
2022-07-22 09:15:00,43.599998474121094,43.84000015258789,43.220001220703125,43.689998626708984,43.689998626708984,2743924.0
2022-07-25 09:15:00,44.290000915527344,44.290000915527344,43.310001373291016,43.599998474121094,43.599998474121094,7496829.0
2022-07-26 09:15:00,43.88999938964844,43.88999938964844,43.310001373291016,43.459999084472656,43.459999084472656,4145903.0
2022-07-27 09:15:00,45.459999084472656,45.459999084472656,43.16999816894531,43.56999969482422,43.56999969482422,2639482.0
2022-07-28 09:15:00,44.06999969482422,44.08000183105469,43.63999938964844,44.02000045776367,44.02000045776367,1860323.0
2022-07-29 09:15:00,38.29999923706055,44.4900016784668,38.29999923706055,44.060001373291016,44.060001373291016,3799713.0
2022-08-01 09:15:00,44.439998626708984,44.439998626708984,43.83000183105469,44.220001220703125,44.220001220703125,3672587.0
2022-08-02 09:15:00,44.4900016784668,44.5099983215332,44.0099983215332,44.18000030517578,44.18000030517578,2404168.0
2022-08-03 09:15:00,44.18000030517578,44.27000045776367,43.90999984741211,44.189998626708984,44.189998626708984,2213499.0
2022-08-04 09:15:00,44.47999954223633,44.83000183105469,43.93000030517578,44.65999984741211,44.65999984741211,3192387.0
2022-08-05 09:15:00,44.959999084472656,44.9900016784668,44.369998931884766,44.720001220703125,44.720001220703125,2218906.0
2022-08-08 09:15:00,44.849998474121094,44.90999984741211,44.40999984741211,44.619998931884766,44.619998931884766,2202250.0
2022-08-10 09:15:00,44.9900016784668,45.20000076293945,44.61000061035156,44.869998931884766,44.869998931884766,4815067.0
2022-08-11 09:15:00,44.869998931884766,44.95000076293945,44.54999923706055,44.90999984741211,44.90999984741211,2336609.0
2022-08-12 09:15:00,45.119998931884766,45.119998931884766,44.68000030517578,45.0,45.0,5335944.0
2022-08-16 09:15:00,45.15999984741211,45.15999984741211,44.619998931884766,44.650001525878906,44.650001525878906,3136639.0
2022-08-17 09:15:00,44.84000015258789,44.97999954223633,44.279998779296875,44.599998474121094,44.599998474121094,2652324.0
2022-08-18 09:15:00,44.72999954223633,44.72999954223633,44.349998474121094,44.54999923706055,44.54999923706055,2115125.0
2022-08-19 09:15:00,44.529998779296875,44.529998779296875,44.2599983215332,44.41999816894531,44.41999816894531,1588648.0
2022-08-22 09:15:00,44.11000061035156,44.59000015258789,43.95000076293945,43.9900016784668,43.9900016784668,2676258.0
2022-08-23 09:15:00,44.290000915527344,44.290000915527344,43.90999984741211,44.150001525878906,44.150001525878906,2369737.0
2022-08-24 09:15:00,44.459999084472656,44.459999084472656,44.060001373291016,44.33000183105469,44.33000183105469,2177388.0
2022-08-25 09:15:00,44.689998626708984,44.75,44.25,44.63999938964844,44.63999938964844,2207667.0
2022-08-26 09:15:00,44.689998626708984,44.75,44.279998779296875,44.29999923706055,44.29999923706055,2403321.0
2022-08-29 09:15:00,44.470001220703125,44.470001220703125,41.599998474121094,43.849998474121094,43.849998474121094,3588407.0
2022-08-30 09:15:00,43.81999969482422,44.220001220703125,43.41999816894531,43.900001525878906,43.900001525878906,2717694.0
2022-09-01 09:15:00,43.58000183105469,43.70000076293945,43.22999954223633,43.349998474121094,43.349998474121094,5014410.0
2022-09-02 09:15:00,43.529998779296875,43.529998779296875,43.11000061035156,43.369998931884766,43.369998931884766,2592415.0
2022-09-05 09:15:00,43.70000076293945,43.790000915527344,43.2400016784668,43.540000915527344,43.540000915527344,2440863.0
2022-09-06 09:15:00,43.84000015258789,43.88999938964844,43.369998931884766,43.5,43.5,3275297.0
2022-09-07 09:15:00,43.45000076293945,43.459999084472656,43.150001525878906,43.40999984741211,43.40999984741211,2873935.0
2022-09-08 09:15:00,43.7400016784668,43.77000045776367,43.2400016784668,43.599998474121094,43.599998474121094,1485287.0
2022-09-09 09:15:00,43.7599983215332,43.849998474121094,43.310001373291016,43.65999984741211,43.65999984741211,1677773.0
2022-09-12 09:15:00,48.0,48.0,43.31999969482422,43.599998474121094,43.599998474121094,3909092.0
2022-09-13 09:15:00,43.58000183105469,43.58000183105469,43.31999969482422,43.5,43.5,2180910.0
2022-09-14 09:15:00,43.4900016784668,43.5099983215332,43.150001525878906,43.18000030517578,43.18000030517578,2513567.0
2022-09-15 09:15:00,43.27000045776367,43.279998779296875,42.86000061035156,43.04999923706055,43.04999923706055,7819360.0
2022-09-16 09:15:00,42.939998626708984,43.20000076293945,42.209999084472656,42.2599983215332,42.2599983215332,5272807.0
2022-09-19 09:15:00,42.7400016784668,42.810001373291016,42.20000076293945,42.34000015258789,42.34000015258789,6588351.0
2022-09-20 09:15:00,42.779998779296875,42.790000915527344,42.349998474121094,42.4900016784668,42.4900016784668,3125863.0
2022-09-21 09:15:00,42.689998626708984,42.720001220703125,42.2400016784668,42.70000076293945,42.70000076293945,2429479.0
2022-09-22 09:15:00,42.79999923706055,43.040000915527344,42.310001373291016,42.9900016784668,42.9900016784668,4283507.0
2022-09-23 09:15:00,43.290000915527344,43.290000915527344,42.709999084472656,42.81999969482422,42.81999969482422,2355990.0
2022-09-26 09:15:00,42.869998931884766,42.869998931884766,42.27000045776367,42.63999938964844,42.63999938964844,2868912.0
2022-09-27 09:15:00,42.88999938964844,42.88999938964844,42.310001373291016,42.41999816894531,42.41999816894531,2785259.0
2022-09-28 09:15:00,42.119998931884766,42.619998931884766,42.119998931884766,42.29999923706055,42.29999923706055,1773850.0
2022-09-29 09:15:00,42.54999923706055,43.15999984741211,42.5099983215332,42.900001525878906,42.900001525878906,3330240.0
2022-09-30 09:15:00,43.279998779296875,43.349998474121094,42.7400016784668,43.15999984741211,43.15999984741211,2654545.0
2022-10-03 09:15:00,43.439998626708984,43.439998626708984,43.11000061035156,43.13999938964844,43.13999938964844,5004653.0
2022-10-04 09:15:00,43.4900016784668,44.150001525878906,43.47999954223633,44.04999923706055,44.04999923706055,5484223.0
2022-10-06 09:15:00,44.58000183105469,45.0,44.119998931884766,44.279998779296875,44.279998779296875,4782138.0
2022-10-07 09:15:00,44.29999923706055,44.540000915527344,44.119998931884766,44.4900016784668,44.4900016784668,3208191.0
2022-10-10 09:15:00,44.400001525878906,44.630001068115234,43.70000076293945,43.72999954223633,43.72999954223633,3643998.0
2022-10-11 09:15:00,44.470001220703125,44.47999954223633,43.349998474121094,43.41999816894531,43.41999816894531,2163274.0
2022-10-12 09:15:00,43.220001220703125,43.68000030517578,42.9900016784668,43.59000015258789,43.59000015258789,2786712.0
2022-10-13 09:15:00,43.83000183105469,43.84000015258789,43.41999816894531,43.689998626708984,43.689998626708984,1957699.0
2022-10-14 09:15:00,43.66999816894531,43.66999816894531,43.220001220703125,43.2599983215332,43.2599983215332,3757412.0
2022-10-17 09:15:00,43.380001068115234,45.599998474121094,43.0099983215332,43.2400016784668,43.2400016784668,2052094.0
2022-10-18 09:15:00,43.220001220703125,43.279998779296875,43.0099983215332,43.119998931884766,43.119998931884766,2538797.0
2022-10-19 09:15:00,43.7400016784668,43.869998931884766,42.869998931884766,43.189998626708984,43.189998626708984,3615050.0
2022-10-20 09:15:00,43.18000030517578,44.369998931884766,42.869998931884766,43.040000915527344,43.040000915527344,1937458.0
2022-10-21 09:15:00,43.08000183105469,43.209999084472656,42.70000076293945,42.72999954223633,42.72999954223633,5502791.0
2022-10-24 18:15:00,44.36000061035156,44.369998931884766,43.06999969482422,43.47999954223633,43.47999954223633,3722883.0
2022-10-25 09:15:00,43.68000030517578,43.90999984741211,43.130001068115234,43.16999816894531,43.16999816894531,2942957.0
2022-10-27 09:15:00,37.599998474121094,43.7400016784668,37.599998474121094,43.459999084472656,43.459999084472656,1876894.0
2022-10-28 09:15:00,43.7400016784668,43.7400016784668,43.06999969482422,43.279998779296875,43.279998779296875,1956627.0
2022-10-31 09:15:00,43.380001068115234,43.380001068115234,43.0099983215332,43.22999954223633,43.22999954223633,2202954.0
2022-11-01 09:15:00,43.4900016784668,43.4900016784668,42.959999084472656,43.310001373291016,43.310001373291016,2306222.0
2022-11-02 09:15:00,43.5,43.540000915527344,43.06999969482422,43.5,43.5,2114895.0
2022-11-03 09:15:00,43.47999954223633,43.47999954223633,42.95000076293945,43.0,43.0,3452084.0
2022-11-04 09:15:00,43.459999084472656,43.459999084472656,43.02000045776367,43.290000915527344,43.290000915527344,1894906.0
2022-11-07 09:15:00,43.45000076293945,44.09000015258789,43.45000076293945,43.7400016784668,43.7400016784668,3090161.0
2022-11-09 09:15:00,43.95000076293945,44.43000030517578,43.869998931884766,43.970001220703125,43.970001220703125,5393284.0
2022-11-10 09:15:00,44.290000915527344,44.290000915527344,43.7599983215332,44.18000030517578,44.18000030517578,2125679.0
2022-11-11 09:15:00,44.560001373291016,44.81999969482422,44.2400016784668,44.7599983215332,44.7599983215332,5847659.0
2022-11-14 09:15:00,44.849998474121094,44.95000076293945,44.5099983215332,44.81999969482422,44.81999969482422,4678336.0
2022-11-15 09:15:00,45.27000045776367,45.279998779296875,44.650001525878906,45.150001525878906,45.150001525878906,6931363.0
2022-11-16 09:15:00,45.290000915527344,45.439998626708984,44.90999984741211,45.349998474121094,45.349998474121094,4986732.0
2022-11-17 09:15:00,45.33000183105469,45.40999984741211,45.029998779296875,45.16999816894531,45.16999816894531,2284358.0
2022-11-18 09:15:00,45.27000045776367,45.310001373291016,44.91999816894531,45.2599983215332,45.2599983215332,2779991.0
2022-11-21 09:15:00,45.15999984741211,45.15999984741211,44.619998931884766,44.79999923706055,44.79999923706055,1910550.0
2022-11-22 09:15:00,45.040000915527344,45.11000061035156,44.619998931884766,44.900001525878906,44.900001525878906,1808560.0
2022-11-23 09:15:00,45.099998474121094,45.099998474121094,44.630001068115234,44.77000045776367,44.77000045776367,1970626.0
2022-11-24 09:15:00,45.279998779296875,45.279998779296875,44.7599983215332,45.040000915527344,45.040000915527344,4073101.0
2022-11-25 09:15:00,45.29999923706055,45.310001373291016,44.880001068115234,44.97999954223633,44.97999954223633,1910506.0
2022-11-28 09:15:00,45.2599983215332,45.2599983215332,44.709999084472656,45.119998931884766,45.119998931884766,3409844.0
2022-11-29 09:15:00,45.060001373291016,45.150001525878906,44.540000915527344,45.099998474121094,45.099998474121094,2438774.0
2022-11-30 09:15:00,45.209999084472656,45.2599983215332,45.0,45.099998474121094,45.099998474121094,1984004.0
2022-12-01 09:15:00,45.5099983215332,45.560001373291016,45.15999984741211,45.369998931884766,45.369998931884766,3594010.0
2022-12-02 09:15:00,46.029998779296875,46.029998779296875,45.52000045776367,45.880001068115234,45.880001068115234,4102571.0
2022-12-05 09:15:00,46.29999923706055,46.29999923706055,45.810001373291016,46.09000015258789,46.09000015258789,3622012.0
2022-12-06 09:15:00,45.970001220703125,45.970001220703125,45.52000045776367,45.81999969482422,45.81999969482422,2339290.0
2022-12-07 09:15:00,46.08000183105469,46.08000183105469,45.58000183105469,45.84000015258789,45.84000015258789,1502324.0
2022-12-08 09:15:00,46.209999084472656,46.209999084472656,45.68000030517578,46.060001373291016,46.060001373291016,1618610.0
2022-12-09 09:15:00,46.38999938964844,46.38999938964844,46.0099983215332,46.11000061035156,46.11000061035156,1722820.0
2022-12-12 09:15:00,46.380001068115234,46.380001068115234,45.86000061035156,46.189998626708984,46.189998626708984,3257599.0
2022-12-13 09:15:00,46.349998474121094,46.75,45.86000061035156,46.15999984741211,46.15999984741211,2740609.0
2022-12-14 09:15:00,46.58000183105469,48.900001525878906,46.209999084472656,46.540000915527344,46.540000915527344,2311017.0
2022-12-15 09:15:00,46.47999954223633,46.4900016784668,45.90999984741211,46.029998779296875,46.029998779296875,2670575.0
2022-12-16 09:15:00,45.83000183105469,46.40999984741211,45.83000183105469,46.099998474121094,46.099998474121094,2141668.0
2022-12-19 09:15:00,46.470001220703125,46.709999084472656,46.220001220703125,46.41999816894531,46.41999816894531,3589858.0
2022-12-20 09:15:00,46.380001068115234,46.79999923706055,45.83000183105469,46.75,46.75,3231954.0
2022-12-21 09:15:00,47.11000061035156,47.11000061035156,46.779998779296875,46.86000061035156,46.86000061035156,3914662.0
2022-12-22 09:15:00,47.279998779296875,47.279998779296875,46.68000030517578,46.869998931884766,46.869998931884766,4841450.0
2022-12-23 09:15:00,46.7400016784668,46.7400016784668,46.369998931884766,46.689998626708984,46.689998626708984,6051020.0
2022-12-26 09:15:00,47.119998931884766,47.119998931884766,46.5099983215332,46.689998626708984,46.689998626708984,6123432.0
2022-12-27 09:15:00,46.939998626708984,46.939998626708984,46.59000015258789,46.869998931884766,46.869998931884766,3104361.0
2022-12-28 09:15:00,47.099998474121094,47.099998474121094,46.5099983215332,46.54999923706055,46.54999923706055,2288068.0
2022-12-29 09:15:00,46.900001525878906,46.91999816894531,46.560001373291016,46.61000061035156,46.61000061035156,4403064.0
2022-12-30 09:15:00,46.9900016784668,46.9900016784668,46.619998931884766,46.790000915527344,46.790000915527344,2945907.0
2023-01-02 09:15:00,47.41999816894531,47.41999816894531,46.849998474121094,47.16999816894531,47.16999816894531,5088245.0
2023-01-03 09:15:00,47.4900016784668,47.790000915527344,47.209999084472656,47.630001068115234,47.630001068115234,5165224.0
2023-01-04 09:15:00,47.650001525878906,48.13999938964844,47.650001525878906,48.06999969482422,48.06999969482422,4039965.0
2023-01-05 09:15:00,48.11000061035156,48.16999816894531,47.650001525878906,47.779998779296875,47.779998779296875,4303123.0
2023-01-06 09:15:00,47.779998779296875,48.040000915527344,47.34000015258789,47.5,47.5,3457817.0
2023-01-09 09:15:00,47.720001220703125,48.279998779296875,47.709999084472656,48.11000061035156,48.11000061035156,4176477.0
2023-01-10 09:15:00,48.119998931884766,48.279998779296875,47.84000015258789,47.959999084472656,47.959999084472656,3691056.0
2023-01-11 09:15:00,47.95000076293945,48.06999969482422,47.79999923706055,48.02000045776367,48.02000045776367,2415393.0
2023-01-12 09:15:00,49.45000076293945,49.45000076293945,47.91999816894531,47.95000076293945,47.95000076293945,1434158.0
2023-01-13 09:15:00,48.11000061035156,48.290000915527344,48.0,48.22999954223633,48.22999954223633,2270665.0
2023-01-16 09:15:00,48.380001068115234,48.93000030517578,48.380001068115234,48.70000076293945,48.70000076293945,4385790.0
2023-01-17 09:15:00,49.060001373291016,49.060001373291016,48.43000030517578,48.5,48.5,3222233.0
2023-01-18 09:15:00,49.95000076293945,49.95000076293945,48.220001220703125,48.459999084472656,48.459999084472656,2210772.0
2023-01-19 09:15:00,49.900001525878906,49.900001525878906,48.099998474121094,48.5,48.5,1803822.0
2023-01-20 09:15:00,49.95000076293945,49.95000076293945,48.61000061035156,48.7599983215332,48.7599983215332,2310265.0
2023-01-23 09:15:00,48.540000915527344,49.0099983215332,48.540000915527344,48.77000045776367,48.77000045776367,2703249.0
2023-01-24 09:15:00,49.2400016784668,49.27000045776367,48.86000061035156,48.90999984741211,48.90999984741211,4267976.0
2023-01-25 09:15:00,49.209999084472656,49.209999084472656,48.720001220703125,48.7599983215332,48.7599983215332,2684878.0
2023-01-27 09:15:00,48.900001525878906,48.900001525878906,48.54999923706055,48.779998779296875,48.779998779296875,4045147.0
2023-01-30 09:15:00,49.2599983215332,49.2599983215332,48.54999923706055,48.77000045776367,48.77000045776367,3389681.0
2023-01-31 09:15:00,50.25,50.25,48.54999923706055,48.66999816894531,48.66999816894531,2414372.0
2023-02-01 09:15:00,48.970001220703125,49.45000076293945,48.56999969482422,49.40999984741211,49.40999984741211,3765879.0
2023-02-02 09:15:00,50.380001068115234,50.5,49.5099983215332,50.470001220703125,50.470001220703125,7185518.0
2023-02-03 09:15:00,52.0,52.0,49.34000015258789,49.41999816894531,49.41999816894531,8593265.0
2023-02-06 09:15:00,48.9900016784668,49.18000030517578,48.380001068115234,49.040000915527344,49.040000915527344,3437174.0
2023-02-07 09:15:00,49.209999084472656,49.209999084472656,48.779998779296875,49.06999969482422,49.06999969482422,2840902.0
2023-02-08 09:15:00,49.47999954223633,49.47999954223633,48.27000045776367,49.20000076293945,49.20000076293945,2932331.0
2023-02-09 09:15:00,50.70000076293945,50.70000076293945,48.83000183105469,49.11000061035156,49.11000061035156,1587624.0
2023-02-10 09:15:00,48.97999954223633,48.97999954223633,48.279998779296875,48.65999984741211,48.65999984741211,2554259.0
2023-02-13 09:15:00,50.099998474121094,50.099998474121094,48.560001373291016,48.66999816894531,48.66999816894531,2363354.0
2023-02-14 09:15:00,48.79999923706055,48.84000015258789,48.560001373291016,48.790000915527344,48.790000915527344,2015279.0
2023-02-15 09:15:00,48.689998626708984,48.70000076293945,48.08000183105469,48.15999984741211,48.15999984741211,3000332.0
2023-02-16 09:15:00,49.599998474121094,49.599998474121094,48.060001373291016,48.18000030517578,48.18000030517578,1739270.0
2023-02-17 09:15:00,48.34000015258789,48.34000015258789,47.72999954223633,47.95000076293945,47.95000076293945,2493726.0
2023-02-20 09:15:00,48.369998931884766,48.41999816894531,48.15999984741211,48.380001068115234,48.380001068115234,2176367.0
2023-02-21 09:15:00,48.779998779296875,48.779998779296875,48.09000015258789,48.2599983215332,48.2599983215332,1890550.0
2023-02-22 09:15:00,47.779998779296875,48.65999984741211,47.779998779296875,48.15999984741211,48.15999984741211,1531186.0
2023-02-23 09:15:00,48.04999923706055,48.060001373291016,47.84000015258789,47.86000061035156,47.86000061035156,1730841.0
2023-02-24 09:15:00,48.0099983215332,48.0099983215332,47.75,47.779998779296875,47.779998779296875,1269779.0
2023-02-27 09:15:00,47.9900016784668,48.0,47.36000061035156,47.439998626708984,47.439998626708984,3179913.0
2023-02-28 09:15:00,47.650001525878906,47.650001525878906,47.310001373291016,47.40999984741211,47.40999984741211,2281399.0
2023-03-01 09:15:00,47.849998474121094,47.970001220703125,47.56999969482422,47.77000045776367,47.77000045776367,2904455.0
2023-03-02 09:15:00,48.15999984741211,48.15999984741211,47.65999984741211,47.810001373291016,47.810001373291016,2417506.0
2023-03-03 09:15:00,47.939998626708984,47.95000076293945,47.7599983215332,47.81999969482422,47.81999969482422,2310650.0
2023-03-06 09:15:00,47.86000061035156,48.08000183105469,47.79999923706055,47.83000183105469,47.83000183105469,3400795.0
2023-03-08 09:15:00,47.189998626708984,47.189998626708984,46.5099983215332,47.119998931884766,47.119998931884766,2248801.0
2023-03-09 09:15:00,47.369998931884766,47.369998931884766,46.91999816894531,47.06999969482422,47.06999969482422,2670045.0
2023-03-10 09:15:00,47.18000030517578,47.709999084472656,47.18000030517578,47.43000030517578,47.43000030517578,3009916.0
2023-03-13 09:15:00,48.849998474121094,48.900001525878906,48.220001220703125,48.81999969482422,48.81999969482422,5159849.0
2023-03-14 09:15:00,49.400001525878906,49.439998626708984,49.099998474121094,49.130001068115234,49.130001068115234,5412885.0
2023-03-15 09:15:00,49.25,49.25,48.779998779296875,48.93000030517578,48.93000030517578,3470751.0
2023-03-16 09:15:00,49.79999923706055,49.79999923706055,49.29999923706055,49.70000076293945,49.70000076293945,4805081.0
2023-03-17 09:15:00,49.95000076293945,49.95000076293945,49.630001068115234,49.75,49.75,2930564.0
2023-03-20 09:15:00,50.790000915527344,51.59000015258789,50.5099983215332,50.90999984741211,50.90999984741211,9374247.0
2023-03-21 09:15:00,52.45000076293945,52.45000076293945,50.29999923706055,50.47999954223633,50.47999954223633,4152847.0
2023-03-22 09:15:00,50.099998474121094,50.099998474121094,49.77000045776367,50.040000915527344,50.040000915527344,16592552.0
2023-03-23 09:15:00,50.70000076293945,50.70000076293945,50.31999969482422,50.36000061035156,50.36000061035156,9676515.0
2023-03-24 09:15:00,50.5,51.060001373291016,50.459999084472656,50.900001525878906,50.900001525878906,4762415.0
2023-03-27 09:15:00,50.7599983215332,50.7599983215332,50.13999938964844,50.400001525878906,50.400001525878906,6111441.0
2023-03-28 09:15:00,50.68000030517578,50.68000030517578,50.02000045776367,50.40999984741211,50.40999984741211,7012406.0
2023-03-29 09:15:00,50.970001220703125,51.060001373291016,50.45000076293945,50.689998626708984,50.689998626708984,3699065.0
2023-03-31 09:15:00,50.79999923706055,51.439998626708984,50.79999923706055,51.06999969482422,51.06999969482422,6527536.0
2023-04-03 09:15:00,50.70000076293945,50.900001525878906,50.40999984741211,50.79999923706055,50.79999923706055,5802605.0
2023-04-05 09:15:00,51.79999923706055,52.4900016784668,51.75,51.86000061035156,51.86000061035156,6683360.0
2023-04-06 09:15:00,51.63999938964844,51.869998931884766,51.560001373291016,51.810001373291016,51.810001373291016,4684885.0
2023-04-10 09:15:00,51.68000030517578,51.68000030517578,51.11000061035156,51.380001068115234,51.380001068115234,4825642.0
2023-04-11 09:15:00,51.45000076293945,51.619998931884766,51.099998474121094,51.54999923706055,51.54999923706055,3126795.0
2023-04-12 09:15:00,51.970001220703125,51.970001220703125,51.59000015258789,51.720001220703125,51.720001220703125,2107439.0
2023-04-13 09:15:00,51.9900016784668,51.9900016784668,51.72999954223633,51.939998626708984,51.939998626708984,3068716.0
2023-04-17 09:15:00,51.70000076293945,51.7599983215332,51.119998931884766,51.70000076293945,51.70000076293945,2780804.0
2023-04-18 09:15:00,50.93000030517578,51.630001068115234,50.93000030517578,51.52000045776367,51.52000045776367,2607685.0
2023-04-19 09:15:00,51.84000015258789,51.84000015258789,51.06999969482422,51.119998931884766,51.119998931884766,24059884.0
2023-04-20 09:15:00,51.900001525878906,51.90999984741211,51.33000183105469,51.63999938964844,51.63999938964844,4638296.0
2023-04-21 09:15:00,51.650001525878906,51.90999984741211,51.2400016784668,51.290000915527344,51.290000915527344,3650585.0
2023-04-24 09:15:00,51.5099983215332,51.5099983215332,51.02000045776367,51.2599983215332,51.2599983215332,2660843.0
2023-04-25 09:15:00,51.68000030517578,51.90999984741211,51.2599983215332,51.31999969482422,51.31999969482422,3122970.0
2023-04-26 09:15:00,51.66999816894531,51.88999938964844,51.349998474121094,51.47999954223633,51.47999954223633,1868163.0
2023-04-27 09:15:00,51.68000030517578,51.68000030517578,51.41999816894531,51.470001220703125,51.470001220703125,1677642.0
2023-04-28 09:15:00,51.380001068115234,51.380001068115234,51.20000076293945,51.25,51.25,1904628.0
2023-05-02 09:15:00,51.529998779296875,51.529998779296875,51.060001373291016,51.310001373291016,51.310001373291016,5643337.0
2023-05-03 09:15:00,52.849998474121094,52.849998474121094,51.5099983215332,52.060001373291016,52.060001373291016,2664385.0
2023-05-04 09:15:00,53.599998474121094,53.599998474121094,52.2599983215332,52.5099983215332,52.5099983215332,4360800.0
2023-05-05 09:15:00,53.08000183105469,53.08000183105469,52.459999084472656,52.5,52.5,3223986.0
2023-05-08 09:15:00,52.20000076293945,52.25,51.97999954223633,52.16999816894531,52.16999816894531,3089746.0
2023-05-09 09:15:00,52.29999923706055,52.439998626708984,52.150001525878906,52.369998931884766,52.369998931884766,3174692.0
2023-05-10 09:15:00,52.54999923706055,52.54999923706055,52.349998474121094,52.43000030517578,52.43000030517578,3804699.0
2023-05-11 09:15:00,52.43000030517578,52.540000915527344,52.25,52.369998931884766,52.369998931884766,2016110.0
2023-05-12 09:15:00,52.150001525878906,52.150001525878906,51.849998474121094,51.90999984741211,51.90999984741211,3345301.0
2023-05-15 09:15:00,52.34000015258789,52.52000045776367,52.04999923706055,52.279998779296875,52.279998779296875,2473337.0
2023-05-16 09:15:00,52.29999923706055,52.29999923706055,52.0,52.04999923706055,52.04999923706055,2608312.0
2023-05-17 09:15:00,51.75,51.75,51.560001373291016,51.619998931884766,51.619998931884766,3919739.0
2023-05-18 09:15:00,51.599998474121094,51.650001525878906,51.41999816894531,51.59000015258789,51.59000015258789,1567727.0
2023-05-19 09:15:00,51.4900016784668,51.4900016784668,51.279998779296875,51.439998626708984,51.439998626708984,2730413.0
2023-05-22 09:15:00,49.900001525878906,52.09000015258789,49.900001525878906,51.97999954223633,51.97999954223633,4148458.0
2023-05-23 09:15:00,52.400001525878906,52.400001525878906,50.400001525878906,51.43000030517578,51.43000030517578,3155167.0
2023-05-24 09:15:00,52.27000045776367,52.27000045776367,51.540000915527344,51.75,51.75,2764715.0
2023-05-25 09:15:00,51.75,51.75,50.20000076293945,51.45000076293945,51.45000076293945,2717194.0
2023-05-26 09:15:00,53.0,53.0,51.15999984741211,51.33000183105469,51.33000183105469,2465982.0
2023-05-29 09:15:00,51.29999923706055,51.810001373291016,51.11000061035156,51.18000030517578,51.18000030517578,2542716.0
2023-05-30 09:15:00,51.43000030517578,51.43000030517578,51.0,51.13999938964844,51.13999938964844,3304510.0
2023-05-31 09:15:00,51.47999954223633,51.4900016784668,51.0099983215332,51.130001068115234,51.130001068115234,3035185.0
2023-06-01 09:15:00,51.439998626708984,51.439998626708984,50.95000076293945,50.9900016784668,50.9900016784668,4059946.0
2023-06-02 09:15:00,51.33000183105469,51.61000061035156,51.119998931884766,51.31999969482422,51.31999969482422,2845619.0
2023-06-05 09:15:00,51.0,51.0,50.650001525878906,50.720001220703125,50.720001220703125,5408201.0
2023-06-06 09:15:00,50.810001373291016,51.33000183105469,50.720001220703125,51.06999969482422,51.06999969482422,3104068.0
2023-06-07 09:15:00,51.29999923706055,51.29999923706055,50.880001068115234,50.9900016784668,50.9900016784668,2619324.0
2023-06-08 09:15:00,50.90999984741211,50.90999984741211,50.650001525878906,50.70000076293945,50.70000076293945,2389085.0
2023-06-09 09:15:00,51.380001068115234,51.380001068115234,50.81999969482422,50.959999084472656,50.959999084472656,3521432.0
2023-06-12 09:15:00,50.95000076293945,51.099998474121094,50.810001373291016,50.93000030517578,50.93000030517578,2970118.0
2023-06-13 09:15:00,50.97999954223633,50.97999954223633,50.83000183105469,50.88999938964844,50.88999938964844,1534463.0
2023-06-14 09:15:00,50.70000076293945,50.70000076293945,50.5099983215332,50.560001373291016,50.560001373291016,2475767.0
2023-06-15 09:15:00,50.43000030517578,50.439998626708984,50.119998931884766,50.15999984741211,50.15999984741211,3347489.0
2023-06-16 09:15:00,50.54999923706055,50.70000076293945,50.290000915527344,50.65999984741211,50.65999984741211,2329107.0
2023-06-19 09:15:00,50.779998779296875,50.779998779296875,50.36000061035156,50.529998779296875,50.529998779296875,2465714.0
2023-06-20 09:15:00,50.36000061035156,50.599998474121094,50.36000061035156,50.4900016784668,50.4900016784668,2232025.0
2023-06-21 09:15:00,50.33000183105469,50.34000015258789,50.04999923706055,50.09000015258789,50.09000015258789,3310301.0
2023-06-22 09:15:00,50.099998474121094,50.099998474121094,49.709999084472656,49.86000061035156,49.86000061035156,3525799.0
2023-06-23 09:15:00,49.599998474121094,49.790000915527344,49.0,49.75,49.75,3149502.0
2023-06-26 09:15:00,51.25,51.25,49.779998779296875,49.9900016784668,49.9900016784668,2461652.0
2023-06-27 09:15:00,48.5,50.2599983215332,48.5,49.79999923706055,49.79999923706055,1963954.0
2023-06-28 09:15:00,49.779998779296875,49.880001068115234,49.459999084472656,49.54999923706055,49.54999923706055,2536016.0
2023-06-30 09:15:00,49.86000061035156,49.86000061035156,49.2400016784668,49.310001373291016,49.310001373291016,4198762.0
2023-07-03 09:15:00,50.79999923706055,50.79999923706055,47.849998474121094,49.560001373291016,49.560001373291016,3321759.0
2023-07-04 09:15:00,51.04999923706055,51.04999923706055,49.70000076293945,49.880001068115234,49.880001068115234,3242266.0
2023-07-05 09:15:00,50.2400016784668,50.2400016784668,49.56999969482422,49.97999954223633,49.97999954223633,2920838.0
2023-07-06 09:15:00,49.95000076293945,50.02000045776367,49.810001373291016,49.900001525878906,49.900001525878906,3122923.0
2023-07-07 09:15:00,51.400001525878906,51.400001525878906,49.79999923706055,50.02000045776367,50.02000045776367,2881198.0
2023-07-10 09:15:00,51.5,51.5,49.970001220703125,50.029998779296875,50.029998779296875,3318834.0
2023-07-11 09:15:00,51.54999923706055,51.54999923706055,49.83000183105469,50.15999984741211,50.15999984741211,2680421.0
2023-07-12 09:15:00,50.279998779296875,50.290000915527344,50.08000183105469,50.099998474121094,50.099998474121094,2861761.0
2023-07-13 09:15:00,50.25,50.61000061035156,50.25,50.52000045776367,50.52000045776367,3956450.0
2023-07-14 09:15:00,50.650001525878906,50.68000030517578,50.5,50.59000015258789,50.59000015258789,2947591.0
2023-07-17 09:15:00,51.5,51.5,50.290000915527344,50.4900016784668,50.4900016784668,2897048.0
2023-07-18 09:15:00,50.650001525878906,50.689998626708984,50.5099983215332,50.65999984741211,50.65999984741211,3455452.0
2023-07-19 09:15:00,50.79999923706055,51.099998474121094,50.79999923706055,51.02000045776367,51.02000045776367,3510703.0
2023-07-20 09:15:00,51.25,51.25,51.04999923706055,51.08000183105469,51.08000183105469,2538202.0
2023-07-21 09:15:00,50.95000076293945,50.95000076293945,50.61000061035156,50.650001525878906,50.650001525878906,3002336.0
2023-07-24 09:15:00,50.650001525878906,50.68000030517578,50.439998626708984,50.650001525878906,50.650001525878906,3016047.0
2023-07-25 09:15:00,52.150001525878906,52.150001525878906,49.79999923706055,50.58000183105469,50.58000183105469,2378439.0
2023-07-26 09:15:00,49.04999923706055,50.90999984741211,49.04999923706055,50.84000015258789,50.84000015258789,2066147.0
2023-07-27 09:15:00,49.29999923706055,51.2599983215332,49.29999923706055,50.93000030517578,50.93000030517578,2359486.0
2023-07-28 09:15:00,50.220001220703125,50.79999923706055,50.220001220703125,50.66999816894531,50.66999816894531,3044246.0
2023-07-31 09:15:00,52.20000076293945,52.20000076293945,50.58000183105469,50.65999984741211,50.65999984741211,2724579.0
2023-08-01 09:15:00,52.20000076293945,52.20000076293945,50.540000915527344,50.689998626708984,50.689998626708984,2808981.0
2023-08-02 09:15:00,50.599998474121094,50.72999954223633,50.5099983215332,50.68000030517578,50.68000030517578,2766414.0
2023-08-03 09:15:00,50.72999954223633,50.72999954223633,50.220001220703125,50.540000915527344,50.540000915527344,3504581.0
2023-08-04 09:15:00,52.04999923706055,52.04999923706055,50.34000015258789,50.5,50.5,1884959.0
2023-08-07 09:15:00,52.0,52.0,50.40999984741211,50.4900016784668,50.4900016784668,2346100.0
2023-08-08 09:15:00,52.0,52.0,50.400001525878906,50.560001373291016,50.560001373291016,2327953.0
2023-08-09 09:15:00,52.0,52.0,49.04999923706055,50.369998931884766,50.369998931884766,1844205.0
2023-08-10 09:15:00,51.900001525878906,51.900001525878906,50.099998474121094,50.22999954223633,50.22999954223633,2807602.0
2023-08-11 09:15:00,50.18000030517578,50.18000030517578,49.900001525878906,50.130001068115234,50.130001068115234,2670804.0
2023-08-14 09:15:00,51.650001525878906,51.650001525878906,50.0099983215332,50.09000015258789,50.09000015258789,2275541.0
2023-08-16 09:15:00,50.47999954223633,50.47999954223633,49.959999084472656,50.11000061035156,50.11000061035156,2226988.0
2023-08-17 09:15:00,51.599998474121094,51.599998474121094,49.630001068115234,49.81999969482422,49.81999969482422,3112288.0
2023-08-18 09:15:00,49.81999969482422,49.81999969482422,49.540000915527344,49.75,49.75,1845726.0
2023-08-21 09:15:00,49.65999984741211,50.08000183105469,49.619998931884766,49.68000030517578,49.68000030517578,3301667.0
2023-08-22 09:15:00,51.150001525878906,51.150001525878906,49.72999954223633,49.900001525878906,49.900001525878906,2084194.0
2023-08-23 09:15:00,50.18000030517578,50.18000030517578,49.75,49.810001373291016,49.810001373291016,3727962.0
2023-08-24 09:15:00,51.29999923706055,51.29999923706055,48.939998626708984,50.029998779296875,50.029998779296875,2304166.0
2023-08-25 09:15:00,50.02000045776367,50.029998779296875,49.869998931884766,49.939998626708984,49.939998626708984,1955871.0
2023-08-28 09:15:00,50.029998779296875,50.029998779296875,49.77000045776367,49.79999923706055,49.79999923706055,2459176.0
2023-08-29 09:15:00,51.29999923706055,51.29999923706055,49.939998626708984,49.97999954223633,49.97999954223633,2026617.0
2023-08-30 09:15:00,51.5,51.5,50.119998931884766,50.34000015258789,50.34000015258789,2513078.0
2023-08-31 09:15:00,50.349998474121094,50.70000076293945,50.29999923706055,50.349998474121094,50.349998474121094,2754610.0
2023-09-01 09:15:00,50.400001525878906,50.439998626708984,50.25,50.369998931884766,50.369998931884766,3540459.0
2023-09-04 09:15:00,50.54999923706055,50.630001068115234,50.400001525878906,50.439998626708984,50.439998626708984,4023285.0
2023-09-05 09:15:00,50.43000030517578,50.5,50.310001373291016,50.349998474121094,50.349998474121094,3132796.0
2023-09-06 09:15:00,50.31999969482422,50.40999984741211,50.20000076293945,50.310001373291016,50.310001373291016,1934818.0
2023-09-07 09:15:00,51.79999923706055,51.79999923706055,50.099998474121094,50.16999816894531,50.16999816894531,2171675.0
2023-09-08 09:15:00,50.470001220703125,50.470001220703125,50.16999816894531,50.209999084472656,50.209999084472656,2405062.0
2023-09-11 09:15:00,50.209999084472656,51.70000076293945,49.900001525878906,50.15999984741211,50.15999984741211,4310243.0
2023-09-12 09:15:00,50.16999816894531,50.22999954223633,48.650001525878906,50.02000045776367,50.02000045776367,2862912.0
2023-09-13 09:15:00,51.5,51.5,49.75,49.880001068115234,49.880001068115234,2467090.0
2023-09-14 09:15:00,50.08000183105469,50.18000030517578,49.7599983215332,49.880001068115234,49.880001068115234,2684250.0
2023-09-15 09:15:00,51.400001525878906,51.400001525878906,49.95000076293945,50.119998931884766,50.119998931884766,2701704.0
2023-09-18 09:15:00,50.56999969482422,50.56999969482422,50.029998779296875,50.439998626708984,50.439998626708984,2785227.0
2023-09-20 09:15:00,50.459999084472656,50.63999938964844,50.36000061035156,50.380001068115234,50.380001068115234,2700162.0
2023-09-21 09:15:00,49.599998474121094,50.45000076293945,49.599998474121094,50.27000045776367,50.27000045776367,2725534.0
2023-09-22 09:15:00,50.20000076293945,50.290000915527344,50.099998474121094,50.220001220703125,50.220001220703125,2824953.0
2023-09-25 09:15:00,50.29999923706055,50.29999923706055,49.81999969482422,50.220001220703125,50.220001220703125,1943054.0
2023-09-26 09:15:00,50.220001220703125,50.380001068115234,50.0099983215332,50.02000045776367,50.02000045776367,2370206.0
2023-09-27 09:15:00,49.939998626708984,49.939998626708984,49.5099983215332,49.70000076293945,49.70000076293945,3315836.0
2023-09-28 09:15:00,49.38999938964844,49.47999954223633,49.119998931884766,49.369998931884766,49.369998931884766,4265474.0
2023-09-29 09:15:00,49.25,49.689998626708984,49.0,49.290000915527344,49.290000915527344,5822166.0
2023-10-03 09:15:00,47.79999923706055,49.88999938964844,47.79999923706055,48.83000183105469,48.83000183105469,12887312.0
2023-10-04 09:15:00,50.29999923706055,50.29999923706055,48.099998474121094,48.36000061035156,48.36000061035156,8145199.0
2023-10-05 09:15:00,48.54999923706055,48.54999923706055,48.16999816894531,48.25,48.25,6421522.0
2023-10-06 09:15:00,48.34000015258789,48.7599983215332,48.22999954223633,48.380001068115234,48.380001068115234,11110656.0
2023-10-09 09:15:00,49.849998474121094,49.939998626708984,48.630001068115234,48.880001068115234,48.880001068115234,18450424.0
2023-10-10 09:15:00,49.290000915527344,49.290000915527344,48.86000061035156,48.93000030517578,48.93000030517578,6469486.0
2023-10-11 09:15:00,49.18000030517578,49.20000076293945,48.79999923706055,49.16999816894531,49.16999816894531,3861459.0
2023-10-12 09:15:00,49.20000076293945,49.4900016784668,49.20000076293945,49.38999938964844,49.38999938964844,3986932.0
2023-10-13 09:15:00,49.38999938964844,49.560001373291016,49.20000076293945,49.4900016784668,49.4900016784668,2529347.0
2023-10-16 09:15:00,50.95000076293945,50.95000076293945,50.0,50.25,50.25,6107437.0
2023-10-17 09:15:00,50.38999938964844,50.38999938964844,50.13999938964844,50.310001373291016,50.310001373291016,4384291.0
2023-10-18 09:15:00,51.29999923706055,51.29999923706055,50.47999954223633,50.779998779296875,50.779998779296875,4319795.0
2023-10-19 09:15:00,50.939998626708984,50.9900016784668,50.689998626708984,50.90999984741211,50.90999984741211,5754437.0
2023-10-20 09:15:00,51.459999084472656,51.65999984741211,51.209999084472656,51.59000015258789,51.59000015258789,7276449.0
2023-10-23 09:15:00,51.59000015258789,51.630001068115234,51.310001373291016,51.540000915527344,51.540000915527344,7956254.0
2023-10-25 09:15:00,51.689998626708984,51.689998626708984,51.27000045776367,51.40999984741211,51.40999984741211,7689457.0
2023-10-26 09:15:00,51.900001525878906,51.900001525878906,51.54999923706055,51.83000183105469,51.83000183105469,8832646.0
2023-10-27 09:15:00,51.97999954223633,51.9900016784668,51.560001373291016,51.63999938964844,51.63999938964844,4682849.0
2023-10-30 09:15:00,52.29999923706055,52.29999923706055,51.849998474121094,52.02000045776367,52.02000045776367,4571747.0
2023-10-31 09:15:00,52.13999938964844,52.150001525878906,51.849998474121094,52.060001373291016,52.060001373291016,4323961.0
2023-11-01 09:15:00,51.900001525878906,51.900001525878906,51.40999984741211,51.7599983215332,51.7599983215332,4307988.0
2023-11-02 09:15:00,51.900001525878906,51.900001525878906,51.380001068115234,51.849998474121094,51.849998474121094,3706297.0
2023-11-03 09:15:00,51.470001220703125,51.95000076293945,51.470001220703125,51.79999923706055,51.79999923706055,3203929.0
2023-11-06 09:15:00,51.79999923706055,51.79999923706055,51.52000045776367,51.75,51.75,5369415.0
2023-11-07 09:15:00,51.599998474121094,51.599998474121094,51.31999969482422,51.36000061035156,51.36000061035156,4250564.0
2023-11-08 09:15:00,51.5,51.5,51.27000045776367,51.400001525878906,51.400001525878906,3223867.0
2023-11-09 09:15:00,51.099998474121094,51.099998474121094,50.900001525878906,50.939998626708984,50.939998626708984,3926743.0
2023-11-10 09:15:00,51.29999923706055,51.40999984741211,51.099998474121094,51.310001373291016,51.310001373291016,5683308.0
2023-11-13 09:15:00,51.279998779296875,51.439998626708984,50.849998474121094,50.93000030517578,50.93000030517578,4839603.0
2023-11-15 09:15:00,51.70000076293945,51.849998474121094,50.849998474121094,51.459999084472656,51.459999084472656,3955640.0
2023-11-16 09:15:00,53.0,53.0,51.25,51.38999938964844,51.38999938964844,3282652.0
2023-11-17 09:15:00,51.95000076293945,51.95000076293945,51.290000915527344,51.86000061035156,51.86000061035156,4213896.0
2023-11-20 09:15:00,52.79999923706055,52.79999923706055,51.380001068115234,51.65999984741211,51.65999984741211,3682655.0
2023-11-21 09:15:00,52.599998474121094,52.599998474121094,51.709999084472656,51.880001068115234,51.880001068115234,2623630.0
2023-11-22 09:15:00,52.2400016784668,52.2400016784668,51.939998626708984,52.16999816894531,52.16999816894531,4748477.0
2023-11-23 09:15:00,52.38999938964844,52.38999938964844,51.79999923706055,52.02000045776367,52.02000045776367,2382541.0
2023-11-24 09:15:00,52.900001525878906,52.900001525878906,51.779998779296875,52.150001525878906,52.150001525878906,5370475.0
2023-11-28 09:15:00,53.75,53.75,52.27000045776367,52.29999923706055,52.29999923706055,3445333.0
2023-11-29 09:15:00,53.849998474121094,53.849998474121094,52.90999984741211,53.04999923706055,53.04999923706055,6169273.0
2023-11-30 09:15:00,54.650001525878906,54.650001525878906,52.72999954223633,53.150001525878906,53.150001525878906,2888819.0
2023-12-01 09:15:00,54.75,54.75,53.060001373291016,53.290000915527344,53.290000915527344,3315625.0
2023-12-04 09:15:00,54.349998474121094,54.349998474121094,53.5,53.720001220703125,53.720001220703125,7685812.0
2023-12-05 09:15:00,53.099998474121094,53.189998626708984,52.86000061035156,52.939998626708984,52.939998626708984,6207060.0
2023-12-06 09:15:00,52.939998626708984,53.099998474121094,51.349998474121094,52.83000183105469,52.83000183105469,4073967.0
2023-12-07 09:15:00,53.0,53.09000015258789,52.720001220703125,53.029998779296875,53.029998779296875,3667498.0
2023-12-08 09:15:00,53.099998474121094,53.099998474121094,52.900001525878906,52.939998626708984,52.939998626708984,2923772.0
2023-12-11 09:15:00,52.11000061035156,52.400001525878906,52.0,52.02000045776367,52.02000045776367,13193214.0
2023-12-12 09:15:00,51.97999954223633,52.0,51.810001373291016,51.849998474121094,51.849998474121094,15764942.0
2023-12-13 09:15:00,53.400001525878906,53.400001525878906,51.61000061035156,51.83000183105469,51.83000183105469,8031806.0
2023-12-14 09:15:00,53.400001525878906,53.400001525878906,51.5,52.79999923706055,52.79999923706055,16324182.0
2023-12-15 09:15:00,52.5,53.849998474121094,52.5,52.810001373291016,52.810001373291016,3644830.0
2023-12-18 09:15:00,52.70000076293945,52.70000076293945,52.349998474121094,52.4900016784668,52.4900016784668,5242081.0
2023-12-19 09:15:00,52.599998474121094,52.72999954223633,52.40999984741211,52.59000015258789,52.59000015258789,10811458.0
2023-12-20 09:15:00,52.75,52.9900016784668,52.75,52.83000183105469,52.83000183105469,7715142.0
2023-12-21 09:15:00,52.900001525878906,52.95000076293945,52.33000183105469,52.86000061035156,52.86000061035156,4154616.0
2023-12-22 09:15:00,54.45000076293945,54.45000076293945,51.25,53.189998626708984,53.189998626708984,5225643.0
2023-12-26 09:15:00,53.5,53.529998779296875,53.349998474121094,53.459999084472656,53.459999084472656,5025974.0
2023-12-27 09:15:00,53.59000015258789,53.66999816894531,53.400001525878906,53.630001068115234,53.630001068115234,5203005.0
2023-12-28 09:15:00,54.099998474121094,54.099998474121094,53.709999084472656,53.84000015258789,53.84000015258789,4161520.0
2023-12-29 09:15:00,54.650001525878906,55.29999923706055,53.5099983215332,53.65999984741211,53.65999984741211,4379180.0
2024-01-01 09:15:00,53.75,53.83000183105469,53.54999923706055,53.7400016784668,53.7400016784668,3996865.0
2024-01-02 09:15:00,53.900001525878906,54.060001373291016,53.7599983215332,54.0099983215332,54.0099983215332,6369905.0
2024-01-03 09:15:00,53.849998474121094,53.849998474121094,53.459999084472656,53.529998779296875,53.529998779296875,5429046.0
2024-01-04 09:15:00,53.29999923706055,53.349998474121094,52.650001525878906,53.290000915527344,53.290000915527344,5726820.0
2024-01-05 09:15:00,53.400001525878906,53.400001525878906,53.099998474121094,53.13999938964844,53.13999938964844,7403332.0
2024-01-08 09:15:00,53.540000915527344,53.540000915527344,52.7400016784668,52.849998474121094,52.849998474121094,6264962.0
2024-01-09 09:15:00,53.2400016784668,53.2400016784668,52.79999923706055,53.02000045776367,53.02000045776367,4307157.0
2024-01-10 09:15:00,53.220001220703125,53.41999816894531,52.630001068115234,52.91999816894531,52.91999816894531,3667366.0
2024-01-11 09:15:00,52.900001525878906,52.900001525878906,52.77000045776367,52.84000015258789,52.84000015258789,3419413.0
2024-01-12 09:15:00,52.84000015258789,53.25,52.79999923706055,52.9900016784668,52.9900016784668,10182923.0
2024-01-15 09:15:00,53.20000076293945,53.939998626708984,53.20000076293945,53.25,53.25,4092852.0
2024-01-16 09:15:00,54.849998474121094,54.849998474121094,52.97999954223633,53.04999923706055,53.04999923706055,3616602.0
2024-01-17 09:15:00,52.849998474121094,52.849998474121094,52.59000015258789,52.66999816894531,52.66999816894531,4241987.0
2024-01-18 09:15:00,54.25,54.25,52.36000061035156,52.4900016784668,52.4900016784668,4362662.0
2024-01-19 09:15:00,53.119998931884766,53.119998931884766,52.599998474121094,52.84000015258789,52.84000015258789,3275231.0
2024-01-23 09:15:00,53.18000030517578,53.18000030517578,52.279998779296875,52.86000061035156,52.86000061035156,4651343.0
2024-01-24 09:15:00,52.70000076293945,52.939998626708984,52.70000076293945,52.90999984741211,52.90999984741211,5830182.0
2024-01-25 09:15:00,52.810001373291016,52.84000015258789,52.689998626708984,52.720001220703125,52.720001220703125,3012454.0
2024-01-29 09:15:00,54.0,54.0,52.599998474121094,52.970001220703125,52.970001220703125,3395715.0
2024-01-30 09:15:00,53.0,53.15999984741211,52.810001373291016,53.130001068115234,53.130001068115234,2905691.0
2024-01-31 09:15:00,54.70000076293945,54.70000076293945,53.0,53.349998474121094,53.349998474121094,4770794.0
2024-02-01 09:15:00,53.970001220703125,53.970001220703125,52.599998474121094,53.459999084472656,53.459999084472656,3752403.0
2024-02-02 09:15:00,53.900001525878906,53.900001525878906,53.38999938964844,53.58000183105469,53.58000183105469,2757580.0
2024-02-05 09:15:00,53.45000076293945,53.45000076293945,52.93000030517578,52.97999954223633,52.97999954223633,5752682.0
2024-02-06 09:15:00,54.54999923706055,54.54999923706055,52.849998474121094,52.939998626708984,52.939998626708984,3487216.0
2024-02-07 09:15:00,53.189998626708984,53.22999954223633,52.91999816894531,53.209999084472656,53.209999084472656,4643277.0
2024-02-08 09:15:00,53.59000015258789,53.59000015258789,53.0,53.04999923706055,53.04999923706055,2506407.0
2024-02-09 09:15:00,52.90999984741211,53.189998626708984,52.90999984741211,53.04999923706055,53.04999923706055,2540282.0
2024-02-12 09:15:00,53.0,53.0,52.75,52.790000915527344,52.790000915527344,4060609.0
2024-02-13 09:15:00,54.349998474121094,54.349998474121094,52.599998474121094,52.810001373291016,52.810001373291016,2092214.0
2024-02-14 09:15:00,52.650001525878906,52.650001525878906,51.25,52.099998474121094,52.099998474121094,6828991.0
2024-02-15 09:15:00,52.38999938964844,52.38999938964844,52.0099983215332,52.16999816894531,52.16999816894531,4848262.0
2024-02-16 09:15:00,52.5,52.5,52.20000076293945,52.349998474121094,52.349998474121094,4522588.0
2024-02-19 09:15:00,53.900001525878906,53.900001525878906,52.369998931884766,52.63999938964844,52.63999938964844,3209608.0
2024-02-20 09:15:00,54.20000076293945,54.20000076293945,52.45000076293945,52.560001373291016,52.560001373291016,2532390.0
2024-02-21 09:15:00,52.86000061035156,53.400001525878906,52.58000183105469,52.63999938964844,52.63999938964844,1762556.0
2024-02-22 09:15:00,52.68000030517578,52.790000915527344,52.45000076293945,52.720001220703125,52.720001220703125,1823657.0
2024-02-23 09:15:00,52.97999954223633,53.060001373291016,52.400001525878906,52.439998626708984,52.439998626708984,3260583.0
2024-02-26 09:15:00,53.060001373291016,53.119998931884766,52.47999954223633,52.709999084472656,52.709999084472656,3089841.0
2024-02-27 09:15:00,54.29999923706055,54.29999923706055,51.599998474121094,52.790000915527344,52.790000915527344,3939347.0
2024-02-28 09:15:00,53.119998931884766,53.119998931884766,52.36000061035156,52.599998474121094,52.599998474121094,1982171.0
2024-02-29 09:15:00,54.20000076293945,54.20000076293945,52.52000045776367,52.779998779296875,52.779998779296875,2394588.0
2024-03-01 09:15:00,53.70000076293945,53.70000076293945,52.68000030517578,52.900001525878906,52.900001525878906,3979857.0
2024-03-04 09:15:00,54.0,54.15999984741211,53.22999954223633,53.88999938964844,53.88999938964844,6321132.0
2024-03-05 09:15:00,54.70000076293945,54.70000076293945,54.2400016784668,54.619998931884766,54.619998931884766,6871961.0
2024-03-06 09:15:00,54.900001525878906,54.900001525878906,54.52000045776367,54.720001220703125,54.720001220703125,5869713.0
2024-03-07 09:15:00,55.0,55.5,54.900001525878906,55.439998626708984,55.439998626708984,5552924.0
2024-03-11 09:15:00,56.189998626708984,56.31999969482422,55.58000183105469,56.0099983215332,56.0099983215332,7630767.0
2024-03-12 09:15:00,56.20000076293945,56.20000076293945,55.810001373291016,55.939998626708984,55.939998626708984,5363816.0
2024-03-13 09:15:00,55.70000076293945,55.70000076293945,55.40999984741211,55.470001220703125,55.470001220703125,6135527.0
2024-03-14 09:15:00,56.220001220703125,56.310001373291016,55.40999984741211,55.84000015258789,55.84000015258789,6579954.0
2024-03-15 09:15:00,55.900001525878906,55.900001525878906,55.5099983215332,55.72999954223633,55.72999954223633,4816645.0
2024-03-18 09:15:00,55.5,55.529998779296875,55.209999084472656,55.5,55.5,4157750.0
2024-03-19 09:15:00,56.0,56.849998474121094,55.18000030517578,55.61000061035156,55.61000061035156,4423101.0
2024-03-20 09:15:00,55.900001525878906,55.900001525878906,55.61000061035156,55.720001220703125,55.720001220703125,3902548.0
2024-03-21 09:15:00,57.400001525878906,57.689998626708984,56.31999969482422,56.70000076293945,56.70000076293945,6209552.0
2024-03-22 09:15:00,57.0,57.0,55.900001525878906,55.9900016784668,55.9900016784668,6611760.0
2024-03-26 09:15:00,56.400001525878906,56.400001525878906,55.900001525878906,56.29999923706055,56.29999923706055,6626028.0
2024-03-27 09:15:00,56.22999954223633,56.34000015258789,56.099998474121094,56.220001220703125,56.220001220703125,4230421.0
2024-03-28 09:15:00,57.900001525878906,57.900001525878906,56.220001220703125,56.61000061035156,56.61000061035156,5581816.0
2024-04-01 09:15:00,58.29999923706055,58.54999923706055,57.61000061035156,58.31999969482422,58.31999969482422,13493168.0
2024-04-02 09:15:00,58.45000076293945,58.70000076293945,58.22999954223633,58.63999938964844,58.63999938964844,9271109.0
2024-04-03 09:15:00,59.20000076293945,59.20000076293945,58.560001373291016,58.77000045776367,58.77000045776367,9579587.0
2024-04-04 09:15:00,59.4900016784668,59.4900016784668,59.11000061035156,59.18000030517578,59.18000030517578,6481237.0
2024-04-05 09:15:00,60.70000076293945,62.0,58.65999984741211,59.029998779296875,59.029998779296875,9365013.0
2024-04-08 09:15:00,59.91999816894531,60.70000076293945,59.91999816894531,60.209999084472656,60.209999084472656,10360893.0
2024-04-09 09:15:00,60.630001068115234,60.650001525878906,59.93000030517578,60.54999923706055,60.54999923706055,7057775.0
2024-04-10 09:15:00,62.349998474121094,62.349998474121094,60.40999984741211,60.619998931884766,60.619998931884766,5582529.0
2024-04-12 09:15:00,61.79999923706055,61.97999954223633,61.310001373291016,61.90999984741211,61.90999984741211,9381201.0
2024-04-15 09:15:00,62.0,62.27000045776367,61.13999938964844,61.22999954223633,61.22999954223633,13045087.0
2024-04-16 09:15:00,62.38999938964844,62.38999938964844,61.7599983215332,61.88999938964844,61.88999938964844,10566826.0
2024-04-18 09:15:00,62.18000030517578,62.18000030517578,61.709999084472656,61.959999084472656,61.959999084472656,5070662.0
2024-04-19 09:15:00,62.349998474121094,62.59000015258789,61.25,62.2400016784668,62.2400016784668,6921253.0
2024-04-22 09:15:00,62.189998626708984,62.20000076293945,60.709999084472656,61.7400016784668,61.7400016784668,8180384.0
2024-04-23 09:15:00,62.70000076293945,62.70000076293945,60.150001525878906,60.25,60.25,12070503.0
2024-04-24 09:15:00,60.900001525878906,61.20000076293945,60.5099983215332,60.72999954223633,60.72999954223633,4634988.0
2024-04-25 09:15:00,60.79999923706055,61.09000015258789,60.5099983215332,60.86000061035156,60.86000061035156,4876403.0
2024-04-26 09:15:00,61.380001068115234,61.4900016784668,60.900001525878906,61.33000183105469,61.33000183105469,4519248.0
2024-04-29 09:15:00,61.650001525878906,61.650001525878906,60.29999923706055,61.29999923706055,61.29999923706055,5112802.0
2024-04-30 09:15:00,62.209999084472656,62.209999084472656,59.900001525878906,60.880001068115234,60.880001068115234,9870167.0
2024-05-02 09:15:00,61.20000076293945,61.20000076293945,60.7599983215332,60.849998474121094,60.849998474121094,5060651.0
2024-05-03 09:15:00,61.27000045776367,61.27000045776367,60.2599983215332,60.47999954223633,60.47999954223633,7101832.0
2024-05-06 09:15:00,60.84000015258789,60.869998931884766,60.5099983215332,60.720001220703125,60.720001220703125,6853852.0
2024-05-07 09:15:00,60.9900016784668,60.9900016784668,60.619998931884766,60.68000030517578,60.68000030517578,4939015.0
2024-05-08 09:15:00,60.900001525878906,60.900001525878906,60.349998474121094,60.5,60.5,4069276.0
2024-05-09 09:15:00,60.86000061035156,60.869998931884766,60.209999084472656,60.41999816894531,60.41999816894531,2861844.0
2024-05-10 09:15:00,61.0,61.9900016784668,61.0,61.91999816894531,61.91999816894531,11479352.0
2024-05-13 09:15:00,62.0,62.70000076293945,61.04999923706055,61.150001525878906,61.150001525878906,7487553.0
2024-05-14 09:15:00,62.70000076293945,62.70000076293945,59.900001525878906,61.189998626708984,61.189998626708984,5400506.0
2024-05-15 09:15:00,61.650001525878906,61.790000915527344,61.29999923706055,61.709999084472656,61.709999084472656,3894440.0
2024-05-16 09:15:00,62.029998779296875,62.29999923706055,61.91999816894531,62.0,62.0,3465714.0
2024-05-17 09:15:00,62.70000076293945,62.70000076293945,61.709999084472656,61.959999084472656,61.959999084472656,4610205.0
2024-05-21 09:15:00,64.80000305175781,64.80000305175781,62.47999954223633,62.630001068115234,62.630001068115234,6553090.0
2024-05-22 09:15:00,62.900001525878906,62.900001525878906,62.5099983215332,62.68000030517578,62.68000030517578,4495340.0
2024-05-23 09:15:00,61.9900016784668,61.9900016784668,61.31999969482422,61.619998931884766,61.619998931884766,9072908.0
2024-05-24 09:15:00,61.0,61.09000015258789,60.70000076293945,60.88999938964844,60.88999938964844,9672413.0
2024-05-27 09:15:00,61.189998626708984,61.189998626708984,60.7400016784668,61.0,61.0,4755447.0
2024-05-28 09:15:00,61.38999938964844,61.38999938964844,60.88999938964844,61.119998931884766,61.119998931884766,4391228.0
2024-05-29 09:15:00,61.5,61.599998474121094,61.11000061035156,61.20000076293945,61.20000076293945,5470880.0
2024-05-30 09:15:00,61.290000915527344,61.290000915527344,60.66999816894531,60.7400016784668,60.7400016784668,3995720.0
2024-05-31 09:15:00,61.0,61.349998474121094,60.709999084472656,61.290000915527344,61.290000915527344,4155444.0
2024-06-03 09:15:00,60.79999923706055,61.02000045776367,60.36000061035156,60.59000015258789,60.59000015258789,13340542.0
2024-06-04 09:15:00,61.38999938964844,61.38999938964844,59.7599983215332,60.560001373291016,60.560001373291016,11342481.0
2024-06-05 09:15:00,60.560001373291016,61.70000076293945,60.560001373291016,60.68000030517578,60.68000030517578,5903512.0
2024-06-06 09:15:00,61.5,61.79999923706055,61.310001373291016,61.45000076293945,61.45000076293945,5225983.0
2024-06-07 09:15:00,61.5,62.09000015258789,60.97999954223633,61.09000015258789,61.09000015258789,7319475.0
2024-06-10 09:15:00,60.900001525878906,60.900001525878906,59.970001220703125,60.130001068115234,60.130001068115234,14031401.0
2024-06-11 09:15:00,60.47999954223633,60.5,60.0099983215332,60.41999816894531,60.41999816894531,4138814.0
2024-06-12 09:15:00,60.56999969482422,60.79999923706055,60.52000045776367,60.59000015258789,60.59000015258789,3879917.0
2024-06-13 09:15:00,61.79999923706055,61.79999923706055,60.45000076293945,60.59000015258789,60.59000015258789,4842355.0
2024-06-14 09:15:00,60.900001525878906,60.900001525878906,60.209999084472656,60.599998474121094,60.599998474121094,5729995.0
2024-06-18 09:15:00,60.880001068115234,60.88999938964844,60.27000045776367,60.33000183105469,60.33000183105469,8789943.0
2024-06-19 09:15:00,60.790000915527344,60.83000183105469,60.36000061035156,60.709999084472656,60.709999084472656,4444925.0
2024-06-20 09:15:00,61.279998779296875,61.279998779296875,60.7400016784668,61.029998779296875,61.029998779296875,5884696.0
2024-06-21 09:15:00,60.79999923706055,61.619998931884766,60.79999923706055,61.529998779296875,61.529998779296875,4982944.0
2024-06-24 09:15:00,61.0,61.0,60.52000045776367,60.619998931884766,60.619998931884766,8708092.0
2024-06-25 09:15:00,60.880001068115234,60.90999984741211,60.099998474121094,60.75,60.75,3566974.0
2024-06-26 09:15:00,60.7400016784668,60.7400016784668,60.209999084472656,60.459999084472656,60.459999084472656,8076853.0
2024-06-27 09:15:00,60.220001220703125,60.40999984741211,59.900001525878906,60.31999969482422,60.31999969482422,7872785.0
2024-06-28 09:15:00,60.52000045776367,60.84000015258789,60.349998474121094,60.630001068115234,60.630001068115234,4174732.0
2024-07-01 09:15:00,61.79999923706055,61.79999923706055,60.40999984741211,60.54999923706055,60.54999923706055,6305845.0
2024-07-02 09:15:00,60.75,60.849998474121094,60.33000183105469,60.720001220703125,60.720001220703125,9861239.0
2024-07-03 09:15:00,60.9900016784668,61.209999084472656,60.709999084472656,61.06999969482422,61.06999969482422,5302647.0
2024-07-04 09:15:00,61.59000015258789,61.59000015258789,61.18000030517578,61.290000915527344,61.290000915527344,5671881.0
2024-07-05 09:15:00,61.59000015258789,61.59000015258789,61.11000061035156,61.47999954223633,61.47999954223633,7776786.0
2024-07-08 09:15:00,62.900001525878906,62.900001525878906,61.47999954223633,61.56999969482422,61.56999969482422,7024391.0
2024-07-09 09:15:00,61.59000015258789,61.599998474121094,61.209999084472656,61.380001068115234,61.380001068115234,4932706.0
2024-07-10 09:15:00,61.68000030517578,61.68000030517578,61.31999969482422,61.540000915527344,61.540000915527344,4476581.0
2024-07-11 09:15:00,61.63999938964844,61.88999938964844,61.5099983215332,61.68000030517578,61.68000030517578,4771144.0
2024-07-12 09:15:00,62.0,62.189998626708984,61.849998474121094,61.88999938964844,61.88999938964844,4961067.0
2024-07-15 09:15:00,62.18000030517578,62.189998626708984,61.810001373291016,61.91999816894531,61.91999816894531,7078648.0
2024-07-16 09:15:00,62.29999923706055,62.4900016784668,62.0099983215332,62.439998626708984,62.439998626708984,6023780.0
2024-07-18 09:15:00,62.5,63.279998779296875,62.5,62.90999984741211,62.90999984741211,8182779.0
2024-07-19 09:15:00,62.45000076293945,62.599998474121094,62.0,62.40999984741211,62.40999984741211,7628732.0
2024-07-22 09:15:00,63.79999923706055,63.79999923706055,61.779998779296875,62.08000183105469,62.08000183105469,7638842.0
2024-07-23 09:15:00,62.18000030517578,62.18000030517578,60.0,60.15999984741211,60.15999984741211,26869060.0
2024-07-24 09:15:00,60.5,61.470001220703125,58.91999816894531,59.599998474121094,59.599998474121094,22114791.0
2024-07-25 09:15:00,59.869998931884766,60.0099983215332,59.0,59.369998931884766,59.369998931884766,12969604.0
2024-07-26 09:15:00,60.849998474121094,60.849998474121094,59.06999969482422,59.9900016784668,59.9900016784668,14643754.0
2024-07-29 09:15:00,60.5,61.349998474121094,58.650001525878906,58.779998779296875,58.779998779296875,37546218.0
2024-07-30 09:15:00,59.4900016784668,59.4900016784668,57.849998474121094,58.349998474121094,58.349998474121094,23191997.0
2024-07-31 09:15:00,60.099998474121094,60.099998474121094,58.209999084472656,58.68000030517578,58.68000030517578,13112644.0
2024-08-01 09:15:00,58.81999969482422,59.2599983215332,58.810001373291016,59.09000015258789,59.09000015258789,15318057.0
2024-08-02 09:15:00,59.29999923706055,59.900001525878906,59.22999954223633,59.66999816894531,59.66999816894531,14408631.0
2024-08-05 09:15:00,59.7400016784668,59.9900016784668,58.56999969482422,58.7400016784668,58.7400016784668,28739897.0
2024-08-06 09:15:00,58.97999954223633,58.9900016784668,58.11000061035156,58.619998931884766,58.619998931884766,21329411.0
2024-08-07 09:15:00,58.58000183105469,58.70000076293945,57.95000076293945,58.20000076293945,58.20000076293945,26468888.0
2024-08-08 09:15:00,58.40999984741211,58.40999984741211,57.90999984741211,58.09000015258789,58.09000015258789,14463600.0
2024-08-09 09:15:00,58.5,59.40999984741211,58.31999969482422,58.65999984741211,58.65999984741211,9685693.0
2024-08-12 09:15:00,58.90999984741211,59.11000061035156,58.630001068115234,59.02000045776367,59.02000045776367,13621664.0
2024-08-13 09:15:00,59.29999923706055,59.689998626708984,59.08000183105469,59.400001525878906,59.400001525878906,10870836.0
2024-08-14 09:15:00,59.4900016784668,59.70000076293945,59.2599983215332,59.61000061035156,59.61000061035156,8628741.0
2024-08-16 09:15:00,59.380001068115234,59.529998779296875,59.11000061035156,59.470001220703125,59.470001220703125,9800739.0
2024-08-19 09:15:00,60.0,60.400001525878906,59.90999984741211,60.34000015258789,60.34000015258789,12568984.0
2024-08-20 09:15:00,60.59000015258789,60.720001220703125,60.099998474121094,60.66999816894531,60.66999816894531,10726626.0
2024-08-21 09:15:00,60.90999984741211,60.90999984741211,60.29999923706055,60.380001068115234,60.380001068115234,10233753.0
2024-08-22 09:15:00,60.5,60.5,60.209999084472656,60.45000076293945,60.45000076293945,6323115.0
2024-08-23 09:15:00,60.29999923706055,60.29999923706055,59.90999984741211,60.25,60.25,8988636.0
2024-08-26 09:15:00,60.5,60.86000061035156,60.310001373291016,60.83000183105469,60.83000183105469,10556126.0
2024-08-27 09:15:00,60.70000076293945,60.7599983215332,60.29999923706055,60.54999923706055,60.54999923706055,16238244.0
2024-08-28 09:15:00,60.779998779296875,60.779998779296875,60.400001525878906,60.54999923706055,60.54999923706055,6942624.0
2024-08-29 09:15:00,60.689998626708984,60.689998626708984,60.41999816894531,60.56999969482422,60.56999969482422,5401005.0
2024-08-30 09:15:00,60.650001525878906,60.720001220703125,60.34000015258789,60.65999984741211,60.65999984741211,6134534.0
2024-09-02 09:15:00,60.47999954223633,60.47999954223633,59.959999084472656,60.25,60.25,11029836.0
2024-09-03 09:15:00,60.369998931884766,60.38999938964844,60.04999923706055,60.36000061035156,60.36000061035156,6172679.0
2024-09-04 09:15:00,60.279998779296875,60.29999923706055,59.65999984741211,59.83000183105469,59.83000183105469,12546243.0
2024-09-05 09:15:00,60.0,60.56999969482422,60.0,60.54999923706055,60.54999923706055,5063463.0
2024-09-06 09:15:00,61.16999816894531,61.16999816894531,60.4900016784668,60.65999984741211,60.65999984741211,10691128.0
2024-09-09 09:15:00,60.63999938964844,60.63999938964844,59.810001373291016,60.15999984741211,60.15999984741211,8826704.0
2024-09-10 09:15:00,60.5,60.75,60.119998931884766,60.36000061035156,60.36000061035156,5437498.0
2024-09-11 09:15:00,60.41999816894531,60.849998474121094,60.41999816894531,60.709999084472656,60.709999084472656,6640492.0
2024-09-12 09:15:00,60.5,60.79999923706055,60.5,60.61000061035156,60.61000061035156,5527426.0
2024-09-13 09:15:00,61.84000015258789,61.84000015258789,61.2400016784668,61.63999938964844,61.63999938964844,13929243.0
2024-09-16 09:15:00,62.2400016784668,62.2400016784668,61.81999969482422,62.04999923706055,62.04999923706055,8067712.0
2024-09-17 09:15:00,63.0,63.0,61.720001220703125,61.77000045776367,61.77000045776367,9011998.0
2024-09-18 09:15:00,61.939998626708984,61.939998626708984,61.599998474121094,61.68000030517578,61.68000030517578,5262948.0
2024-09-19 09:15:00,61.68000030517578,62.22999954223633,61.11000061035156,62.189998626708984,62.189998626708984,12997065.0
2024-09-20 09:15:00,62.400001525878906,62.5,62.02000045776367,62.43000030517578,62.43000030517578,10186997.0
2024-09-23 09:15:00,63.599998474121094,63.599998474121094,62.560001373291016,62.810001373291016,62.810001373291016,12227083.0
2024-09-24 09:15:00,63.0,63.13999938964844,62.86000061035156,62.9900016784668,62.9900016784668,9658635.0
2024-09-25 09:15:00,63.43000030517578,63.869998931884766,63.41999816894531,63.65999984741211,63.65999984741211,16224523.0
2024-09-26 09:15:00,63.869998931884766,63.880001068115234,63.5099983215332,63.77000045776367,63.77000045776367,9342923.0
2024-09-27 09:15:00,64.0,64.08999633789062,63.43000030517578,63.47999954223633,63.47999954223633,11648940.0
2024-09-30 09:15:00,65.4000015258789,65.4000015258789,63.0099983215332,63.54999923706055,63.54999923706055,9664621.0
2024-10-01 09:15:00,65.44999694824219,65.44999694824219,63.13999938964844,63.59000015258789,63.59000015258789,12060333.0
2024-10-03 09:15:00,65.30000305175781,65.30000305175781,63.099998474121094,63.689998626708984,63.689998626708984,18380069.0
2024-10-04 09:15:00,63.58000183105469,64.37999725341797,63.58000183105469,63.9900016784668,63.9900016784668,15726483.0
2024-10-07 09:15:00,64.5,64.5,63.5,63.810001373291016,63.810001373291016,13002565.0
2024-10-08 09:15:00,64.0,64.0,63.04999923706055,63.45000076293945,63.45000076293945,10834330.0
2024-10-09 09:15:00,63.40999984741211,63.40999984741211,62.470001220703125,63.02000045776367,63.02000045776367,10062839.0
2024-10-10 09:15:00,63.34000015258789,63.34000015258789,62.599998474121094,63.0099983215332,63.0099983215332,9388383.0
2024-10-11 09:15:00,64.9000015258789,64.9000015258789,63.11000061035156,63.540000915527344,63.540000915527344,5995568.0
2024-10-14 09:15:00,63.619998931884766,64.27999877929688,63.619998931884766,63.97999954223633,63.97999954223633,10381085.0
2024-10-15 09:15:00,64.11000061035156,64.12000274658203,63.52000045776367,63.86000061035156,63.86000061035156,7118097.0
2024-10-16 09:15:00,64.33999633789062,64.63999938964844,63.90999984741211,64.44000244140625,64.44000244140625,7805175.0
2024-10-17 09:15:00,64.5,64.86000061035156,64.22000122070312,64.44000244140625,64.44000244140625,7014298.0
2024-10-18 09:15:00,65.30000305175781,65.5999984741211,64.86000061035156,65.18000030517578,65.18000030517578,10809828.0
2024-10-21 09:15:00,65.98999786376953,66.27999877929688,65.51000213623047,65.79000091552734,65.79000091552734,15559770.0
2024-10-22 09:15:00,67.4000015258789,67.4000015258789,65.5999984741211,65.7300033569336,65.7300033569336,11424709.0
2024-10-23 09:15:00,66.27999877929688,66.27999877929688,65.9000015258789,66.16000366210938,66.16000366210938,14863031.0
2024-10-24 09:15:00,65.87000274658203,65.87999725341797,65.37999725341797,65.75,65.75,13330060.0
2024-10-25 09:15:00,66.12999725341797,66.12999725341797,65.38999938964844,65.44999694824219,65.44999694824219,11753965.0
2024-10-28 09:15:00,65.9000015258789,65.94999694824219,65.55999755859375,65.77999877929688,65.77999877929688,13640432.0
2024-10-29 09:15:00,66.25,66.62999725341797,66.05000305175781,66.30000305175781,66.30000305175781,17930130.0
2024-10-30 09:15:00,67.0,67.37999725341797,66.5999984741211,67.0199966430664,67.0199966430664,15441752.0
2024-10-31 09:15:00,67.58000183105469,67.58000183105469,66.80999755859375,66.91999816894531,66.91999816894531,14358187.0
2024-11-01 09:15:00,66.91999816894531,66.91999816894531,66.91999816894531,66.91999816894531,66.91999816894531,0.0
2024-11-04 09:15:00,66.9000015258789,66.9000015258789,65.79000091552734,66.0199966430664,66.0199966430664,14818023.0
2024-11-05 09:15:00,66.12000274658203,66.13999938964844,65.62999725341797,65.94000244140625,65.94000244140625,14652113.0
2024-11-06 09:15:00,66.5,66.62999725341797,65.01000213623047,65.58999633789062,65.58999633789062,14998583.0
2024-11-07 09:15:00,64.9000015258789,64.9000015258789,64.01000213623047,64.33000183105469,64.33000183105469,21285221.0
2024-11-08 09:15:00,64.52999877929688,65.48999786376953,64.52999877929688,65.0,65.0,13572558.0
2024-11-11 09:15:00,64.7300033569336,64.75,64.36000061035156,64.48999786376953,64.48999786376953,8384643.0
2024-11-12 09:15:00,63.7400016784668,63.75,62.779998779296875,62.84000015258789,62.84000015258789,17377363.0
2024-11-13 09:15:00,63.38999938964844,63.400001525878906,62.849998474121094,63.25,63.25,9278252.0
2024-11-14 09:15:00,62.47999954223633,62.4900016784668,61.66999816894531,61.790000915527344,61.790000915527344,16055964.0
2024-11-18 09:15:00,62.75,63.0,62.41999816894531,62.900001525878906,62.900001525878906,12487261.0
2024-11-19 09:15:00,64.69999694824219,64.69999694824219,63.209999084472656,63.720001220703125,63.720001220703125,11162267.0
2024-11-21 09:15:00,64.8499984741211,64.8499984741211,63.880001068115234,64.56999969482422,64.56999969482422,12055469.0
2024-11-22 09:15:00,66.5,66.5,64.61000061035156,65.33000183105469,65.33000183105469,12559055.0
2024-11-25 09:15:00,64.9800033569336,64.9800033569336,64.0999984741211,64.37999725341797,64.37999725341797,13432205.0
2024-11-26 09:15:00,63.849998474121094,63.849998474121094,62.9900016784668,63.38999938964844,63.38999938964844,14361086.0
2024-11-27 09:15:00,64.87999725341797,64.87999725341797,63.45000076293945,63.959999084472656,63.959999084472656,12660832.0
2024-11-28 09:15:00,63.86000061035156,64.11000061035156,63.31999969482422,64.04000091552734,64.04000091552734,6341785.0
2024-11-29 09:15:00,64.16999816894531,64.4800033569336,62.79999923706055,64.29000091552734,64.29000091552734,6935021.0
2024-12-02 09:15:00,64.08000183105469,64.08000183105469,63.16999816894531,63.7599983215332,63.7599983215332,11568256.0
2024-12-03 09:15:00,64.80000305175781,64.80000305175781,63.81999969482422,64.05999755859375,64.05999755859375,6881086.0
2024-12-04 09:15:00,64.37999725341797,64.37999725341797,63.810001373291016,64.01000213623047,64.01000213623047,7138332.0
2024-12-05 09:15:00,64.75,64.75,64.0,64.05999755859375,64.05999755859375,9221336.0
2024-12-06 09:15:00,63.95000076293945,64.05000305175781,63.66999816894531,63.9900016784668,63.9900016784668,6714404.0
2024-12-09 09:15:00,64.55000305175781,64.55000305175781,63.810001373291016,64.29000091552734,64.29000091552734,8770651.0
2024-12-10 09:15:00,65.13999938964844,66.69999694824219,64.56999969482422,64.66999816894531,64.66999816894531,9968255.0
2024-12-11 09:15:00,64.91000366210938,66.16999816894531,64.91000366210938,65.04000091552734,65.04000091552734,12988032.0
2024-12-12 09:15:00,65.4800033569336,65.63999938964844,65.13999938964844,65.48999786376953,65.48999786376953,8909811.0
2024-12-13 09:15:00,66.69999694824219,66.69999694824219,64.33000183105469,64.61000061035156,64.61000061035156,9894872.0
2024-12-16 09:15:00,64.55000305175781,64.55000305175781,64.13999938964844,64.4800033569336,64.4800033569336,6509818.0
2024-12-17 09:15:00,66.4000015258789,66.4000015258789,64.0199966430664,64.0999984741211,64.0999984741211,6351408.0
2024-12-18 09:15:00,66.0,66.0,63.90999984741211,64.37999725341797,64.37999725341797,4899456.0
2024-12-19 09:15:00,63.779998779296875,63.83000183105469,63.349998474121094,63.779998779296875,63.779998779296875,10197598.0
2024-12-20 09:15:00,63.04999923706055,63.630001068115234,63.04999923706055,63.31999969482422,63.31999969482422,6377752.0
2024-12-23 09:15:00,64.31999969482422,66.69000244140625,63.61000061035156,63.970001220703125,63.970001220703125,5677888.0
2024-12-24 09:15:00,62.79999923706055,64.73999786376953,62.79999923706055,63.68000030517578,63.68000030517578,4175908.0
2024-12-26 09:15:00,64.13999938964844,64.19999694824219,63.81999969482422,64.0,64.0,3931630.0
2024-12-27 09:15:00,65.9000015258789,65.9000015258789,64.05000305175781,64.20999908447266,64.20999908447266,5648135.0
2024-12-30 09:15:00,64.54000091552734,65.0,63.90999984741211,64.0,64.0,5106785.0
2024-12-31 09:15:00,63.630001068115234,64.12000274658203,63.630001068115234,64.08999633789062,64.08999633789062,8802865.0
2025-01-01 09:15:00,65.08999633789062,65.08999633789062,64.0199966430664,64.3499984741211,64.3499984741211,9543477.0
2025-01-02 09:15:00,66.30000305175781,66.30000305175781,64.3499984741211,64.5999984741211,64.5999984741211,7660276.0
2025-01-03 09:15:00,65.29000091552734,65.73999786376953,64.93000030517578,65.06999969482422,65.06999969482422,9218232.0
2025-01-06 09:15:00,65.06999969482422,65.62999725341797,64.33999633789062,64.61000061035156,64.61000061035156,9120655.0
2025-01-07 09:15:00,66.55000305175781,66.55000305175781,64.62000274658203,64.7699966430664,64.7699966430664,10745727.0
2025-01-08 09:15:00,66.69999694824219,66.69999694824219,64.80000305175781,65.12000274658203,65.12000274658203,7078909.0
2025-01-09 09:15:00,66.12000274658203,66.12000274658203,65.20999908447266,65.4000015258789,65.4000015258789,8565601.0
2025-01-10 09:15:00,65.88999938964844,66.08999633789062,64.9800033569336,65.93000030517578,65.93000030517578,12772160.0
2025-01-13 09:15:00,65.70999908447266,67.94000244140625,65.70999908447266,66.25,66.25,31223058.0
2025-01-14 09:15:00,66.27999877929688,66.27999877929688,65.69999694824219,66.04000091552734,66.04000091552734,15911570.0
2025-01-15 09:15:00,68.0,68.0,65.87999725341797,66.26000213623047,66.26000213623047,7111641.0
2025-01-16 09:15:00,66.31999969482422,66.80000305175781,66.30000305175781,66.58999633789062,66.58999633789062,12107894.0
2025-01-17 09:15:00,66.6500015258789,66.87000274658203,66.61000061035156,66.66000366210938,66.66000366210938,9517063.0
2025-01-20 09:15:00,66.5999984741211,67.29000091552734,66.47000122070312,66.58999633789062,66.58999633789062,7918979.0
2025-01-21 09:15:00,68.5999984741211,68.5999984741211,66.3499984741211,66.94999694824219,66.94999694824219,7592915.0
2025-01-22 09:15:00,67.25,67.69000244140625,67.05999755859375,67.62000274658203,67.62000274658203,11577541.0
2025-01-23 09:15:00,67.66000366210938,67.9000015258789,67.33000183105469,67.43000030517578,67.43000030517578,9478508.0
2025-01-24 09:15:00,67.62000274658203,68.12000274658203,67.62000274658203,67.7699966430664,67.7699966430664,14874711.0
2025-01-27 09:15:00,68.38999938964844,68.38999938964844,67.4000015258789,67.69000244140625,67.69000244140625,16534725.0
2025-01-28 09:15:00,67.69000244140625,67.69000244140625,67.37000274658203,67.58000183105469,67.58000183105469,14634599.0
2025-01-29 09:15:00,68.29000091552734,68.29000091552734,67.80000305175781,67.86000061035156,67.86000061035156,7048513.0
2025-01-30 09:15:00,68.22000122070312,68.22000122070312,67.72000122070312,68.08999633789062,68.08999633789062,11532203.0
2025-01-31 09:15:00,68.62000274658203,70.0,68.62000274658203,69.08000183105469,69.08000183105469,15636205.0
2025-02-01 09:15:00,70.0,70.0,68.4000015258789,68.94999694824219,68.94999694824219,15755452.0
2025-02-03 09:15:00,70.0,70.0,68.47000122070312,69.63999938964844,69.63999938964844,13682573.0
2025-02-04 09:15:00,71.75,71.75,69.69999694824219,70.08000183105469,70.08000183105469,15163139.0
2025-02-05 09:15:00,72.19999694824219,72.19999694824219,70.27999877929688,71.56999969482422,71.56999969482422,25721670.0
2025-02-06 09:15:00,71.72000122070312,71.93000030517578,70.91000366210938,71.43000030517578,71.43000030517578,30059729.0
2025-02-07 09:15:00,73.55000305175781,73.55000305175781,71.19999694824219,71.54000091552734,71.54000091552734,22367847.0
2025-02-10 09:15:00,73.69999694824219,73.69999694824219,71.0,72.5199966430664,72.5199966430664,31547440.0
2025-02-11 09:15:00,73.44999694824219,73.44999694824219,71.80000305175781,71.9800033569336,71.9800033569336,26890736.0
2025-02-12 09:15:00,71.97000122070312,71.97000122070312,71.01000213623047,71.47000122070312,71.47000122070312,17813697.0
2025-02-13 09:15:00,72.58000183105469,72.58000183105469,71.68000030517578,71.87000274658203,71.87000274658203,13212378.0
2025-02-14 09:15:00,71.86000061035156,72.3499984741211,71.62000274658203,72.22000122070312,72.22000122070312,10506019.0
2025-02-17 09:15:00,71.68000030517578,71.69999694824219,70.93000030517578,71.6500015258789,71.6500015258789,14979900.0
2025-02-18 09:15:00,72.0,72.13999938964844,71.63999938964844,71.9800033569336,71.9800033569336,20255513.0
2025-02-19 09:15:00,72.87999725341797,72.87999725341797,72.02999877929688,72.7300033569336,72.7300033569336,11833543.0
2025-02-20 09:15:00,73.18000030517578,73.18000030517578,72.3499984741211,72.48999786376953,72.48999786376953,12547634.0
2025-02-21 09:15:00,72.68000030517578,72.68000030517578,71.75,72.08000183105469,72.08000183105469,11836188.0
2025-02-24 09:15:00,72.87999725341797,72.87999725341797,72.12000274658203,72.5999984741211,72.5999984741211,14405974.0
2025-02-25 09:15:00,73.18000030517578,73.18000030517578,72.37000274658203,72.75,72.75,13144809.0
2025-02-27 09:15:00,72.68000030517578,72.68000030517578,71.51000213623047,71.87999725341797,71.87999725341797,27165044.0
2025-02-28 09:15:00,71.63999938964844,71.63999938964844,70.52999877929688,71.0999984741211,71.0999984741211,31520842.0
2025-03-03 09:15:00,71.5999984741211,71.5999984741211,70.66000366210938,71.36000061035156,71.36000061035156,11451635.0
2025-03-04 09:15:00,72.47000122070312,72.48999786376953,71.5199966430664,72.41999816894531,72.41999816894531,11323967.0
2025-03-05 09:15:00,72.58000183105469,72.58000183105469,72.12000274658203,72.2699966430664,72.2699966430664,11551383.0
2025-03-06 09:15:00,72.8499984741211,72.8499984741211,71.77999877929688,71.88999938964844,71.88999938964844,10743047.0
2025-03-07 09:15:00,72.56999969482422,72.56999969482422,71.83000183105469,72.20999908447266,72.20999908447266,10706795.0
2025-03-10 09:15:00,71.98999786376953,72.48999786376953,71.91999816894531,72.16999816894531,72.16999816894531,7894354.0
2025-03-11 09:15:00,72.16999816894531,72.47000122070312,71.70999908447266,72.08000183105469,72.08000183105469,6123525.0
2025-03-12 09:15:00,72.05999755859375,72.66999816894531,72.05999755859375,72.31999969482422,72.31999969482422,5416235.0
2025-03-13 09:15:00,72.62000274658203,72.97000122070312,72.61000061035156,72.81999969482422,72.81999969482422,9102052.0
2025-03-17 09:15:00,73.87999725341797,73.87999725341797,73.23999786376953,73.52999877929688,73.52999877929688,12763210.0
2025-03-18 09:15:00,73.52999877929688,73.52999877929688,73.52999877929688,73.52999877929688,73.52999877929688,0.0
2025-03-19 09:15:00,74.77999877929688,74.77999877929688,74.0999984741211,74.25,74.25,17347591.0
2025-03-20 09:15:00,73.58999633789062,75.18000030517578,72.0,74.48999786376953,74.48999786376953,8435104.0
2025-03-21 09:15:00,74.77999877929688,74.77999877929688,73.80000305175781,73.94999694824219,73.94999694824219,18589531.0
2025-03-24 09:15:00,74.18000030517578,74.18000030517578,72.55999755859375,73.0,73.0,63876147.0
2025-03-25 09:15:00,73.3499984741211,73.3499984741211,72.69000244140625,73.2300033569336,73.2300033569336,16524365.0
2025-03-26 09:15:00,73.4800033569336,73.63999938964844,72.81999969482422,73.25,73.25,11975993.0
2025-03-27 09:15:00,73.97000122070312,73.9800033569336,73.2300033569336,73.80000305175781,73.80000305175781,10626756.0
2025-03-28 09:15:00,73.63999938964844,74.80000305175781,73.62999725341797,74.16000366210938,74.16000366210938,28472465.0
2025-04-01 09:15:00,75.83999633789062,77.05000305175781,75.12000274658203,76.72000122070312,76.72000122070312,40720281.0
2025-04-02 09:15:00,77.4800033569336,77.4800033569336,75.7300033569336,76.2300033569336,76.2300033569336,36083347.0
2025-04-03 09:15:00,78.5,80.0,75.70999908447266,75.8499984741211,75.8499984741211,28338299.0
2025-04-04 09:15:00,75.86000061035156,76.87999725341797,74.55999755859375,74.98999786376953,74.98999786376953,22612463.0
2025-04-07 09:15:00,74.5999984741211,75.1500015258789,65.8499984741211,73.83000183105469,73.83000183105469,62547917.0
2025-04-08 09:15:00,76.05000305175781,76.05000305175781,72.30000305175781,73.68000030517578,73.68000030517578,15916066.0
2025-04-09 09:15:00,73.98999786376953,75.05999755859375,73.52999877929688,74.88999938964844,74.88999938964844,16060289.0
2025-04-11 09:15:00,76.05999755859375,78.70999908447266,76.05999755859375,77.9000015258789,77.9000015258789,41882099.0
2025-04-15 09:15:00,78.5,78.5,77.5999984741211,77.66000366210938,77.66000366210938,22708774.0
2025-04-16 09:15:00,78.4000015258789,79.30000305175781,78.4000015258789,79.2300033569336,79.2300033569336,17435366.0
2025-04-17 09:15:00,80.25,80.27999877929688,79.30999755859375,79.52999877929688,79.52999877929688,22315842.0
2025-04-21 09:15:00,80.8499984741211,81.18000030517578,79.4000015258789,81.06999969482422,81.06999969482422,26060674.0
2025-04-22 09:15:00,82.5199966430664,83.55999755859375,82.5199966430664,82.9000015258789,82.9000015258789,30534897.0
2025-04-23 09:15:00,81.4800033569336,81.48999786376953,79.70999908447266,80.38999938964844,80.38999938964844,38573322.0
2025-04-24 09:15:00,80.38999938964844,80.73999786376953,80.11000061035156,80.51000213623047,80.51000213623047,15878472.0
2025-04-25 09:15:00,80.81999969482422,81.62999725341797,79.80999755859375,80.02999877929688,80.02999877929688,19337075.0
2025-04-28 09:15:00,80.80000305175781,80.80000305175781,79.01000213623047,79.05000305175781,79.05000305175781,22373797.0
2025-04-29 09:15:00,81.19999694824219,81.19999694824219,79.70999908447266,80.04000091552734,80.04000091552734,21952704.0
2025-04-30 09:15:00,79.98999786376953,80.19999694824219,78.87999725341797,79.08999633789062,79.08999633789062,21587869.0
2025-05-02 09:15:00,78.69999694824219,78.72000122070312,77.36000061035156,78.37999725341797,78.37999725341797,15856600.0
2025-05-05 09:15:00,78.94999694824219,79.83000183105469,78.22000122070312,79.58000183105469,79.58000183105469,15889122.0
2025-05-06 09:15:00,81.4000015258789,82.94999694824219,80.62000274658203,82.12999725341797,82.12999725341797,21861963.0
2025-05-07 09:15:00,83.0,83.33000183105469,81.12000274658203,81.27999877929688,81.27999877929688,20421792.0
2025-05-08 09:15:00,81.91999816894531,81.94999694824219,79.81999969482422,80.94000244140625,80.94000244140625,22056783.0
2025-05-09 09:15:00,80.4800033569336,81.1500015258789,80.0199966430664,80.80000305175781,80.80000305175781,17152718.0
2025-05-12 09:15:00,79.37999725341797,79.45999908447266,77.80000305175781,77.9800033569336,77.9800033569336,32647859.0
2025-05-13 09:15:00,78.02999877929688,79.87999725341797,78.02999877929688,79.06999969482422,79.06999969482422,15305982.0
2025-05-14 09:15:00,78.68000030517578,78.73999786376953,78.22000122070312,78.58000183105469,78.58000183105469,14223171.0
2025-05-15 09:15:00,77.13999938964844,77.27999877929688,76.36000061035156,77.04000091552734,77.04000091552734,33029222.0
2025-05-16 09:15:00,79.3499984741211,79.3499984741211,77.33000183105469,77.77999877929688,77.77999877929688,16345899.0
2025-05-19 09:15:00,78.41999816894531,78.48999786376953,77.80000305175781,78.31999969482422,78.31999969482422,13043842.0
2025-05-20 09:15:00,77.97000122070312,78.30000305175781,77.62999725341797,78.19000244140625,78.19000244140625,14843284.0
2025-05-21 09:15:00,80.16999816894531,80.16999816894531,79.27999877929688,79.5,79.5,39202827.0
2025-05-22 09:15:00,80.41999816894531,80.41999816894531,79.72000122070312,79.80999755859375,79.80999755859375,22193709.0
2025-05-23 09:15:00,79.97000122070312,79.97000122070312,79.43000030517578,79.51000213623047,79.51000213623047,37141110.0
2025-05-26 09:15:00,79.51000213623047,80.55000305175781,79.5,79.7699966430664,79.7699966430664,9375536.0
2025-05-27 09:15:00,80.5199966430664,80.5199966430664,77.37999725341797,79.55999755859375,79.55999755859375,10765565.0
2025-05-28 09:15:00,81.94999694824219,81.94999694824219,79.5,80.05999755859375,80.05999755859375,7535695.0
2025-05-29 09:15:00,79.73999786376953,79.73999786376953,78.9800033569336,79.0999984741211,79.0999984741211,13431765.0
2025-05-30 09:15:00,79.98999786376953,79.98999786376953,78.62999725341797,79.48999786376953,79.48999786376953,7156040.0
2025-06-02 09:15:00,80.9000015258789,80.9000015258789,79.41999816894531,80.5199966430664,80.5199966430664,13512153.0
2025-06-03 09:15:00,82.5,82.5,80.62999725341797,80.97000122070312,80.97000122070312,13059856.0
2025-06-04 09:15:00,81.7699966430664,82.47000122070312,80.97000122070312,81.30999755859375,81.30999755859375,15171863.0
2025-06-05 09:15:00,83.75,83.75,80.87000274658203,81.7300033569336,81.7300033569336,14131710.0
2025-06-06 09:15:00,81.94999694824219,81.94999694824219,79.9000015258789,81.2300033569336,81.2300033569336,12138184.0
2025-06-09 09:15:00,80.81999969482422,80.88999938964844,79.9000015258789,80.4800033569336,80.4800033569336,15146871.0
2025-06-10 09:15:00,80.37999725341797,80.69999694824219,79.9000015258789,80.61000061035156,80.61000061035156,11925279.0
2025-06-11 09:15:00,82.4000015258789,82.4000015258789,80.31999969482422,80.76000213623047,80.76000213623047,8051051.0
2025-06-12 09:15:00,82.37999725341797,82.37999725341797,80.77999877929688,81.38999938964844,81.38999938964844,18066096.0
2025-06-13 09:15:00,83.83000183105469,83.83000183105469,82.19999694824219,83.12999725341797,83.12999725341797,27039436.0
2025-06-16 09:15:00,84.19999694824219,84.19999694824219,82.9000015258789,83.08999633789062,83.08999633789062,18775047.0
2025-06-17 09:15:00,84.19999694824219,84.19999694824219,82.19999694824219,82.55999755859375,82.55999755859375,12596527.0
2025-06-18 09:15:00,84.30000305175781,84.30000305175781,81.79000091552734,82.79000091552734,82.79000091552734,12087747.0
2025-06-19 09:15:00,82.5,85.0,82.13999938964844,82.79000091552734,82.79000091552734,15703694.0
2025-06-20 09:15:00,82.0,83.69999694824219,82.0,82.2300033569336,82.2300033569336,15087436.0
2025-06-23 09:15:00,83.33000183105469,83.33000183105469,82.02999877929688,82.66000366210938,82.66000366210938,15182442.0
2025-06-24 09:15:00,81.38999938964844,82.27999877929688,80.9000015258789,80.9800033569336,80.9800033569336,24233699.0
2025-06-25 09:15:00,80.5,81.29000091552734,80.33000183105469,81.11000061035156,81.11000061035156,17506743.0
2025-06-26 09:15:00,81.38999938964844,81.38999938964844,80.97000122070312,81.12000274658203,81.12000274658203,8182454.0
2025-06-27 09:15:00,80.55000305175781,80.55000305175781,79.73999786376953,79.80999755859375,79.80999755859375,22817337.0
2025-06-30 09:15:00,82.19999694824219,82.19999694824219,79.54000091552734,79.98999786376953,79.98999786376953,19072979.0
2025-07-01 09:15:00,80.94999694824219,81.0999984741211,80.4000015258789,81.05000305175781,81.05000305175781,11297138.0
2025-07-02 09:15:00,81.16999816894531,81.20999908447266,80.30000305175781,81.11000061035156,81.11000061035156,9539592.0
2025-07-03 09:15:00,81.37999725341797,81.48999786376953,80.93000030517578,81.01000213623047,81.01000213623047,9720543.0
2025-07-04 09:15:00,81.44999694824219,81.55999755859375,80.69999694824219,80.88999938964844,80.88999938964844,17710116.0
2025-07-07 09:15:00,80.9000015258789,81.20999908447266,80.0999984741211,80.52999877929688,80.52999877929688,10209093.0
2025-07-08 09:15:00,81.54000091552734,81.54000091552734,80.55000305175781,80.77999877929688,80.77999877929688,5817233.0
2025-07-09 09:15:00,83.19999694824219,84.77999877929688,79.0,80.02999877929688,80.02999877929688,11192504.0
2025-07-10 09:15:00,80.33000183105469,80.81999969482422,80.33000183105469,80.70999908447266,80.70999908447266,8228993.0
2025-07-11 09:15:00,80.9000015258789,81.25,79.94999694824219,81.1500015258789,81.1500015258789,11410048.0
2025-07-14 09:15:00,82.5,82.6500015258789,81.54000091552734,81.87999725341797,81.87999725341797,11698807.0
2025-07-15 09:15:00,83.19999694824219,83.19999694824219,79.9000015258789,81.66999816894531,81.66999816894531,8360802.0
2025-07-16 09:15:00,81.31999969482422,81.4000015258789,81.05000305175781,81.3499984741211,81.3499984741211,6749799.0
2025-07-17 09:15:00,83.79000091552734,83.79000091552734,80.5,81.16000366210938,81.16000366210938,6177627.0
2025-07-18 09:15:00,82.56999969482422,82.56999969482422,79.9000015258789,81.7300033569336,81.7300033569336,7566902.0
2025-07-21 09:15:00,84.18000030517578,84.18000030517578,80.5,82.12999725341797,82.12999725341797,11329166.0
2025-07-22 09:15:00,84.58999633789062,84.58999633789062,79.66999816894531,82.7699966430664,82.7699966430664,12020232.0
2025-07-23 09:15:00,83.7699966430664,83.8499984741211,83.19000244140625,83.75,83.75,19504795.0
2025-07-24 09:15:00,84.69999694824219,84.69999694824219,81.5,82.30000305175781,82.30000305175781,13659785.0
2025-07-25 09:15:00,82.5999984741211,82.5999984741211,81.91999816894531,82.0999984741211,82.0999984741211,14936984.0
2025-07-28 09:15:00,83.88999938964844,83.88999938964844,81.70999908447266,82.02999877929688,82.02999877929688,12693127.0
2025-07-29 09:15:00,84.48999786376953,84.48999786376953,81.23999786376953,81.91000366210938,81.91000366210938,11346333.0
2025-07-30 09:15:00,82.58000183105469,82.58000183105469,82.05000305175781,82.38999938964844,82.38999938964844,12808210.0
2025-07-31 09:15:00,82.18000030517578,82.4000015258789,80.0,82.19999694824219,82.19999694824219,12478359.0
2025-08-01 09:15:00,84.66999816894531,84.66999816894531,81.05000305175781,81.94999694824219,81.94999694824219,21880995.0
2025-08-04 09:15:00,83.98999786376953,83.98999786376953,82.70999908447266,83.2300033569336,83.2300033569336,13190272.0
2025-08-05 09:15:00,82.55999755859375,84.19999694824219,82.45999908447266,83.61000061035156,83.61000061035156,14398331.0
2025-08-06 09:15:00,84.19999694824219,84.19999694824219,83.36000061035156,83.44000244140625,83.44000244140625,10881908.0
2025-08-07 09:15:00,84.5999984741211,84.5999984741211,80.5,83.94000244140625,83.94000244140625,13106067.0
2025-08-08 09:15:00,84.5,84.62999725341797,84.05000305175781,84.36000061035156,84.36000061035156,15307482.0
2025-08-11 09:15:00,83.83999633789062,83.83999633789062,83.06999969482422,83.2300033569336,83.2300033569336,15158564.0
2025-08-12 09:15:00,84.0,84.0,82.5,82.9800033569336,82.9800033569336,11159030.0
2025-08-13 09:15:00,82.0,83.4000015258789,82.0,83.19000244140625,83.19000244140625,9115427.0
2025-08-14 09:15:00,84.4000015258789,84.4000015258789,82.6500015258789,83.13999938964844,83.13999938964844,10248043.0
2025-08-18 09:15:00,83.5,84.18000030517578,82.3499984741211,82.75,82.75,13537860.0
2025-08-19 09:15:00,83.25,83.25,82.2699966430664,82.30999755859375,82.30999755859375,10261966.0
2025-08-20 09:15:00,84.77999877929688,84.77999877929688,81.81999969482422,82.08000183105469,82.08000183105469,11629206.0
2025-08-21 09:15:00,80.0199966430664,84.1500015258789,80.0199966430664,82.55000305175781,82.55000305175781,9354226.0
2025-08-22 09:15:00,83.19999694824219,84.0,82.30000305175781,82.62000274658203,82.62000274658203,11214757.0
2025-08-25 09:15:00,83.93000030517578,83.93000030517578,83.0,83.5,83.5,11009873.0
2025-08-26 09:15:00,86.01000213623047,86.01000213623047,83.0999984741211,83.83000183105469,83.83000183105469,11781538.0
2025-08-28 09:15:00,84.19999694824219,84.45999908447266,83.62999725341797,84.41999816894531,84.41999816894531,13982686.0
2025-08-29 09:15:00,84.41999816894531,85.5,83.41999816894531,85.33999633789062,85.33999633789062,17611333.0
2025-09-01 09:15:00,86.76000213623047,87.2699966430664,86.44999694824219,86.61000061035156,86.61000061035156,37752097.0
2025-09-02 09:15:00,87.4000015258789,87.4000015258789,84.44000244140625,86.61000061035156,86.61000061035156,20987243.0
2025-09-03 09:15:00,87.4800033569336,88.0,87.22000122070312,87.87999725341797,87.87999725341797,18818564.0
2025-09-04 09:15:00,88.9000015258789,88.9000015258789,87.54000091552734,88.16000366210938,88.16000366210938,19469254.0
2025-09-05 09:15:00,88.16000366210938,89.88999938964844,87.1500015258789,88.6500015258789,88.6500015258789,17854891.0
2025-09-08 09:15:00,89.29000091552734,90.08000183105469,88.6500015258789,89.9800033569336,89.9800033569336,25737386.0
2025-09-09 09:15:00,90.16000366210938,92.9000015258789,90.16000366210938,91.16999816894531,91.16999816894531,36086737.0
2025-09-10 09:15:00,91.80000305175781,92.4000015258789,90.51000213623047,90.9000015258789,90.9000015258789,29134766.0
2025-09-11 09:15:00,90.0,90.9000015258789,89.91999816894531,90.62000274658203,90.62000274658203,19825329.0
2025-09-12 09:15:00,91.5999984741211,91.5999984741211,91.0,91.26000213623047,91.26000213623047,20999165.0
2025-09-15 09:15:00,93.0,93.0,90.80000305175781,90.91999816894531,90.91999816894531,21822478.0
2025-09-16 09:15:00,92.62000274658203,92.62000274658203,91.02999877929688,92.2699966430664,92.2699966430664,22759828.0
2025-09-17 09:15:00,91.9000015258789,91.9800033569336,90.95999908447266,91.25,91.25,29420335.0
2025-09-18 09:15:00,92.30000305175781,92.30000305175781,90.44999694824219,91.5999984741211,91.5999984741211,23017317.0
2025-09-19 09:15:00,92.80000305175781,92.80000305175781,91.01000213623047,91.29000091552734,91.29000091552734,14943516.0
2025-09-22 09:15:00,92.0,93.20999908447266,91.43000030517578,93.13999938964844,93.13999938964844,29191689.0
2025-09-23 09:15:00,94.12999725341797,95.37999725341797,93.0,95.12999725341797,95.12999725341797,36910438.0
2025-09-24 09:15:00,95.9000015258789,97.5,94.51000213623047,94.63999938964844,94.63999938964844,35825570.0
2025-09-25 09:15:00,97.0,97.0,93.47000122070312,94.43000030517578,94.43000030517578,31941819.0
2025-09-26 09:15:00,93.38999938964844,96.19999694824219,93.38999938964844,94.22000122070312,94.22000122070312,30115973.0
2025-09-29 09:15:00,94.80000305175781,95.95999908447266,94.33999633789062,95.9000015258789,95.9000015258789,34621491.0
2025-09-30 09:15:00,97.73999786376953,97.73999786376953,95.31999969482422,95.8499984741211,95.8499984741211,51685690.0
2025-10-01 09:15:00,97.5999984741211,97.79000091552734,95.8499984741211,97.62999725341797,97.62999725341797,35428401.0
2025-10-03 09:15:00,96.87999725341797,97.48999786376953,96.51000213623047,97.06999969482422,97.06999969482422,44922680.0
2025-10-06 09:15:00,98.19999694824219,99.80000305175781,97.3499984741211,99.22000122070312,99.22000122070312,57326883.0
2025-10-07 09:15:00,99.22000122070312,100.18000030517578,99.05000305175781,99.66000366210938,99.66000366210938,53314468.0
2025-10-08 09:15:00,100.0999984741211,101.94000244140625,99.69999694824219,101.69000244140625,101.69000244140625,57364133.0
2025-10-09 09:15:00,102.5999984741211,102.5999984741211,100.38999938964844,101.47000122070312,101.47000122070312,57014951.0
2025-10-10 09:15:00,100.0,101.0,99.02999877929688,100.66999816894531,100.66999816894531,50044730.0
2025-10-13 09:15:00,102.5999984741211,102.75,101.5999984741211,102.6500015258789,102.6500015258789,50586865.0
2025-10-14 09:15:00,105.7300033569336,105.75,103.30000305175781,105.08999633789062,105.08999633789062,85463491.0
2025-10-15 09:15:00,105.19999694824219,106.2300033569336,104.91000366210938,105.29000091552734,105.29000091552734,76144009.0
2025-10-16 09:15:00,105.3499984741211,106.19999694824219,104.76000213623047,105.37000274658203,105.37000274658203,56566354.0
2025-10-17 09:15:00,105.7300033569336,108.69000244140625,105.7300033569336,108.11000061035156,108.11000061035156,62619301.0
2025-10-20 09:15:00,106.9000015258789,106.9000015258789,103.9000015258789,105.13999938964844,105.13999938964844,116061717.0
2025-10-21 09:15:00,108.20999908447266,108.20999908447266,104.08999633789062,105.69000244140625,105.69000244140625,21802659.0
2025-10-23 09:15:00,105.19999694824219,105.19999694824219,95.55000305175781,101.69999694824219,101.69999694824219,93781372.0
2025-10-27 09:15:00,100.75,101.20999908447266,99.83000183105469,100.13999938964844,100.13999938964844,57197149.0
2025-10-28 09:15:00,99.9800033569336,99.9800033569336,96.5999984741211,96.83999633789062,96.83999633789062,70686340.0
2025-10-29 09:15:00,98.0,100.13999938964844,98.0,99.94999694824219,99.94999694824219,42880758.0
2025-10-30 09:15:00,99.26000213623047,100.0999984741211,97.30000305175781,99.68000030517578,99.68000030517578,42611116.0
2025-10-31 09:15:00,99.76000213623047,100.5,99.41999816894531,100.0199966430664,100.0199966430664,27796134.0
2025-11-03 09:15:00,100.0199966430664,100.69999694824219,99.72000122070312,100.05000305175781,100.05000305175781,23319552.0
2025-11-04 09:15:00,99.83000183105469,99.9800033569336,99.02999877929688,99.80000305175781,99.80000305175781,24923826.0
2025-11-06 09:15:00,99.12999725341797,100.19999694824219,99.12999725341797,100.06999969482422,100.06999969482422,20330108.0
2025-11-07 09:15:00,99.9800033569336,100.06999969482422,99.33000183105469,99.94000244140625,99.94000244140625,18104481.0
2025-11-10 09:15:00,101.19000244140625,101.8499984741211,100.45999908447266,101.69999694824219,101.69999694824219,30575428.0
2025-11-11 09:15:00,102.83000183105469,103.72000122070312,102.80000305175781,103.29000091552734,103.29000091552734,33803897.0
2025-11-12 09:15:00,102.9800033569336,102.9800033569336,102.1500015258789,102.69000244140625,102.69000244140625,29596247.0
2025-11-13 09:15:00,104.16000366210938,105.45999908447266,104.16000366210938,105.37000274658203,105.37000274658203,33205778.0
2025-11-14 09:15:00,105.12000274658203,105.12000274658203,103.55999755859375,103.80999755859375,103.80999755859375,28533187.0
2025-11-17 09:15:00,103.36000061035156,103.36000061035156,101.0,101.94000244140625,101.94000244140625,27817135.0
2025-11-18 09:15:00,100.87000274658203,101.12000274658203,100.01000213623047,100.91000366210938,100.91000366210938,35663185.0
2025-11-19 09:15:00,101.25,102.5999984741211,101.25,102.2300033569336,102.2300033569336,22235008.0
2025-11-20 09:15:00,101.5,102.06999969482422,101.0199966430664,101.55000305175781,101.55000305175781,20599534.0
2025-11-21 09:15:00,101.6500015258789,102.29000091552734,100.61000061035156,102.0,102.0,23459553.0
2025-11-24 09:15:00,101.98999786376953,102.33999633789062,101.55000305175781,102.2300033569336,102.2300033569336,24131584.0
2025-11-25 09:15:00,103.22000122070312,104.0,103.0999984741211,103.45999908447266,103.45999908447266,24988736.0
2025-11-26 09:15:00,103.91000366210938,104.3499984741211,103.91000366210938,104.18000030517578,104.18000030517578,23022226.0
2025-11-27 09:15:00,104.0999984741211,104.4000015258789,103.83999633789062,104.11000061035156,104.11000061035156,19397032.0
2025-11-28 09:15:00,104.5999984741211,104.9800033569336,104.30999755859375,104.62000274658203,104.62000274658203,18626408.0
2025-12-01 09:15:00,106.08999633789062,106.80000305175781,105.7699966430664,106.72000122070312,106.72000122070312,32935620.0
2025-12-02 09:15:00,106.6500015258789,106.6500015258789,105.38999938964844,105.62999725341797,105.62999725341797,26342500.0
2025-12-03 09:15:00,106.25,106.69999694824219,106.23999786376953,106.51000213623047,106.51000213623047,25811907.0
2025-12-04 09:15:00,106.66999816894531,106.95999908447266,105.69999694824219,105.91999816894531,105.91999816894531,27124243.0
2025-12-05 09:15:00,106.2699966430664,107.0199966430664,105.81999969482422,106.88999938964844,106.88999938964844,22860218.0
2025-12-08 09:15:00,106.7699966430664,106.95999908447266,106.11000061035156,106.8499984741211,106.8499984741211,26109955.0
2025-12-09 09:15:00,106.76000213623047,106.76000213623047,105.5,106.27999877929688,106.27999877929688,22835801.0
2025-12-10 09:15:00,106.8499984741211,106.8499984741211,106.0999984741211,106.2300033569336,106.2300033569336,21093711.0
2025-12-11 09:15:00,106.86000061035156,107.27999877929688,106.37000274658203,107.1500015258789,107.1500015258789,20249677.0
2025-12-12 09:15:00,108.19999694824219,109.9800033569336,108.19999694824219,109.61000061035156,109.61000061035156,42813407.0
2025-12-15 09:15:00,110.44999694824219,111.08999633789062,109.72000122070312,110.94999694824219,110.94999694824219,44275839.0
2025-12-16 09:15:00,109.45999908447266,110.05000305175781,109.19999694824219,109.55999755859375,109.55999755859375,36341576.0
2025-12-17 09:15:00,110.12999725341797,111.7699966430664,109.45999908447266,109.98999786376953,109.98999786376953,48571973.0
2025-12-18 09:15:00,110.05000305175781,110.58000183105469,109.7699966430664,109.87999725341797,109.87999725341797,26801568.0
2025-12-19 09:15:00,109.79000091552734,110.08999633789062,109.31999969482422,109.81999969482422,109.81999969482422,25353023.0
2025-12-22 09:15:00,110.69999694824219,111.55000305175781,110.33999633789062,111.38999938964844,111.38999938964844,66926289.0
2025-12-23 09:15:00,112.5199966430664,113.73999786376953,112.5199966430664,113.0999984741211,113.0999984741211,45892148.0
2025-12-24 09:15:00,113.48999786376953,115.0,112.98999786376953,113.20999908447266,113.20999908447266,47649347.0
2025-12-26 09:15:00,113.37000274658203,114.4800033569336,113.37000274658203,114.30999755859375,114.30999755859375,46010219.0
2025-12-29 09:15:00,115.44000244140625,115.44999694824219,112.0,113.02999877929688,113.02999877929688,73386481.0
2025-12-30 09:15:00,111.77999877929688,117.0,110.0999984741211,111.16999816894531,111.16999816894531,55356981.0
2025-12-31 09:15:00,111.16999816894531,111.4800033569336,109.75,110.11000061035156,110.11000061035156,40043851.0
2026-01-01 09:15:00,110.3499984741211,110.6500015258789,109.69999694824219,110.5199966430664,110.5199966430664,24308237.0
2026-01-02 09:15:00,111.62000274658203,111.9800033569336,110.91999816894531,111.81999969482422,111.81999969482422,37641644.0
2026-01-05 09:15:00,112.16000366210938,113.19999694824219,111.83999633789062,112.91999816894531,112.91999816894531,50850027.0
2026-01-06 09:15:00,113.62000274658203,113.70999908447266,113.01000213623047,113.13999938964844,113.13999938964844,45693265.0
2026-01-07 09:15:00,113.51000213623047,113.98999786376953,112.45999908447266,112.91000366210938,112.91000366210938,39011859.0
2026-01-08 09:15:00,112.7300033569336,112.95999908447266,111.41999816894531,112.29000091552734,112.29000091552734,37515879.0
2026-01-09 09:15:00,113.26000213623047,113.87999725341797,112.61000061035156,113.61000061035156,113.61000061035156,39284191.0
2026-01-12 09:15:00,115.69999694824219,117.0,114.80999755859375,116.76000213623047,116.76000213623047,70988427.0
2026-01-13 09:15:00,116.9800033569336,117.13999938964844,116.0,116.37000274658203,116.37000274658203,59657307.0
2026-01-14 09:15:00,117.83000183105469,118.48999786376953,116.36000061035156,118.01000213623047,118.01000213623047,77320821.0
2026-01-15 09:00:00,118.01000213623047,118.01000213623047,118.01000213623047,118.01000213623047,118.01000213623047,0.0
2026-01-16 09:15:00,117.79000091552734,118.4000015258789,117.04000091552734,117.77999877929688,117.77999877929688,65356923.0
2026-01-19 09:15:00,119.1500015258789,122.9000015258789,118.55999755859375,121.0999984741211,121.0999984741211,91475080.0
2026-01-20 09:15:00,121.98999786376953,126.9000015258789,120.19999694824219,125.86000061035156,125.86000061035156,171440092.0
2026-01-21 09:15:00,127.0,135.89999389648438,127.0,134.97000122070312,134.97000122070312,248755481.0
2026-01-22 09:15:00,131.44000244140625,131.83999633789062,119.0,124.33999633789062,124.33999633789062,233048051.0
2026-01-23 09:15:00,129.10000610351562,132.47999572753906,126.0,127.41999816894531,127.41999816894531,141941218.0
2026-01-27 09:15:00,130.5500030517578,134.0,129.02999877929688,131.4499969482422,131.4499969482422,139657546.0
2026-01-28 09:15:00,132.0,137.10000610351562,132.0,135.82000732421875,135.82000732421875,184193702.0
2026-01-29 09:15:00,143.0,148.13999938964844,141.63999938964844,146.52999877929688,146.52999877929688,271824296.0
2026-01-30 09:15:00,138.6999969482422,142.8000030517578,127.0999984741211,131.1199951171875,131.1199951171875,352204561.0
2026-02-02 09:15:00,121.98999786376953,122.0,112.0999984741211,118.66999816894531,118.66999816894531,279790835.0
2026-02-03 09:15:00,120.0999984741211,126.80000305175781,120.0,125.19999694824219,125.19999694824219,219625720.0
2026-02-04 09:15:00,128.25,132.0,128.10000610351562,129.60000610351562,129.60000610351562,159221122.0
2026-02-05 09:15:00,125.87999725341797,126.19000244140625,121.61000061035156,125.22000122070312,125.22000122070312,128187910.0
2026-02-06 09:15:00,123.88999938964844,125.58000183105469,121.55000305175781,125.04000091552734,125.04000091552734,95408028.0
2026-02-09 09:15:00,129.10000610351562,129.89999389648438,127.4000015258789,127.9800033569336,127.9800033569336,90368722.0
2026-02-10 09:15:00,127.9800033569336,128.44000244140625,127.68000030517578,128.33999633789062,128.33999633789062,48442393.0
2026-02-11 09:15:00,128.33999633789062,130.0,127.9000015258789,128.6999969482422,128.6999969482422,39299287.0
2026-02-12 09:15:00,129.0,129.27000427246094,128.10000610351562,128.52000427246094,128.52000427246094,42181114.0
2026-02-13 09:15:00,126.5,126.77999877929688,124.0,126.0999984741211,126.0999984741211,56101521.0
2026-02-16 09:15:00,127.08000183105469,127.08000183105469,125.81999969482422,126.91999816894531,126.91999816894531,47510656.0
2026-02-17 09:15:00,126.0,126.19000244140625,123.38999938964844,124.58000183105469,124.58000183105469,56084677.0
2026-02-18 09:15:00,124.20999908447266,125.37999725341797,124.20999908447266,124.63999938964844,124.63999938964844,38119799.0
2026-02-19 09:15:00,126.11000061035156,128.0,126.11000061035156,127.08999633789062,127.08999633789062,66724126.0
2026-02-20 09:15:00,126.87999725341797,127.69999694824219,123.91000366210938,127.54000091552734,127.54000091552734,38275525.0
2026-02-23 09:15:00,130.72000122070312,132.0,129.3000030517578,130.0,130.0,56313912.0
2026-02-24 09:15:00,130.11000061035156,134.0,130.11000061035156,131.22000122070312,131.22000122070312,48385152.0
2026-02-25 09:15:00,131.10000610351562,132.0,130.63999938964844,131.69000244140625,131.69000244140625,44906554.0
2026-02-26 09:15:00,132.69000244140625,133.7899932861328,130.0,130.47999572753906,130.47999572753906,40839441.0
2026-02-27 09:15:00,130.6999969482422,131.8000030517578,130.64999389648438,131.60000610351562,131.60000610351562,43704178.0
2026-03-02 09:15:00,140.10000610351562,142.0,135.22999572753906,138.32000732421875,138.32000732421875,177836182.0
2026-03-04 09:15:00,134.39999389648438,135.3000030517578,104.72000122070312,133.9600067138672,133.9600067138672,104088677.0
2026-03-05 09:15:00,136.0,137.3000030517578,131.25,132.24000549316406,132.24000549316406,65008653.0
2026-03-06 09:15:00,132.30999755859375,132.30999755859375,130.61000061035156,130.82000732421875,130.82000732421875,45371780.0
2026-03-09 09:15:00,129.88999938964844,132.17999267578125,125.86000061035156,131.35000610351562,131.35000610351562,69277274.0
2026-03-10 09:15:00,131.50999450683594,132.77999877929688,131.50999450683594,132.1999969482422,132.1999969482422,37242470.0
2026-03-11 09:15:00,133.42999267578125,133.44000244140625,132.3300018310547,132.7100067138672,132.7100067138672,32157892.0
2026-03-12 09:15:00,131.89999389648438,132.64999389648438,131.5399932861328,132.42999267578125,132.42999267578125,30302165.0
2026-03-13 09:15:00,131.3800048828125,131.3800048828125,129.8699951171875,130.32000732421875,130.32000732421875,37192341.0
2026-03-16 09:15:00,128.0,128.8699951171875,126.86000061035156,127.22000122070312,127.22000122070312,56788314.0
2026-03-17 09:15:00,127.81999969482422,129.0800018310547,127.81999969482422,128.22000122070312,128.22000122070312,28319680.0
2026-03-18 09:15:00,127.87999725341797,128.07000732421875,127.11000061035156,127.91000366210938,127.91000366210938,27955998.0
2026-03-19 09:15:00,125.87999725341797,125.87999725341797,120.7300033569336,121.31999969482422,121.31999969482422,101167992.0
2026-03-20 09:15:00,122.66999816894531,122.66999816894531,120.05000305175781,121.05999755859375,121.05999755859375,68506513.0
2026-03-23 09:15:00,116.63999938964844,117.0,107.12999725341797,110.72000122070312,110.72000122070312,227283756.0
2026-03-24 09:15:00,111.62000274658203,116.58999633789062,111.62000274658203,115.48999786376953,115.48999786376953,102922002.0
2026-03-25 09:15:00,118.37000274658203,119.87999725341797,118.37000274658203,119.29000091552734,119.29000091552734,65241148.0
2026-03-27 09:15:00,118.33999633789062,118.86000061035156,116.5199966430664,117.52999877929688,117.52999877929688,58866050.0
2026-03-30 09:15:00,120.43000030517578,121.80000305175781,117.91999816894531,121.19000244140625,121.19000244140625,72514040.0
2026-04-01 09:15:00,125.62000274658203,125.62000274658203,123.0199966430664,123.37000274658203,123.37000274658203,59364793.0
2026-04-02 09:15:00,123.12999725341797,123.30000305175781,119.0,120.58000183105469,120.58000183105469,58520148.0
2026-04-06 09:15:00,120.88999938964844,123.01000213623047,120.31999969482422,122.80999755859375,122.80999755859375,42281672.0
2026-04-07 09:15:00,122.2300033569336,122.26000213623047,120.80000305175781,121.77999877929688,121.77999877929688,36328914.0
2026-04-08 09:15:00,125.18000030517578,125.68000030517578,123.75,124.38999938964844,124.38999938964844,55049335.0
2026-04-09 09:15:00,122.97000122070312,123.4800033569336,122.19999694824219,123.20999908447266,123.20999908447266,36306691.0
2026-04-10 09:15:00,123.5199966430664,124.37999725341797,122.87000274658203,123.48999786376953,123.48999786376953,32244475.0
2026-04-13 09:15:00,123.44000244140625,124.3499984741211,122.7300033569336,123.76000213623047,123.76000213623047,68466735.0
2026-04-15 09:15:00,125.75,126.0,124.88999938964844,125.05999755859375,125.05999755859375,53936360.0
2026-04-16 09:15:00,125.31999969482422,126.47000122070312,125.31999969482422,125.61000061035156,125.61000061035156,29443660.0
2026-04-17 09:15:00,125.26000213623047,125.26000213623047,124.2300033569336,124.80000305175781,124.80000305175781,40405056.0
2026-04-20 09:15:00,125.18000030517578,125.25,124.30999755859375,125.0,125.0,32823752.0
2026-04-21 09:15:00,125.0999984741211,125.7699966430664,124.94999694824219,125.22000122070312,125.22000122070312,21375197.0
2026-04-22 09:15:00,124.98999786376953,125.18000030517578,124.47000122070312,124.98999786376953,124.98999786376953,22336874.0
2026-04-23 09:15:00,124.2699966430664,124.5,123.76000213623047,124.08000183105469,124.08000183105469,23148344.0
2026-04-24 09:15:00,123.87000274658203,124.2300033569336,123.13999938964844,123.94000244140625,123.94000244140625,22028158.0
2026-04-27 09:15:00,124.80999755859375,125.9000015258789,124.12999725341797,124.25,124.25,16549661.0
2026-04-28 09:15:00,124.06999969482422,124.06999969482422,122.51000213623047,122.68000030517578,122.68000030517578,28116911.0
2026-04-29 09:15:00,122.66000366210938,122.80999755859375,121.4000015258789,121.58000183105469,121.58000183105469,22335957.0
2026-04-30 09:15:00,122.69999694824219,123.62000274658203,121.68000030517578,123.43000030517578,123.43000030517578,34788645.0
2026-05-01 09:15:00,123.43000030517578,123.43000030517578,123.43000030517578,123.43000030517578,123.43000030517578,0.0
2026-05-04 09:15:00,123.37999725341797,123.43000030517578,122.0999984741211,122.37999725341797,122.37999725341797,25301743.0
2026-05-05 09:15:00,121.4800033569336,122.25,121.4800033569336,122.16000366210938,122.16000366210938,18302221.0
2026-05-06 09:15:00,123.30999755859375,124.25,123.30999755859375,124.0199966430664,124.0199966430664,21326865.0
2026-05-07 09:15:00,124.47000122070312,125.19000244140625,124.0999984741211,124.47000122070312,124.47000122070312,23956362.0
2026-05-08 09:15:00,124.55000305175781,124.72000122070312,124.0,124.30999755859375,124.30999755859375,23188221.0
2026-05-11 09:15:00,124.16999816894531,124.16999816894531,123.02999877929688,123.2300033569336,123.2300033569336,28730298.0
2026-05-12 09:15:00,125.5,125.5,124.45999908447266,124.61000061035156,124.61000061035156,43573001.0
2026-05-13 09:15:00,131.10000610351562,134.39999389648438,129.42999267578125,131.74000549316406,131.74000549316406,103923323.0
2026-05-14 09:15:00,131.64999389648438,132.7899932861328,130.60000610351562,131.77999877929688,131.77999877929688,50086666.0
2026-05-15 09:15:00,135.07000732421875,135.07000732421875,128.9199981689453,129.41000366210938,129.41000366210938,42784279.0
2026-05-18 09:15:00,129.41000366210938,129.89999389648438,128.02999877929688,129.6999969482422,129.6999969482422,30877573.0
2026-05-19 09:15:00,130.67999267578125,130.89999389648438,130.02000427246094,130.63999938964844,130.63999938964844,30767769.0
2026-05-20 09:15:00,129.8800048828125,130.44000244140625,129.02000427246094,130.1999969482422,130.1999969482422,28146890.0
2026-05-21 09:15:00,132.8000030517578,132.8000030517578,130.25,130.74000549316406,130.74000549316406,18076252.0
2026-05-22 09:15:00,130.72999572753906,130.89999389648438,130.22000122070312,130.5,130.5,13684372.0
2026-05-25 09:15:00,130.5,131.2899932861328,130.02000427246094,130.50999450683594,130.50999450683594,19993051.0
2026-05-26 09:15:00,130.13999938964844,130.14999389648438,129.2100067138672,129.5800018310547,129.5800018310547,15190494.0
2026-05-27 09:15:00,129.02999877929688,129.77999877929688,128.9199981689453,129.0399932861328,129.0399932861328,16120254.0
2026-05-28 09:15:00,129.0399932861328,129.0399932861328,129.0399932861328,129.0399932861328,129.0399932861328,0.0
2026-05-29 09:15:00,129.0399932861328,129.38999938964844,126.80000305175781,128.64999389648438,128.64999389648438,18731585.0
2026-06-01 09:15:00,128.32000732421875,128.32000732421875,127.2300033569336,127.48999786376953,127.48999786376953,32346830.0
2026-06-02 09:15:00,126.91000366210938,128.89999389648438,126.91000366210938,128.6699981689453,128.6699981689453,19572407.0
2026-06-03 09:15:00,128.36000061035156,128.36000061035156,127.31999969482422,127.63999938964844,127.63999938964844,23675758.0
2026-06-04 09:15:00,130.8300018310547,130.8300018310547,127.6500015258789,128.5,128.5,14853246.0
2026-06-05 09:15:00,128.0399932861328,128.05999755859375,127.19000244140625,127.77999877929688,127.77999877929688,17561552.0
2026-06-08 09:15:00,124.9800033569336,125.06999969482422,123.61000061035156,124.16000366210938,124.16000366210938,41871866.0
2026-06-09 09:15:00,126.63999938964844,126.63999938964844,124.30000305175781,125.38999938964844,125.38999938964844,18409128.0
2026-06-10 09:15:00,121.95999908447266,122.6500015258789,120.9000015258789,121.1500015258789,121.1500015258789,46789693.0
2026-06-11 09:15:00,114.4000015258789,119.91999816894531,113.33000183105469,119.27999877929688,119.27999877929688,42321173.0
2026-06-12 09:15:00,121.20999908447266,122.16999816894531,120.6500015258789,121.91999816894531,121.91999816894531,24405140.0
2026-06-15 09:15:00,123.5199966430664,124.4800033569336,123.5199966430664,124.11000061035156,124.11000061035156,24031129.0
2026-06-16 09:15:00,124.13999938964844,124.62999725341797,123.11000061035156,124.13999938964844,124.13999938964844,13822966.0
2026-06-17 09:15:00,124.01000213623047,124.01000213623047,123.31999969482422,123.75,123.75,14080501.0
2026-06-18 09:15:00,123.75,124.18000030517578,121.69999694824219,122.12000274658203,122.12000274658203,20275168.0
2026-06-19 09:15:00,119.8499984741211,120.58000183105469,118.37000274658203,119.79000091552734,119.79000091552734,43571941.0
2026-06-22 09:15:00,120.23999786376953,121.19999694824219,119.52999877929688,121.12000274658203,121.12000274658203,22063093.0
2026-06-23 09:15:00,121.12000274658203,121.12000274658203,118.33000183105469,118.9000015258789,118.9000015258789,29551886.0
2026-06-24 09:15:00,118.9000015258789,118.9000015258789,116.01000213623047,117.55999755859375,117.55999755859375,29175055.0
2026-06-25 09:15:00,114.87999725341797,115.70999908447266,114.55000305175781,114.95999908447266,114.95999908447266,59740231.0
2026-06-26 09:15:00,114.95999908447266,114.95999908447266,114.95999908447266,114.95999908447266,114.95999908447266,0.0
2026-06-29 09:15:00,120.0,120.0,115.37000274658203,116.43000030517578,116.43000030517578,27746387.0
2026-06-30 09:15:00,116.9000015258789,116.9000015258789,114.25,115.97000122070312,115.97000122070312,31398275.0
2026-07-01 09:15:00,115.36000061035156,115.5999984741211,114.43000030517578,115.45999908447266,115.45999908447266,29075022.0
2026-07-02 09:15:00,118.33999633789062,118.33999633789062,116.86000061035156,117.69000244140625,117.69000244140625,19578444.0
2026-07-03 09:15:00,119.55000305175781,120.62999725341797,119.55000305175781,120.30999755859375,120.30999755859375,43247725.0
2026-07-06 09:15:00,123.0,123.0,119.30000305175781,119.51000213623047,119.51000213623047,25822672.0
2026-07-07 09:15:00,119.37000274658203,119.45999908447266,118.41000366210938,118.58000183105469,118.58000183105469,16727134.0
2026-07-08 09:15:00,118.55000305175781,118.88999938964844,116.76000213623047,116.95999908447266,116.95999908447266,21472968.0
2026-07-09 09:15:00,116.97000122070312,118.63999938964844,116.91999816894531,118.41999816894531,118.41999816894531,18641803.0
2026-07-10 09:15:00,118.41999816894531,119.36000061035156,117.91000366210938,118.13999938964844,118.13999938964844,14817060.0
2026-07-13 09:15:00,116.47000122070312,117.20999908447266,116.02999877929688,116.94999694824219,116.94999694824219,19867988.0
2026-07-14 09:15:00,116.4000015258789,116.4800033569336,115.26000213623047,115.9800033569336,115.9800033569336,20985804.0
2026-07-15 09:15:00,116.75,116.75,115.9800033569336,116.38999938964844,116.38999938964844,14714944.0
2026-07-16 09:15:00,116.38999938964844,116.97000122070312,116.0999984741211,116.47000122070312,116.47000122070312,15052163.0
2026-07-17 09:15:00,115.94999694824219,115.98999786376953,115.1500015258789,115.79000091552734,115.79000091552734,24160121.0
2026-07-20 09:15:00,116.02999877929688,116.94000244140625,116.02999877929688,116.83999633789062,116.83999633789062,13869503.0
2026-07-21 09:15:00,117.0199966430664,117.8499984741211,117.0199966430664,117.7300033569336,117.7300033569336,15013490.0
2026-07-22 09:15:00,119.18000030517578,119.44000244140625,118.80000305175781,119.13999938964844,119.13999938964844,19008828.0
2026-07-23 09:15:00,119.4800033569336,119.79000091552734,118.54000091552734,118.69000244140625,118.69000244140625,13642771.0
2026-07-24 09:15:00,118.69999694824219,119.87999725341797,116.75,117.91000366210938,117.91000366210938,25412327.0
2026-07-27 09:15:00,118.52999877929688,118.91000366210938,118.30999755859375,118.62000274658203,118.62000274658203,19438238.0
2026-07-28 09:15:00,117.4800033569336,117.4800033569336,116.5999984741211,116.83000183105469,116.83000183105469,12182667.0
2026-07-29 09:15:00,116.83000183105469,117.1500015258789,116.33000183105469,116.8499984741211,116.8499984741211,19147325.0
2026-07-30 09:15:00,116.8499984741211,117.55999755859375,116.70999908447266,117.37000274658203,117.37000274658203,18386079.0
2026-07-31 09:15:00,117.37000274658203,117.7699966430664,117.0,117.11000061035156,117.11000061035156,12123978.0
2026-08-03 09:15:00,117.19999694824219,117.45999908447266,116.91999816894531,117.26000213623047,117.26000213623047,19279545.0
2026-08-04 09:15:00,117.26000213623047,117.4800033569336,116.54000091552734,117.1500015258789,117.1500015258789,11644048.0
2026-08-05 09:15:00,118.05999755859375,119.75,118.05999755859375,119.38999938964844,119.38999938964844,27179534.0
2026-08-06 09:15:00,122.37000274658203,122.75,121.41000366210938,122.4800033569336,122.4800033569336,36636415.0
2026-08-07 09:15:00,122.23999786376953,123.61000061035156,121.66999816894531,123.4000015258789,123.4000015258789,27143156.0
2026-08-10 09:15:00,124.02999877929688,124.98999786376953,123.73999786376953,124.58000183105469,124.58000183105469,30250470.0
2026-08-11 09:15:00,126.66000366210938,126.7300033569336,125.0,125.5199966430664,125.5199966430664,30064670.0
2026-08-12 09:15:00,125.83000183105469,126.54000091552734,125.76000213623047,126.44999694824219,126.44999694824219,18273875.0
2026-08-13 09:15:00,126.04000091552734,126.58999633789062,124.9000015258789,125.4800033569336,125.4800033569336,24579205.0
2026-08-14 09:15:00,124.54000091552734,125.19999694824219,123.80999755859375,125.12999725341797,125.12999725341797,21344677.0
2026-08-17 09:15:00,125.87000274658203,126.76000213623047,125.87000274658203,126.41999816894531,126.41999816894531,23143007.0
2026-08-18 09:15:00,126.8499984741211,126.8499984741211,126.16999816894531,126.43000030517578,126.43000030517578,13766507.0
2026-08-19 09:15:00,125.62999725341797,125.9000015258789,125.0,125.7300033569336,125.7300033569336,16219822.0
2026-08-20 09:15:00,127.83000183105469,129.3699951171875,127.83000183105469,128.8800048828125,128.8800048828125,36486441.0
2026-08-21 09:15:00,130.13999938964844,131.92999267578125,129.82000732421875,131.32000732421875,131.32000732421875,46291317.0
2026-08-24 09:15:00,132.86000061035156,133.61000061035156,132.52999877929688,133.02000427246094,133.02000427246094,47032311.0
2026-08-25 09:15:00,133.02000427246094,133.4499969482422,132.27999877929688,132.77999877929688,132.77999877929688,39819108.0
2026-08-26 09:15:00,132.30999755859375,133.27000427246094,132.25,132.3699951171875,132.3699951171875,22841519.0
2026-08-27 09:15:00,131.24000549316406,131.49000549316406,128.14999389648438,130.0500030517578,130.0500030517578,43844954.0
2026-08-28 09:15:00,129.64999389648438,131.0800018310547,129.1300048828125,130.85000610351562,130.85000610351562,26501307.0
2026-08-31 09:15:00,127.79000091552734,127.79000091552734,126.08000183105469,127.31999969482422,127.31999969482422,48850744.0
2026-09-01 09:15:00,127.19000244140625,127.80000305175781,125.0199966430664,125.33999633789062,125.33999633789062,35522261.0
2026-09-02 09:15:00,123.47000122070312,124.29000091552734,122.75,123.5199966430664,123.5199966430664,36173459.0
2026-09-03 09:15:00,126.08000183105469,126.68000030517578,125.80000305175781,126.2300033569336,126.2300033569336,29706695.0
2026-09-04 09:15:00,126.8499984741211,127.72000122070312,126.77999877929688,127.16999816894531,127.16999816894531,20415178.0
2026-09-07 09:15:00,125.69999694824219,125.91999816894531,124.75,125.58000183105469,125.58000183105469,20788912.0
2026-09-08 09:15:00,126.0,126.69999694824219,125.29000091552734,125.83999633789062,125.83999633789062,19795291.0
2026-09-09 09:15:00,125.5,126.30999755859375,125.1500015258789,125.77999877929688,125.77999877929688,15054022.0
2026-09-10 09:15:00,126.41000366210938,126.93000030517578,126.05000305175781,126.19999694824219,126.19999694824219,15916449.0
2026-09-11 09:15:00,124.55000305175781,125.79000091552734,123.91000366210938,125.12000274658203,125.12000274658203,22473340.0
2026-09-14 09:15:00,125.12000274658203,125.12000274658203,125.12000274658203,125.12000274658203,125.12000274658203,0.0
2026-09-15 09:15:00,124.80000305175781,124.80000305175781,123.37999725341797,123.62000274658203,123.62000274658203,23136571.0
2026-09-16 09:15:00,124.5999984741211,125.05000305175781,124.43000030517578,124.91000366210938,124.91000366210938,13858810.0
2026-09-17 09:15:00,124.26000213623047,125.0,123.66999816894531,124.43000030517578,124.43000030517578,22769280.0
2026-09-18 09:15:00,125.51000213623047,126.94999694824219,125.47000122070312,126.4800033569336,126.4800033569336,28783409.0
2026-09-21 09:15:00,126.63999938964844,126.63999938964844,125.41000366210938,125.56999969482422,125.56999969482422,19462259.0
2026-09-22 09:15:00,125.55999755859375,125.56999969482422,124.27999877929688,125.0,125.0,21852347.0
2026-09-23 09:15:00,125.29000091552734,125.51000213623047,124.58999633789062,124.7300033569336,124.7300033569336,14210476.0
2026-09-24 09:15:00,124.0,124.27999877929688,123.22000122070312,123.43000030517578,123.43000030517578,20039975.0
2026-09-25 09:15:00,123.98999786376953,124.5,123.52999877929688,124.43000030517578,124.43000030517578,13701949.0
2026-09-28 09:15:00,122.69999694824219,122.69999694824219,120.72000122070312,121.16999816894531,121.16999816894531,32918395.0
2026-09-29 09:15:00,120.93000030517578,121.08999633789062,119.80000305175781,120.63999938964844,120.63999938964844,28612025.0
2026-09-30 09:15:00,121.12000274658203,122.0999984741211,121.12000274658203,121.58999633789062,121.58999633789062,24806672.0
