Date,Open,High,Low,Close,Adj_Close,Volume
2022-03-02 09:15:00,521.4000244140625,521.4000244140625,494.0,498.19000244140625,498.19000244140625,2197.0
2022-03-03 09:15:00,543.0,543.0,486.010009765625,496.0199890136719,496.0199890136719,6675.0
2022-03-04 09:15:00,483.0,497.0,483.0,486.6199951171875,486.6199951171875,3632.0
2022-03-07 09:15:00,486.25,498.0,481.0,489.3599853515625,489.3599853515625,2295.0
2022-03-08 09:15:00,487.0,487.0,470.30999755859375,482.6400146484375,482.6400146484375,4603.0
2022-03-09 09:15:00,485.0,493.80999755859375,483.45001220703125,491.1499938964844,491.1499938964844,1289.0
2022-03-10 09:15:00,498.0,505.989990234375,492.3599853515625,497.95001220703125,497.95001220703125,1781.0
2022-03-11 09:15:00,499.0,502.989990234375,491.0,499.17999267578125,499.17999267578125,695.0
2022-03-14 09:15:00,518.0,518.0,492.5,500.4599914550781,500.4599914550781,924.0
2022-03-15 09:15:00,486.55999755859375,504.0,486.55999755859375,493.989990234375,493.989990234375,1721.0
2022-03-16 09:15:00,501.989990234375,505.0,496.05999755859375,502.760009765625,502.760009765625,2883.0
2022-03-17 09:15:00,506.0,518.0,505.0,514.0399780273438,514.0399780273438,2465.0
2022-03-21 09:15:00,516.0,521.97998046875,501.54998779296875,503.5400085449219,503.5400085449219,3555.0
2022-03-22 09:15:00,503.3399963378906,510.0,495.2099914550781,508.6400146484375,508.6400146484375,1748.0
2022-03-23 09:15:00,513.0,514.0,506.29998779296875,509.30999755859375,509.30999755859375,371.0
2022-03-24 09:15:00,509.2699890136719,513.0,507.0,512.1099853515625,512.1099853515625,3480.0
2022-03-25 09:15:00,513.7999877929688,516.0,510.2699890136719,511.25,511.25,891.0
2022-03-28 09:15:00,534.9000244140625,534.9000244140625,504.2099914550781,513.3599853515625,513.3599853515625,1787.0
2022-03-29 09:15:00,513.7999877929688,520.0,506.3999938964844,517.5399780273438,517.5399780273438,2344.0
2022-03-30 09:15:00,521.7999877929688,524.97998046875,515.2999877929688,521.7999877929688,521.7999877929688,1326.0
2022-03-31 09:15:00,529.4400024414062,568.7999877929688,511.3999938964844,522.02001953125,522.02001953125,1641.0
2022-04-01 09:15:00,523.9000244140625,529.7899780273438,515.52001953125,527.3499755859375,527.3499755859375,4031.0
2022-04-04 09:15:00,547.7000122070312,547.7000122070312,525.010009765625,535.5999755859375,535.5999755859375,1576.0
2022-04-05 09:15:00,535.5999755859375,539.25,531.010009765625,538.989990234375,538.989990234375,2635.0
2022-04-06 09:15:00,537.9000244140625,545.7999877929688,531.8200073242188,545.0700073242188,545.0700073242188,2475.0
2022-04-07 09:15:00,547.0,548.0,533.0800170898438,535.02001953125,535.02001953125,2944.0
2022-04-08 09:15:00,535.02001953125,544.219970703125,532.010009765625,543.8400268554688,543.8400268554688,2275.0
2022-04-11 09:15:00,543.0,547.780029296875,537.3099975585938,542.8599853515625,542.8599853515625,2605.0
2022-04-12 09:15:00,542.0,542.0,532.2000122070312,534.0599975585938,534.0599975585938,1493.0
2022-04-13 09:15:00,535.0,541.0,532.9600219726562,533.4099731445312,533.4099731445312,1801.0
2022-04-18 09:15:00,531.7999877929688,536.989990234375,525.4099731445312,533.8200073242188,533.8200073242188,1633.0
2022-04-19 09:15:00,533.0,540.3400268554688,525.0,530.530029296875,530.530029296875,6000.0
2022-04-20 09:15:00,525.0,540.6699829101562,525.0,538.010009765625,538.010009765625,965.0
2022-04-21 09:15:00,536.2999877929688,544.9000244140625,533.5,544.4600219726562,544.4600219726562,1851.0
2022-04-22 09:15:00,542.0,545.77001953125,537.5,540.3900146484375,540.3900146484375,1313.0
2022-04-25 09:15:00,533.2100219726562,543.3900146484375,527.4000244140625,531.5900268554688,531.5900268554688,2383.0
2022-04-26 09:15:00,536.0,541.0,534.0,539.8900146484375,539.8900146484375,925.0
2022-04-27 09:15:00,539.5,541.0,531.4000244140625,535.0,535.0,138850.0
2022-04-28 09:15:00,531.5,544.7999877929688,531.5,541.22998046875,541.22998046875,1594.0
2022-04-29 09:15:00,543.0,545.7000122070312,534.0499877929688,537.0599975585938,537.0599975585938,596.0
2022-05-02 09:15:00,535.0999755859375,543.5,530.0,533.47998046875,533.47998046875,1793.0
2022-05-04 09:15:00,538.0,538.0,515.6199951171875,520.7100219726562,520.7100219726562,3098.0
2022-05-05 09:15:00,523.0,529.0,515.0,519.9600219726562,519.9600219726562,960.0
2022-05-06 09:15:00,502.55999755859375,524.9000244140625,502.55999755859375,515.3499755859375,515.3499755859375,2741.0
2022-05-09 09:15:00,513.0,518.8900146484375,505.0,507.8699951171875,507.8699951171875,2153.0
2022-05-10 09:15:00,512.5999755859375,512.5999755859375,501.0,501.2900085449219,501.2900085449219,1407.0
2022-05-11 09:15:00,499.0,506.760009765625,494.0,498.69000244140625,498.69000244140625,8637.0
2022-05-12 09:15:00,503.0,509.5,485.0,488.9599914550781,488.9599914550781,7689.0
2022-05-13 09:15:00,493.9100036621094,496.67999267578125,481.3800048828125,487.3800048828125,487.3800048828125,5641.0
2022-05-16 09:15:00,480.0,494.04998779296875,477.6499938964844,490.5400085449219,490.5400085449219,1344.0
2022-05-17 09:15:00,495.510009765625,504.7099914550781,493.0,502.30999755859375,502.30999755859375,1438.0
2022-05-18 09:15:00,518.0,518.0,497.29998779296875,499.9200134277344,499.9200134277344,955.0
2022-05-19 09:15:00,495.0,497.0,488.6000061035156,490.1600036621094,490.1600036621094,1634.0
2022-05-20 09:15:00,496.9800109863281,508.1099853515625,495.0199890136719,500.6600036621094,500.6600036621094,1342.0
2022-05-23 09:15:00,505.0,506.5299987792969,496.1000061035156,500.92999267578125,500.92999267578125,988.0
2022-05-24 09:15:00,502.75,502.75,495.0,497.1700134277344,497.1700134277344,160712.0
2022-05-25 09:15:00,498.0,500.25,491.4700012207031,493.94000244140625,493.94000244140625,767.0
2022-05-26 09:15:00,497.0,499.9800109863281,484.20001220703125,492.3800048828125,492.3800048828125,1527.0
2022-05-27 09:15:00,500.0,500.0,491.0,494.25,494.25,842.0
2022-05-30 09:15:00,500.0,507.1400146484375,492.0,505.010009765625,505.010009765625,15772.0
2022-05-31 09:15:00,550.5,550.5,502.82000732421875,509.17999267578125,509.17999267578125,1423.0
2022-06-01 09:15:00,512.0,512.0,501.3699951171875,503.1300048828125,503.1300048828125,14985.0
2022-06-02 09:15:00,506.29998779296875,509.6499938964844,501.2099914550781,506.7099914550781,506.7099914550781,2268.0
2022-06-03 09:15:00,511.0,513.97998046875,501.7099914550781,505.3699951171875,505.3699951171875,12614.0
2022-06-06 09:15:00,495.1099853515625,507.0,495.1099853515625,502.4200134277344,502.4200134277344,2491.0
2022-06-07 09:15:00,547.5999755859375,547.5999755859375,494.29998779296875,501.7200012207031,501.7200012207031,1746.0
2022-06-08 09:15:00,504.0,508.9800109863281,494.6499938964844,497.2699890136719,497.2699890136719,3468.0
2022-06-09 09:15:00,498.0,503.0,495.0400085449219,502.8699951171875,502.8699951171875,1030.0
2022-06-10 09:15:00,499.0,502.7900085449219,494.010009765625,498.510009765625,498.510009765625,863.0
2022-06-13 09:15:00,493.0,494.8999938964844,483.5,487.0199890136719,487.0199890136719,2574.0
2022-06-14 09:15:00,492.8999938964844,494.5,482.0,485.45001220703125,485.45001220703125,892.0
2022-06-15 09:15:00,489.0,489.0,482.54998779296875,483.55999755859375,483.55999755859375,2852.0
2022-06-16 09:15:00,484.1199951171875,488.0,472.04998779296875,473.2900085449219,473.2900085449219,3798.0
2022-06-17 09:15:00,515.9000244140625,515.9000244140625,464.1000061035156,468.70001220703125,468.70001220703125,2300.0
2022-06-20 09:15:00,473.7099914550781,473.7099914550781,457.6600036621094,460.4200134277344,460.4200134277344,2109.0
2022-06-21 09:15:00,461.0,473.6199951171875,461.0,472.80999755859375,472.80999755859375,1434.0
2022-06-22 09:15:00,468.0,486.29998779296875,460.25,465.8500061035156,465.8500061035156,1423.0
2022-06-23 09:15:00,468.0,474.0,462.0,467.0,467.0,2783.0
2022-06-24 09:15:00,470.0,472.1099853515625,468.0,470.8299865722656,470.8299865722656,299.0
2022-06-27 09:15:00,476.9100036621094,477.5199890136719,472.6700134277344,476.5799865722656,476.5799865722656,31909.0
2022-06-28 09:15:00,476.5799865722656,479.1099853515625,473.0,478.989990234375,478.989990234375,427.0
2022-06-29 09:15:00,476.0,482.9100036621094,473.25,482.239990234375,482.239990234375,480.0
2022-06-30 09:15:00,483.0,485.0,478.20001220703125,481.6300048828125,481.6300048828125,554.0
2022-07-01 09:15:00,482.0,482.0,466.1600036621094,471.20001220703125,471.20001220703125,5942.0
2022-07-04 09:15:00,473.0,477.9800109863281,465.0,474.3299865722656,474.3299865722656,85651.0
2022-07-05 09:15:00,477.0,480.44000244140625,474.0,475.1499938964844,475.1499938964844,17420.0
2022-07-06 09:15:00,475.1499938964844,477.6000061035156,471.0,476.010009765625,476.010009765625,6375.0
2022-07-07 09:15:00,479.989990234375,480.8299865722656,477.3599853515625,480.30999755859375,480.30999755859375,520.0
2022-07-08 09:15:00,483.0,486.4700012207031,482.4700012207031,485.42999267578125,485.42999267578125,2437.0
2022-07-11 09:15:00,480.0,489.0,477.0,484.70001220703125,484.70001220703125,2810.0
2022-07-12 09:15:00,484.0,486.6499938964844,481.1600036621094,482.8500061035156,482.8500061035156,2053.0
2022-07-13 09:15:00,485.7900085449219,486.30999755859375,478.5,479.54998779296875,479.54998779296875,607.0
2022-07-14 09:15:00,479.54998779296875,483.0,477.0,479.67999267578125,479.67999267578125,583.0
2022-07-15 09:15:00,481.1000061035156,486.1000061035156,481.1000061035156,485.20001220703125,485.20001220703125,6313.0
2022-07-18 09:15:00,486.5,499.54998779296875,479.54998779296875,489.6099853515625,489.6099853515625,2630.0
2022-07-19 09:15:00,499.54998779296875,499.54998779296875,481.29998779296875,494.4800109863281,494.4800109863281,1024.0
2022-07-20 09:15:00,494.4800109863281,499.3699951171875,492.6499938964844,496.94000244140625,496.94000244140625,1499.0
2022-07-21 09:15:00,496.6000061035156,501.0,494.010009765625,497.6499938964844,497.6499938964844,2192.0
2022-07-22 09:15:00,501.79998779296875,503.3999938964844,498.6499938964844,501.8299865722656,501.8299865722656,830.0
2022-07-25 09:15:00,502.0,502.0,496.0,498.5899963378906,498.5899963378906,638.0
2022-07-26 09:15:00,500.0,504.9800109863281,493.29998779296875,497.19000244140625,497.19000244140625,1000.0
2022-07-27 09:15:00,497.4100036621094,501.07000732421875,495.20001220703125,500.4599914550781,500.4599914550781,851.0
2022-07-28 09:15:00,501.0,504.989990234375,495.29998779296875,501.20001220703125,501.20001220703125,40958.0
2022-07-29 09:15:00,506.0,510.489990234375,504.0,509.8399963378906,509.8399963378906,2274.0
2022-08-01 09:15:00,511.79998779296875,519.0,510.0,517.9500122070312,517.9500122070312,2395.0
2022-08-02 09:15:00,519.0,520.02001953125,515.530029296875,518.9099731445312,518.9099731445312,2210.0
2022-08-03 09:15:00,520.0,520.0,512.0,518.2100219726562,518.2100219726562,2324.0
2022-08-04 09:15:00,513.0,519.77001953125,509.04998779296875,514.7100219726562,514.7100219726562,2135.0
2022-08-05 09:15:00,512.0,520.2000122070312,510.0,516.1900024414062,516.1900024414062,1883.0
2022-08-08 09:15:00,519.0,519.8099975585938,512.2000122070312,518.0800170898438,518.0800170898438,1776.0
2022-08-10 09:15:00,521.0,521.0,514.27001953125,519.8400268554688,519.8400268554688,1816.0
2022-08-11 09:15:00,522.0,526.97998046875,519.4000244140625,519.5,519.5,4755.0
2022-08-12 09:15:00,522.5,523.5,515.1199951171875,522.5599975585938,522.5599975585938,2646.0
2022-08-16 09:15:00,523.0,531.0,522.5,528.2000122070312,528.2000122070312,1970.0
2022-08-17 09:15:00,529.239990234375,532.510009765625,529.0,529.739990234375,529.739990234375,2227.0
2022-08-18 09:15:00,531.5,538.5,528.3699951171875,534.77001953125,534.77001953125,7136.0
2022-08-19 09:15:00,534.77001953125,538.0,530.030029296875,532.1500244140625,532.1500244140625,3274.0
2022-08-22 09:15:00,532.6500244140625,532.6500244140625,519.2000122070312,523.1099853515625,523.1099853515625,3570.0
2022-08-23 09:15:00,518.02001953125,532.0,515.2999877929688,527.4099731445312,527.4099731445312,2967.0
2022-08-24 09:15:00,529.5999755859375,531.8800048828125,524.0,531.5800170898438,531.5800170898438,618677.0
2022-08-25 09:15:00,532.5999755859375,536.5,527.5499877929688,529.2100219726562,529.2100219726562,1061.0
2022-08-26 09:15:00,529.0,538.0,529.0,533.489990234375,533.489990234375,3174.0
2022-08-29 09:15:00,527.0,535.239990234375,520.5999755859375,528.2000122070312,528.2000122070312,1816.0
2022-08-30 09:15:00,528.2000122070312,535.3300170898438,523.6099853515625,535.239990234375,535.239990234375,962.0
2022-09-01 09:15:00,532.75,536.0,524.0,530.6300048828125,530.6300048828125,2033.0
2022-09-02 09:15:00,534.0,538.4000244140625,530.0,531.0599975585938,531.0599975585938,2328.0
2022-09-05 09:15:00,535.0,536.0,529.0,535.0399780273438,535.0399780273438,827.0
2022-09-06 09:15:00,534.010009765625,539.989990234375,533.0,538.97998046875,538.97998046875,4635.0
2022-09-07 09:15:00,537.2899780273438,541.9199829101562,536.9500122070312,540.0599975585938,540.0599975585938,1956.0
2022-09-08 09:15:00,541.5999755859375,546.8300170898438,541.5999755859375,545.4400024414062,545.4400024414062,746.0
2022-09-09 09:15:00,546.0,549.9000244140625,541.7899780273438,544.2899780273438,544.2899780273438,3776.0
2022-09-12 09:15:00,544.2999877929688,550.280029296875,544.2999877929688,549.3699951171875,549.3699951171875,2162.0
2022-09-13 09:15:00,552.989990234375,554.9600219726562,550.010009765625,553.3300170898438,553.3300170898438,1185.0
2022-09-14 09:15:00,548.489990234375,553.9299926757812,539.5,551.9299926757812,551.9299926757812,1602.0
2022-09-15 09:15:00,554.989990234375,556.97998046875,550.0,554.469970703125,554.469970703125,4087.0
2022-09-16 09:15:00,552.3699951171875,555.989990234375,538.0,541.6900024414062,541.6900024414062,10579.0
2022-09-19 09:15:00,540.989990234375,545.0,535.9400024414062,542.1500244140625,542.1500244140625,2269.0
2022-09-20 09:15:00,547.989990234375,549.969970703125,544.5999755859375,548.2899780273438,548.2899780273438,1397.0
2022-09-21 09:15:00,543.02001953125,551.989990234375,534.1199951171875,535.97998046875,535.97998046875,3780.0
2022-09-22 09:15:00,540.2999877929688,540.2999877929688,530.1900024414062,535.6900024414062,535.6900024414062,1435.0
2022-09-23 09:15:00,538.0800170898438,541.97998046875,522.2999877929688,523.6500244140625,523.6500244140625,2628.0
2022-09-26 09:15:00,522.5999755859375,525.989990234375,508.0,510.1300048828125,510.1300048828125,3863.0
2022-09-27 09:15:00,512.989990234375,530.5,506.489990234375,513.4000244140625,513.4000244140625,2351.0
2022-09-28 09:15:00,508.75,512.7899780273438,506.510009765625,508.05999755859375,508.05999755859375,2259.0
2022-09-29 09:15:00,515.0,519.219970703125,506.32000732421875,508.70001220703125,508.70001220703125,1211.0
2022-09-30 09:15:00,512.989990234375,544.2999877929688,507.30999755859375,518.97998046875,518.97998046875,1728.0
2022-10-03 09:15:00,521.989990234375,556.0,511.70001220703125,516.5900268554688,516.5900268554688,6182.0
2022-10-04 09:15:00,524.969970703125,524.969970703125,518.3699951171875,523.6799926757812,523.6799926757812,4016.0
2022-10-06 09:15:00,524.010009765625,528.3400268554688,524.0,524.4600219726562,524.4600219726562,1933.0
2022-10-07 09:15:00,527.989990234375,528.0,521.010009765625,526.6900024414062,526.6900024414062,1138.0
2022-10-10 09:15:00,524.5900268554688,526.4500122070312,515.5499877929688,522.4199829101562,522.4199829101562,2613.0
2022-10-11 09:15:00,521.0800170898438,551.9000244140625,511.0,515.5,515.5,2770.0
2022-10-12 09:15:00,517.5,518.989990234375,511.0,517.8499755859375,517.8499755859375,810.0
2022-10-13 09:15:00,524.969970703125,524.969970703125,511.69000244140625,514.5700073242188,514.5700073242188,1284.0
2022-10-14 09:15:00,521.989990234375,521.989990234375,513.4199829101562,514.1799926757812,514.1799926757812,1131.0
2022-10-17 09:15:00,518.77001953125,518.77001953125,509.0,515.0399780273438,515.0399780273438,2448.0
2022-10-18 09:15:00,516.3800048828125,524.2899780273438,513.3099975585938,523.6099853515625,523.6099853515625,3020.0
2022-10-19 09:15:00,526.989990234375,526.989990234375,522.3099975585938,523.9600219726562,523.9600219726562,1651.0
2022-10-20 09:15:00,522.8200073242188,528.5599975585938,520.9299926757812,527.219970703125,527.219970703125,1433.0
2022-10-21 09:15:00,527.5900268554688,530.7999877929688,522.8499755859375,525.219970703125,525.219970703125,943.0
2022-10-24 18:15:00,531.989990234375,546.2000122070312,527.2899780273438,534.3699951171875,534.3699951171875,2182.0
2022-10-25 09:15:00,532.989990234375,539.97998046875,526.6599731445312,529.0,529.0,2126.0
2022-10-27 09:15:00,529.760009765625,534.7899780273438,529.22998046875,532.6199951171875,532.6199951171875,1345.0
2022-10-28 09:15:00,531.780029296875,540.22998046875,531.780029296875,539.7899780273438,539.7899780273438,2938.0
2022-10-31 09:15:00,544.989990234375,545.989990234375,538.219970703125,545.1099853515625,545.1099853515625,3584.0
2022-11-01 09:15:00,546.489990234375,550.5900268554688,545.8699951171875,548.510009765625,548.510009765625,1843.0
2022-11-02 09:15:00,551.989990234375,551.989990234375,545.030029296875,546.8800048828125,546.8800048828125,1630.0
2022-11-03 09:15:00,543.989990234375,549.0,543.0,545.9500122070312,545.9500122070312,11696.0
2022-11-04 09:15:00,547.989990234375,550.7100219726562,545.8599853515625,550.3400268554688,550.3400268554688,4847.0
2022-11-07 09:15:00,551.989990234375,554.4199829101562,548.0,552.7100219726562,552.7100219726562,3557.0
2022-11-09 09:15:00,552.719970703125,554.5,547.8800048828125,548.25,548.25,1654.0
2022-11-10 09:15:00,548.010009765625,548.260009765625,542.989990234375,543.780029296875,543.780029296875,3503.0
2022-11-11 09:15:00,547.010009765625,551.1400146484375,527.0,549.1199951171875,549.1199951171875,2060.0
2022-11-14 09:15:00,544.1500244140625,551.97998046875,544.1500244140625,549.7899780273438,549.7899780273438,2605.0
2022-11-15 09:15:00,548.4600219726562,553.9199829101562,548.4600219726562,552.7100219726562,552.7100219726562,2575.0
2022-11-16 09:15:00,552.3099975585938,553.9000244140625,548.0,550.7999877929688,550.7999877929688,1315.0
2022-11-17 09:15:00,551.3200073242188,552.969970703125,548.1199951171875,550.5499877929688,550.5499877929688,2494.0
2022-11-18 09:15:00,600.0999755859375,600.0999755859375,545.4600219726562,549.52001953125,549.52001953125,2313.0
2022-11-21 09:15:00,549.7000122070312,549.7000122070312,545.0,545.6799926757812,545.6799926757812,4309.0
2022-11-22 09:15:00,548.1900024414062,550.510009765625,545.1300048828125,548.9600219726562,548.9600219726562,895.0
2022-11-23 09:15:00,551.989990234375,551.989990234375,547.030029296875,548.8699951171875,548.8699951171875,1512.0
2022-11-24 09:15:00,550.5700073242188,556.4299926757812,550.010009765625,552.75,552.75,3471.0
2022-11-25 09:15:00,552.739990234375,559.7899780273438,552.739990234375,558.7000122070312,558.7000122070312,8591.0
2022-11-28 09:15:00,560.010009765625,569.2000122070312,560.0,563.52001953125,563.52001953125,62024.0
2022-11-29 09:15:00,567.989990234375,569.97998046875,561.97998046875,562.469970703125,562.469970703125,9730.0
2022-11-30 09:15:00,562.4600219726562,570.0399780273438,560.8599853515625,567.739990234375,567.739990234375,18434.0
2022-12-01 09:15:00,573.9199829101562,573.9199829101562,567.77001953125,570.1599731445312,570.1599731445312,5949.0
2022-12-02 09:15:00,575.3900146484375,575.3900146484375,566.7000122070312,569.5399780273438,569.5399780273438,4206.0
2022-12-05 09:15:00,578.1199951171875,578.1199951171875,565.0,567.1199951171875,567.1199951171875,10423.0
2022-12-06 09:15:00,568.7100219726562,573.5,563.989990234375,566.9199829101562,566.9199829101562,14178.0
2022-12-07 09:15:00,573.0,573.0,565.0,566.0399780273438,566.0399780273438,11532.0
2022-12-08 09:15:00,572.969970703125,572.969970703125,564.9600219726562,567.0800170898438,567.0800170898438,3704.0
2022-12-09 09:15:00,573.1099853515625,573.1099853515625,559.0,564.7000122070312,564.7000122070312,10544.0
2022-12-12 09:15:00,525.2000122070312,576.0,513.9000244140625,566.780029296875,566.780029296875,3831.0
2022-12-13 09:15:00,567.2100219726562,569.989990234375,562.6799926757812,566.7100219726562,566.7100219726562,2522.0
2022-12-14 09:15:00,566.6900024414062,573.97998046875,566.6900024414062,569.0999755859375,569.0999755859375,3902.0
2022-12-15 09:15:00,571.989990234375,574.52001953125,562.9199829101562,564.6199951171875,564.6199951171875,2669.0
2022-12-16 09:15:00,567.989990234375,567.989990234375,558.0,559.7000122070312,559.7000122070312,5466.0
2022-12-19 09:15:00,553.1300048828125,566.8900146484375,553.1300048828125,566.1799926757812,566.1799926757812,2367.0
2022-12-20 09:15:00,562.1300048828125,567.989990234375,556.77001953125,563.1599731445312,563.1599731445312,2694.0
2022-12-21 09:15:00,572.8900146484375,572.8900146484375,553.0,555.4500122070312,555.4500122070312,3815.0
2022-12-22 09:15:00,564.8900146484375,564.8900146484375,548.219970703125,551.7100219726562,551.7100219726562,5268.0
2022-12-23 09:15:00,541.1300048828125,554.97998046875,535.1500244140625,537.780029296875,537.780029296875,9358.0
2022-12-26 09:15:00,543.969970703125,547.1500244140625,535.010009765625,544.9600219726562,544.9600219726562,3717.0
2022-12-27 09:15:00,545.010009765625,550.8400268554688,537.5599975585938,550.4099731445312,550.4099731445312,2796.0
2022-12-28 09:15:00,550.5,550.5,542.5499877929688,549.280029296875,549.280029296875,1455.0
2022-12-29 09:15:00,554.8900146484375,576.0,543.1199951171875,549.6099853515625,549.6099853515625,4505.0
2022-12-30 09:15:00,550.75,553.469970703125,545.1699829101562,548.239990234375,548.239990234375,4304.0
2023-01-02 09:15:00,554.8900146484375,554.969970703125,549.0,552.5399780273438,552.5399780273438,3433.0
2023-01-03 09:15:00,557.969970703125,557.969970703125,549.010009765625,551.3599853515625,551.3599853515625,5124.0
2023-01-04 09:15:00,557.8900146484375,557.8900146484375,544.5499877929688,546.4600219726562,546.4600219726562,3250.0
2023-01-05 09:15:00,553.989990234375,553.989990234375,541.8499755859375,547.3300170898438,547.3300170898438,2565.0
2023-01-06 09:15:00,549.219970703125,550.010009765625,544.5,547.0499877929688,547.0499877929688,2746.0
2023-01-09 09:15:00,549.2999877929688,554.2899780273438,548.8900146484375,552.2100219726562,552.2100219726562,3936.0
2023-01-10 09:15:00,552.8499755859375,555.989990234375,545.719970703125,549.0,549.0,5174.0
2023-01-11 09:15:00,549.010009765625,549.010009765625,541.0999755859375,544.3599853515625,544.3599853515625,4460.0
2023-01-12 09:15:00,544.010009765625,547.5900268554688,540.780029296875,543.6400146484375,543.6400146484375,2227.0
2023-01-13 09:15:00,543.3400268554688,546.989990234375,540.0,543.5999755859375,543.5999755859375,2709.0
2023-01-16 09:15:00,553.1099853515625,553.1099853515625,541.0,541.6300048828125,541.6300048828125,10884.0
2023-01-17 09:15:00,543.010009765625,548.5499877929688,542.1900024414062,547.8900146484375,547.8900146484375,1929.0
2023-01-18 09:15:00,547.9099731445312,551.0,544.6500244140625,550.780029296875,550.780029296875,2473.0
2023-01-19 09:15:00,548.510009765625,552.6900024414062,548.510009765625,551.3099975585938,551.3099975585938,5892.0
2023-01-20 09:15:00,549.989990234375,552.7899780273438,545.4500122070312,547.3800048828125,547.3800048828125,2946.0
2023-01-23 09:15:00,550.0,552.489990234375,536.0,545.0800170898438,545.0800170898438,8400.0
2023-01-24 09:15:00,549.9600219726562,549.9600219726562,540.5,541.3900146484375,541.3900146484375,6574.0
2023-01-25 09:15:00,541.010009765625,541.010009765625,533.0,534.4400024414062,534.4400024414062,6365.0
2023-01-27 09:15:00,535.6099853515625,539.7000122070312,516.9000244140625,528.4400024414062,528.4400024414062,12399.0
2023-01-30 09:15:00,521.3099975585938,532.989990234375,517.0,524.5900268554688,524.5900268554688,10318.0
2023-01-31 09:15:00,525.010009765625,547.0,521.3099975585938,528.510009765625,528.510009765625,6605.0
2023-02-01 09:15:00,531.6500244140625,542.5999755859375,520.7999877929688,523.7899780273438,523.7899780273438,27452.0
2023-02-02 09:15:00,525.0,529.97998046875,517.0,521.0,521.0,6199.0
2023-02-03 09:15:00,521.010009765625,525.260009765625,514.7999877929688,523.72998046875,523.72998046875,9637.0
2023-02-06 09:15:00,523.739990234375,527.989990234375,522.719970703125,526.469970703125,526.469970703125,3031.0
2023-02-07 09:15:00,532.969970703125,532.969970703125,523.2100219726562,525.9600219726562,525.9600219726562,2758.0
2023-02-08 09:15:00,525.1599731445312,529.989990234375,525.1599731445312,527.719970703125,527.719970703125,2146.0
2023-02-09 09:15:00,533.989990234375,533.989990234375,525.0,527.3699951171875,527.3699951171875,1823.0
2023-02-10 09:15:00,526.010009765625,530.0,526.0,528.1799926757812,528.1799926757812,2056.0
2023-02-13 09:15:00,532.989990234375,534.0,526.0,527.8400268554688,527.8400268554688,2283.0
2023-02-14 09:15:00,527.3099975585938,532.0,525.5,527.8499755859375,527.8499755859375,5893.0
2023-02-15 09:15:00,531.8599853515625,533.5599975585938,525.6799926757812,532.260009765625,532.260009765625,2723.0
2023-02-16 09:15:00,548.25,548.25,532.77001953125,534.0399780273438,534.0399780273438,2846.0
2023-02-17 09:15:00,535.02001953125,538.760009765625,533.010009765625,536.280029296875,536.280029296875,4843.0
2023-02-20 09:15:00,541.9400024414062,541.9400024414062,534.0,536.1400146484375,536.1400146484375,2870.0
2023-02-21 09:15:00,536.6599731445312,541.239990234375,535.219970703125,535.8200073242188,535.8200073242188,2328.0
2023-02-22 09:15:00,535.1199951171875,535.8200073242188,524.7000122070312,525.760009765625,525.760009765625,10674.0
2023-02-23 09:15:00,527.0,528.7000122070312,524.0,524.7100219726562,524.7100219726562,1885.0
2023-02-24 09:15:00,524.8300170898438,528.4600219726562,522.5,525.7999877929688,525.7999877929688,2101.0
2023-02-27 09:15:00,531.969970703125,531.969970703125,518.0599975585938,523.3699951171875,523.3699951171875,2908.0
2023-02-28 09:15:00,523.010009765625,527.989990234375,519.010009765625,521.5900268554688,521.5900268554688,3227.0
2023-03-01 09:15:00,522.989990234375,525.489990234375,521.6099853515625,523.97998046875,523.97998046875,3196.0
2023-03-02 09:15:00,523.989990234375,530.969970703125,523.5,525.1599731445312,525.1599731445312,1265.0
2023-03-03 09:15:00,528.27001953125,535.5900268554688,528.27001953125,532.8800048828125,532.8800048828125,3838.0
2023-03-06 09:15:00,539.969970703125,540.2899780273438,532.8699951171875,537.6599731445312,537.6599731445312,2532.0
2023-03-08 09:15:00,537.6599731445312,540.5499877929688,535.9099731445312,539.2899780273438,539.2899780273438,3848.0
2023-03-09 09:15:00,544.989990234375,544.989990234375,536.1300048828125,537.1199951171875,537.1199951171875,2269.0
2023-03-10 09:15:00,534.47998046875,535.260009765625,530.0,534.7000122070312,534.7000122070312,1720.0
2023-03-13 09:15:00,534.7100219726562,537.989990234375,524.6799926757812,527.1699829101562,527.1699829101562,3242.0
2023-03-14 09:15:00,532.989990234375,532.989990234375,522.4099731445312,524.7999877929688,524.7999877929688,1639.0
2023-03-15 09:15:00,526.8499755859375,531.4000244140625,523.5,525.22998046875,525.22998046875,2222.0
2023-03-16 09:15:00,529.989990234375,529.989990234375,518.8200073242188,525.4500122070312,525.4500122070312,1849.0
2023-03-17 09:15:00,527.4600219726562,531.530029296875,527.010009765625,529.239990234375,529.239990234375,1386.0
2023-03-20 09:15:00,529.239990234375,529.239990234375,520.1300048828125,525.6199951171875,525.6199951171875,1919.0
2023-03-21 09:15:00,525.010009765625,530.9000244140625,525.010009765625,529.8699951171875,529.8699951171875,962.0
2023-03-22 09:15:00,530.47998046875,533.75,530.0,531.2100219726562,531.2100219726562,3561.0
2023-03-23 09:15:00,529.97998046875,531.9500122070312,528.0,528.6099853515625,528.6099853515625,3880.0
2023-03-24 09:15:00,528.6199951171875,528.6900024414062,521.2999877929688,522.6300048828125,522.6300048828125,4156.0
2023-03-27 09:15:00,522.6400146484375,525.760009765625,520.0,522.3200073242188,522.3200073242188,6950.0
2023-03-28 09:15:00,523.0,523.7100219726562,516.0900268554688,516.9199829101562,516.9199829101562,2955.0
2023-03-29 09:15:00,517.4099731445312,522.8200073242188,515.77001953125,519.7999877929688,519.7999877929688,1650.0
2023-03-31 09:15:00,522.8200073242188,532.0,522.8200073242188,529.72998046875,529.72998046875,1896.0
2023-04-03 09:15:00,534.989990234375,534.989990234375,528.0,530.1300048828125,530.1300048828125,2947.0
2023-04-05 09:15:00,530.1300048828125,534.9000244140625,529.02001953125,532.969970703125,532.969970703125,2446.0
2023-04-06 09:15:00,532.9600219726562,537.0,532.9099731445312,535.9000244140625,535.9000244140625,2879.0
2023-04-10 09:15:00,540.969970703125,543.5999755859375,530.47998046875,539.9299926757812,539.9299926757812,8050.0
2023-04-11 09:15:00,544.989990234375,545.7000122070312,539.3400268554688,542.5900268554688,542.5900268554688,1334.0
2023-04-12 09:15:00,545.0,545.0,540.760009765625,541.510009765625,541.510009765625,4558.0
2023-04-13 09:15:00,541.5999755859375,546.5499877929688,538.5,539.7999877929688,539.7999877929688,3816.0
2023-04-17 09:15:00,540.010009765625,544.739990234375,534.47998046875,540.0999755859375,540.0999755859375,3006.0
2023-04-18 09:15:00,540.0999755859375,541.0,535.3699951171875,538.4199829101562,538.4199829101562,1848.0
2023-04-19 09:15:00,539.5700073242188,539.5800170898438,536.010009765625,536.2999877929688,536.2999877929688,1058.0
2023-04-20 09:15:00,537.1900024414062,539.989990234375,536.75,537.5900268554688,537.5900268554688,1711.0
2023-04-21 09:15:00,537.47998046875,539.469970703125,535.4099731445312,536.5900268554688,536.5900268554688,2085.0
2023-04-24 09:15:00,536.1699829101562,540.0499877929688,535.0,538.6699829101562,538.6699829101562,1865.0
2023-04-25 09:15:00,537.3599853515625,542.9500122070312,537.3599853515625,541.9600219726562,541.9600219726562,1610.0
2023-04-26 09:15:00,540.989990234375,544.6900024414062,540.2100219726562,543.7000122070312,543.7000122070312,3113.0
2023-04-27 09:15:00,543.0,548.0,543.0,546.75,546.75,4710.0
2023-04-28 09:15:00,548.0700073242188,555.5,548.010009765625,554.6300048828125,554.6300048828125,10011.0
2023-05-02 09:15:00,556.0,561.0,550.1099853515625,557.9099731445312,557.9099731445312,6231.0
2023-05-03 09:15:00,558.0,560.989990234375,555.0,556.8900146484375,556.8900146484375,5263.0
2023-05-04 09:15:00,555.510009765625,559.9000244140625,555.510009765625,558.8599853515625,558.8599853515625,5532.0
2023-05-05 09:15:00,558.010009765625,562.7899780273438,558.010009765625,560.4299926757812,560.4299926757812,3988.0
2023-05-08 09:15:00,560.4400024414062,566.4199829101562,560.4400024414062,565.0999755859375,565.0999755859375,11379.0
2023-05-09 09:15:00,575.0,582.0499877929688,564.280029296875,565.3499755859375,565.3499755859375,6630.0
2023-05-10 09:15:00,565.6900024414062,570.0,564.760009765625,567.25,567.25,2071.0
2023-05-11 09:15:00,571.989990234375,571.989990234375,563.3400268554688,565.1900024414062,565.1900024414062,5487.0
2023-05-12 09:15:00,562.6300048828125,562.7899780273438,559.2100219726562,561.0,561.0,3284.0
2023-05-15 09:15:00,561.6400146484375,565.8099975585938,560.2999877929688,563.010009765625,563.010009765625,3585.0
2023-05-16 09:15:00,565.489990234375,565.5,560.0999755859375,561.0,561.0,1536.0
2023-05-17 09:15:00,565.969970703125,565.969970703125,556.6300048828125,559.6199951171875,559.6199951171875,1782.0
2023-05-18 09:15:00,560.3699951171875,562.8499755859375,554.4500122070312,555.3499755859375,555.3499755859375,5756.0
2023-05-19 09:15:00,565.0,565.0,550.27001953125,555.0599975585938,555.0599975585938,3695.0
2023-05-22 09:15:00,554.3099975585938,561.8900146484375,554.3099975585938,560.530029296875,560.530029296875,2711.0
2023-05-23 09:15:00,562.0,563.6699829101562,557.6400146484375,558.2000122070312,558.2000122070312,1732.0
2023-05-24 09:15:00,560.3800048828125,560.97998046875,556.8400268554688,557.1500244140625,557.1500244140625,679.0
2023-05-25 09:15:00,562.969970703125,562.969970703125,556.1099853515625,559.6699829101562,559.6699829101562,2769.0
2023-05-26 09:15:00,561.6400146484375,567.0499877929688,561.6300048828125,565.72998046875,565.72998046875,2589.0
2023-05-29 09:15:00,567.010009765625,570.0,565.010009765625,567.8699951171875,567.8699951171875,5880.0
2023-05-30 09:15:00,568.5999755859375,571.0,566.6300048828125,567.6599731445312,567.6599731445312,2439.0
2023-05-31 09:15:00,568.4400024414062,568.4400024414062,563.9000244140625,566.7000122070312,566.7000122070312,8733.0
2023-06-01 09:15:00,566.0,567.6199951171875,563.02001953125,563.8099975585938,563.8099975585938,2726.0
2023-06-02 09:15:00,565.52001953125,569.97998046875,563.0,566.8200073242188,566.8200073242188,2007.0
2023-06-05 09:15:00,567.510009765625,569.989990234375,566.8200073242188,568.5,568.5,4195.0
2023-06-06 09:15:00,569.52001953125,572.6699829101562,569.3099975585938,570.7999877929688,570.7999877929688,3190.0
2023-06-07 09:15:00,571.3099975585938,579.27001953125,571.3099975585938,577.52001953125,577.52001953125,9000.0
2023-06-08 09:15:00,579.010009765625,583.22998046875,577.0,578.0999755859375,578.0999755859375,6243.0
2023-06-09 09:15:00,578.0,582.0499877929688,566.7999877929688,574.719970703125,574.719970703125,4206.0
2023-06-12 09:15:00,575.280029296875,580.0499877929688,573.8499755859375,579.280029296875,579.280029296875,5297.0
2023-06-13 09:15:00,582.0800170898438,582.5,579.010009765625,581.8800048828125,581.8800048828125,4713.0
2023-06-14 09:15:00,584.8900146484375,587.8900146484375,581.8900146484375,586.6199951171875,586.6199951171875,3599.0
2023-06-15 09:15:00,586.6400146484375,589.72998046875,584.97998046875,586.27001953125,586.27001953125,4379.0
2023-06-16 09:15:00,587.4400024414062,592.219970703125,586.760009765625,589.9600219726562,589.9600219726562,7784.0
2023-06-19 09:15:00,594.5499877929688,595.97998046875,586.7100219726562,587.75,587.75,6373.0
2023-06-20 09:15:00,588.0,590.0900268554688,582.75,588.219970703125,588.219970703125,5381.0
2023-06-21 09:15:00,588.219970703125,591.510009765625,587.4099731445312,590.8300170898438,590.8300170898438,2539.0
2023-06-22 09:15:00,590.010009765625,591.0,587.010009765625,588.6699829101562,588.6699829101562,1403.0
2023-06-23 09:15:00,587.4099731445312,587.4099731445312,580.469970703125,582.52001953125,582.52001953125,3568.0
2023-06-26 09:15:00,584.989990234375,592.5999755859375,577.760009765625,582.4400024414062,582.4400024414062,4222.0
2023-06-27 09:15:00,583.010009765625,584.8300170898438,582.4500122070312,584.239990234375,584.239990234375,1125.0
2023-06-28 09:15:00,584.239990234375,591.5900268554688,584.1099853515625,589.1400146484375,589.1400146484375,7877.0
2023-06-30 09:15:00,594.989990234375,595.989990234375,589.1500244140625,594.6699829101562,594.6699829101562,4399.0
2023-07-03 09:15:00,594.6699829101562,600.97998046875,584.0,597.6199951171875,597.6199951171875,7407.0
2023-07-04 09:15:00,597.6400146484375,600.0,593.8300170898438,594.2999877929688,594.2999877929688,5723.0
2023-07-05 09:15:00,597.010009765625,599.0,595.5900268554688,598.5499877929688,598.5499877929688,4686.0
2023-07-06 09:15:00,603.969970703125,607.5800170898438,598.1500244140625,606.1400146484375,606.1400146484375,7518.0
2023-07-07 09:15:00,606.1500244140625,607.0,599.5999755859375,602.0800170898438,602.0800170898438,5178.0
2023-07-10 09:15:00,603.0,606.0,591.2000122070312,601.0700073242188,601.0700073242188,4340.0
2023-07-11 09:15:00,606.0,610.0,604.72998046875,609.0499877929688,609.0499877929688,3580.0
2023-07-12 09:15:00,612.0900268554688,617.010009765625,608.8499755859375,609.8400268554688,609.8400268554688,24007.0
2023-07-13 09:15:00,614.989990234375,614.989990234375,603.02001953125,604.9000244140625,604.9000244140625,8671.0
2023-07-14 09:15:00,594.6099853515625,612.8800048828125,592.7999877929688,604.27001953125,604.27001953125,6632.0
2023-07-17 09:15:00,609.969970703125,609.97998046875,604.1199951171875,607.1400146484375,607.1400146484375,7734.0
2023-07-18 09:15:00,614.0,614.0,602.010009765625,607.7999877929688,607.7999877929688,7161.0
2023-07-19 09:15:00,607.8099975585938,613.989990234375,606.75,611.3499755859375,611.3499755859375,6451.0
2023-07-20 09:15:00,611.3599853515625,615.3400268554688,611.3599853515625,614.22998046875,614.22998046875,5613.0
2023-07-21 09:15:00,614.219970703125,618.0800170898438,607.510009765625,613.7899780273438,613.7899780273438,3394.0
2023-07-24 09:15:00,617.989990234375,619.9000244140625,611.469970703125,614.72998046875,614.72998046875,5757.0
2023-07-25 09:15:00,615.3099975585938,620.0,614.260009765625,616.1300048828125,616.1300048828125,3604.0
2023-07-26 09:15:00,617.1799926757812,649.7000122070312,617.1699829101562,624.989990234375,624.989990234375,12120.0
2023-07-27 09:15:00,627.010009765625,629.469970703125,619.1199951171875,622.6300048828125,622.6300048828125,7471.0
2023-07-28 09:15:00,622.989990234375,637.1500244140625,622.3499755859375,627.2899780273438,627.2899780273438,5914.0
2023-07-31 09:15:00,632.989990234375,645.0,627.2999877929688,631.030029296875,631.030029296875,10179.0
2023-08-01 09:15:00,634.989990234375,647.25,628.0399780273438,630.3400268554688,630.3400268554688,5549.0
2023-08-02 09:15:00,627.010009765625,635.3599853515625,617.75,622.2100219726562,622.2100219726562,8626.0
2023-08-03 09:15:00,626.6500244140625,626.6500244140625,616.2100219726562,620.9299926757812,620.9299926757812,3894.0
2023-08-04 09:15:00,625.969970703125,628.7999877929688,620.510009765625,625.0399780273438,625.0399780273438,3062.0
2023-08-07 09:15:00,629.969970703125,632.9299926757812,623.1099853515625,625.1799926757812,625.1799926757812,4549.0
2023-08-08 09:15:00,625.5399780273438,639.3800048828125,615.52001953125,623.3099975585938,623.3099975585938,15956.0
2023-08-09 09:15:00,629.969970703125,629.969970703125,620.010009765625,624.75,624.75,15412.0
2023-08-10 09:15:00,629.989990234375,630.0,621.8599853515625,625.1300048828125,625.1300048828125,2238.0
2023-08-11 09:15:00,625.1300048828125,626.8499755859375,621.1799926757812,624.030029296875,624.030029296875,3562.0
2023-08-14 09:15:00,633.9600219726562,633.9600219726562,610.3800048828125,622.4400024414062,622.4400024414062,2993.0
2023-08-16 09:15:00,618.010009765625,628.47998046875,615.47998046875,624.8300170898438,624.8300170898438,3134.0
2023-08-17 09:15:00,624.8300170898438,628.0,618.5999755859375,621.5599975585938,621.5599975585938,2342.0
2023-08-18 09:15:00,621.9600219726562,624.5,618.1400146484375,621.6799926757812,621.6799926757812,1788.0
2023-08-21 09:15:00,624.989990234375,627.989990234375,619.8900146484375,624.510009765625,624.510009765625,3994.0
2023-08-22 09:15:00,625.0,630.0,624.52001953125,626.2899780273438,626.2899780273438,2776.0
2023-08-23 09:15:00,626.2899780273438,628.9000244140625,622.9500122070312,626.4299926757812,626.4299926757812,25493.0
2023-08-24 09:15:00,628.5999755859375,632.0700073242188,623.0,624.1099853515625,624.1099853515625,1674.0
2023-08-25 09:15:00,623.5999755859375,627.969970703125,616.3800048828125,617.5499877929688,617.5499877929688,5446.0
2023-08-28 09:15:00,622.0,624.8800048828125,614.010009765625,621.0800170898438,621.0800170898438,6144.0
2023-08-29 09:15:00,620.7999877929688,622.0999755859375,620.0,621.4600219726562,621.4600219726562,2954.0
2023-08-30 09:15:00,621.9400024414062,624.0399780273438,617.0,620.780029296875,620.780029296875,1785.0
2023-08-31 09:15:00,621.0399780273438,623.989990234375,616.739990234375,617.9299926757812,617.9299926757812,7852.0
2023-09-01 09:15:00,621.47998046875,625.0,620.75,623.7000122070312,623.7000122070312,2286.0
2023-09-04 09:15:00,626.0,634.7000122070312,625.0,630.0499877929688,630.0499877929688,4101.0
2023-09-05 09:15:00,631.5999755859375,634.27001953125,630.0499877929688,631.969970703125,631.969970703125,4374.0
2023-09-06 09:15:00,632.510009765625,635.0,631.0,634.9099731445312,634.9099731445312,4486.0
2023-09-07 09:15:00,637.989990234375,640.9000244140625,632.010009765625,638.7100219726562,638.7100219726562,7739.0
2023-09-08 09:15:00,642.989990234375,649.7000122070312,642.4199829101562,647.9600219726562,647.9600219726562,4293.0
2023-09-11 09:15:00,656.0999755859375,656.0999755859375,649.2100219726562,652.1900024414062,652.1900024414062,12871.0
2023-09-12 09:15:00,655.6599731445312,658.4000244140625,643.3099975585938,645.4299926757812,645.4299926757812,12391.0
2023-09-13 09:15:00,649.0900268554688,650.0,642.510009765625,649.280029296875,649.280029296875,5201.0
2023-09-14 09:15:00,649.719970703125,653.0,649.0,652.0999755859375,652.0999755859375,4014.0
2023-09-15 09:15:00,652.5599975585938,655.3599853515625,651.1500244140625,651.97998046875,651.97998046875,3454.0
2023-09-18 09:15:00,651.97998046875,654.0,647.0999755859375,652.27001953125,652.27001953125,3004.0
2023-09-20 09:15:00,655.0900268554688,655.0900268554688,643.5,646.47998046875,646.47998046875,6071.0
2023-09-21 09:15:00,646.4099731445312,654.0,640.02001953125,643.3900146484375,643.3900146484375,3730.0
2023-09-22 09:15:00,647.5,647.5,638.9000244140625,640.6900024414062,640.6900024414062,3718.0
2023-09-25 09:15:00,640.6900024414062,644.989990234375,635.9400024414062,641.3900146484375,641.3900146484375,4657.0
2023-09-26 09:15:00,643.4600219726562,645.4299926757812,640.4600219726562,642.5800170898438,642.5800170898438,1937.0
2023-09-27 09:15:00,643.0,647.3499755859375,640.3099975585938,646.6500244140625,646.6500244140625,4644.0
2023-09-28 09:15:00,644.989990234375,651.2899780273438,640.8599853515625,643.3300170898438,643.3300170898438,2134.0
2023-09-29 09:15:00,657.0,657.0,638.4099731445312,647.6799926757812,647.6799926757812,2863.0
2023-10-03 09:15:00,652.97998046875,652.97998046875,644.0,648.1300048828125,648.1300048828125,4475.0
2023-10-04 09:15:00,644.7000122070312,647.5,638.0,643.3800048828125,643.3800048828125,6231.0
2023-10-05 09:15:00,647.989990234375,649.97998046875,639.719970703125,645.5399780273438,645.5399780273438,3206.0
2023-10-06 09:15:00,646.1199951171875,647.6699829101562,642.5900268554688,647.0700073242188,647.0700073242188,2477.0
2023-10-09 09:15:00,654.7899780273438,654.7899780273438,638.280029296875,641.1199951171875,641.1199951171875,4256.0
2023-10-10 09:15:00,641.1199951171875,649.25,641.1199951171875,646.9600219726562,646.9600219726562,5968.0
2023-10-11 09:15:00,649.989990234375,653.0,648.239990234375,652.030029296875,652.030029296875,3058.0
2023-10-12 09:15:00,652.47998046875,655.989990234375,651.3099975585938,654.4299926757812,654.4299926757812,4450.0
2023-10-13 09:15:00,653.989990234375,656.719970703125,651.0499877929688,655.3599853515625,655.3599853515625,7520.0
2023-10-16 09:15:00,635.7000122070312,658.0,635.7000122070312,654.6799926757812,654.6799926757812,2328.0
2023-10-17 09:15:00,654.7000122070312,658.510009765625,654.7000122070312,657.4099731445312,657.4099731445312,2373.0
2023-10-18 09:15:00,660.989990234375,660.989990234375,651.1199951171875,651.9000244140625,651.9000244140625,2654.0
2023-10-19 09:15:00,654.8900146484375,654.8900146484375,644.2000122070312,650.280029296875,650.280029296875,2579.0
2023-10-20 09:15:00,650.010009765625,650.010009765625,643.5999755859375,645.3200073242188,645.3200073242188,2258.0
2023-10-23 09:15:00,644.010009765625,645.489990234375,631.77001953125,635.030029296875,635.030029296875,5632.0
2023-10-25 09:15:00,630.010009765625,639.989990234375,624.97998046875,628.8300170898438,628.8300170898438,6859.0
2023-10-26 09:15:00,627.1500244140625,632.0,618.3800048828125,621.77001953125,621.77001953125,11491.0
2023-10-27 09:15:00,624.989990234375,629.780029296875,617.989990234375,626.8200073242188,626.8200073242188,5966.0
2023-10-30 09:15:00,629.6799926757812,635.5599975585938,624.5399780273438,634.8900146484375,634.8900146484375,2738.0
2023-10-31 09:15:00,635.5,636.0900268554688,630.510009765625,632.9099731445312,632.9099731445312,3576.0
2023-11-01 09:15:00,633.010009765625,635.989990234375,629.530029296875,630.4000244140625,630.4000244140625,3004.0
2023-11-02 09:15:00,632.6699829101562,638.25,632.6599731445312,636.77001953125,636.77001953125,2369.0
2023-11-03 09:15:00,639.1799926757812,642.6599731445312,638.5999755859375,640.5900268554688,640.5900268554688,2826.0
2023-11-06 09:15:00,648.5,653.5,643.6199951171875,647.5800170898438,647.5800170898438,4422.0
2023-11-07 09:15:00,647.1099853515625,650.5,645.489990234375,649.8400268554688,649.8400268554688,3080.0
2023-11-08 09:15:00,649.9000244140625,653.7999877929688,649.8499755859375,653.4500122070312,653.4500122070312,1723.0
2023-11-09 09:15:00,653.5499877929688,654.2999877929688,650.969970703125,652.0599975585938,652.0599975585938,1708.0
2023-11-10 09:15:00,652.0599975585938,654.0,650.010009765625,653.75,653.75,2390.0
2023-11-13 09:15:00,659.75,659.75,654.3699951171875,655.0900268554688,655.0900268554688,3826.0
2023-11-15 09:15:00,655.0900268554688,666.0999755859375,655.0900268554688,664.0900268554688,664.0900268554688,5782.0
2023-11-16 09:15:00,663.1799926757812,668.0999755859375,661.6699829101562,665.260009765625,665.260009765625,5307.0
2023-11-17 09:15:00,666.239990234375,670.239990234375,665.72998046875,668.6400146484375,668.6400146484375,3624.0
2023-11-20 09:15:00,688.7000122070312,688.7000122070312,664.8599853515625,665.9299926757812,665.9299926757812,4728.0
2023-11-21 09:15:00,667.3599853515625,669.7899780273438,665.3800048828125,669.02001953125,669.02001953125,4771.0
2023-11-22 09:15:00,670.0,671.9400024414062,666.0700073242188,670.8099975585938,670.8099975585938,3414.0
2023-11-23 09:15:00,671.6199951171875,672.260009765625,668.3099975585938,671.2100219726562,671.2100219726562,2618.0
2023-11-24 09:15:00,676.5900268554688,690.0,667.8300170898438,669.5999755859375,669.5999755859375,3634.0
2023-11-28 09:15:00,676.969970703125,676.969970703125,669.010009765625,675.7999877929688,675.7999877929688,6012.0
2023-11-29 09:15:00,675.8099975585938,680.0,675.7999877929688,677.8599853515625,677.8599853515625,5474.0
2023-11-30 09:15:00,677.8599853515625,684.0,675.0399780273438,682.8900146484375,682.8900146484375,4701.0
2023-12-01 09:15:00,685.6799926757812,691.6900024414062,685.6799926757812,689.760009765625,689.760009765625,7321.0
2023-12-04 09:15:00,694.4600219726562,712.97998046875,690.8099975585938,707.739990234375,707.739990234375,17608.0
2023-12-05 09:15:00,707.75,724.989990234375,707.5499877929688,717.0599975585938,717.0599975585938,10327.0
2023-12-06 09:15:00,727.0499877929688,727.0499877929688,717.0599975585938,719.7899780273438,719.7899780273438,8788.0
2023-12-07 09:15:00,729.75,729.75,718.0,723.0,723.0,3920.0
2023-12-08 09:15:00,724.6900024414062,729.97998046875,714.6900024414062,720.6099853515625,720.6099853515625,6310.0
2023-12-11 09:15:00,724.989990234375,730.0,714.8099975585938,724.6799926757812,724.6799926757812,11962.0
2023-12-12 09:15:00,729.969970703125,729.969970703125,719.0,720.6900024414062,720.6900024414062,5166.0
2023-12-13 09:15:00,720.6900024414062,728.9500122070312,719.52001953125,727.3099975585938,727.3099975585938,9319.0
2023-12-14 09:15:00,729.2999877929688,735.719970703125,729.2999877929688,734.77001953125,734.77001953125,10214.0
2023-12-15 09:15:00,734.780029296875,745.7999877929688,733.9199829101562,741.219970703125,741.219970703125,10191.0
2023-12-18 09:15:00,741.530029296875,769.6500244140625,737.9099731445312,747.2000122070312,747.2000122070312,20155.0
2023-12-19 09:15:00,747.2100219726562,748.760009765625,740.1300048828125,744.9099731445312,744.9099731445312,7300.0
2023-12-20 09:15:00,746.1500244140625,751.0,724.6099853515625,727.6799926757812,727.6799926757812,14996.0
2023-12-21 09:15:00,725.010009765625,742.0,718.5999755859375,735.9500122070312,735.9500122070312,7905.0
2023-12-22 09:15:00,740.989990234375,744.7999877929688,735.9600219726562,740.1199951171875,740.1199951171875,10191.0
2023-12-26 09:15:00,748.2899780273438,748.2899780273438,740.8900146484375,746.6400146484375,746.6400146484375,4720.0
2023-12-27 09:15:00,750.989990234375,752.9000244140625,746.6500244140625,750.9500122070312,750.9500122070312,5856.0
2023-12-28 09:15:00,754.489990234375,768.9600219726562,745.4500122070312,759.3400268554688,759.3400268554688,12185.0
2023-12-29 09:15:00,762.1300048828125,762.1300048828125,754.0499877929688,758.6300048828125,758.6300048828125,10901.0
2024-01-01 09:15:00,765.0900268554688,765.0900268554688,755.719970703125,757.4099731445312,757.4099731445312,9311.0
2024-01-02 09:15:00,759.0,759.0,747.010009765625,755.6900024414062,755.6900024414062,9067.0
2024-01-03 09:15:00,759.3900146484375,759.3900146484375,749.0,755.489990234375,755.489990234375,10824.0
2024-01-04 09:15:00,759.47998046875,770.0,757.02001953125,764.9099731445312,764.9099731445312,9875.0
2024-01-05 09:15:00,787.8499755859375,787.8499755859375,756.47998046875,768.1500244140625,768.1500244140625,18851.0
2024-01-08 09:15:00,769.0999755859375,772.5,761.0399780273438,763.6799926757812,763.6799926757812,8633.0
2024-01-09 09:15:00,763.0,774.9600219726562,763.0,769.989990234375,769.989990234375,10572.0
2024-01-10 09:15:00,778.2899780273438,778.2899780273438,763.47998046875,772.8699951171875,772.8699951171875,5885.0
2024-01-11 09:15:00,777.989990234375,777.989990234375,772.8699951171875,777.02001953125,777.02001953125,7121.0
2024-01-12 09:15:00,777.030029296875,788.0,772.4299926757812,782.9600219726562,782.9600219726562,11900.0
2024-01-15 09:15:00,785.010009765625,794.0,783.2899780273438,792.6699829101562,792.6699829101562,9148.0
2024-01-16 09:15:00,797.989990234375,799.97998046875,786.3699951171875,788.8900146484375,788.8900146484375,14426.0
2024-01-17 09:15:00,785.7899780273438,796.0,780.0,782.260009765625,782.260009765625,14504.0
2024-01-18 09:15:00,782.0,785.02001953125,770.530029296875,781.5399780273438,781.5399780273438,9586.0
2024-01-19 09:15:00,789.969970703125,795.6099853515625,785.989990234375,795.0999755859375,795.0999755859375,17944.0
2024-01-23 09:15:00,799.989990234375,802.97998046875,775.6500244140625,780.8599853515625,780.8599853515625,13578.0
2024-01-24 09:15:00,786.969970703125,794.469970703125,774.0900268554688,793.1599731445312,793.1599731445312,7087.0
2024-01-25 09:15:00,799.7899780273438,799.7899780273438,788.010009765625,791.6699829101562,791.6699829101562,8291.0
2024-01-29 09:15:00,796.77001953125,824.8400268554688,796.5599975585938,821.2999877929688,821.2999877929688,16804.0
2024-01-30 09:15:00,829.989990234375,848.3800048828125,810.0,813.0900268554688,813.0900268554688,18102.0
2024-01-31 09:15:00,813.0999755859375,819.969970703125,807.1400146484375,815.0399780273438,815.0399780273438,15848.0
2024-02-01 09:15:00,819.1799926757812,819.1799926757812,807.3800048828125,811.2899780273438,811.2899780273438,14783.0
2024-02-02 09:15:00,817.7999877929688,829.9000244140625,817.0,823.280029296875,823.280029296875,18696.0
2024-02-05 09:15:00,827.989990234375,830.9400024414062,816.4000244140625,819.97998046875,819.97998046875,17756.0
2024-02-06 09:15:00,819.97998046875,830.0,808.0,827.02001953125,827.02001953125,14128.0
2024-02-07 09:15:00,832.6400146484375,844.2000122070312,822.8900146484375,828.5999755859375,828.5999755859375,13239.0
2024-02-08 09:15:00,835.0,835.97998046875,824.4600219726562,831.510009765625,831.510009765625,11194.0
2024-02-09 09:15:00,837.489990234375,837.5,817.219970703125,825.72998046875,825.72998046875,16683.0
2024-02-12 09:15:00,850.5,850.5,815.0800170898438,818.4099731445312,818.4099731445312,12617.0
2024-02-13 09:15:00,842.9500122070312,842.9500122070312,811.3099975585938,820.239990234375,820.239990234375,12592.0
2024-02-14 09:15:00,821.1699829101562,830.989990234375,811.5800170898438,827.510009765625,827.510009765625,8979.0
2024-02-15 09:15:00,833.9199829101562,840.0,823.3800048828125,836.9099731445312,836.9099731445312,13144.0
2024-02-16 09:15:00,836.9099731445312,841.0,833.9299926757812,838.1199951171875,838.1199951171875,12140.0
2024-02-19 09:15:00,840.989990234375,843.989990234375,837.8900146484375,842.1900024414062,842.1900024414062,13468.0
2024-02-20 09:15:00,842.989990234375,848.1599731445312,838.5999755859375,847.3900146484375,847.3900146484375,9274.0
2024-02-21 09:15:00,847.3900146484375,850.0,835.0,839.5,839.5,11130.0
2024-02-22 09:15:00,847.5900268554688,847.97998046875,829.5,845.2000122070312,845.2000122070312,12348.0
2024-02-23 09:15:00,846.2100219726562,849.6599731445312,840.8300170898438,848.510009765625,848.510009765625,8823.0
2024-02-26 09:15:00,842.5800170898438,854.969970703125,842.5800170898438,848.6099853515625,848.6099853515625,8929.0
2024-02-27 09:15:00,848.6199951171875,852.6099853515625,844.3800048828125,850.3699951171875,850.3699951171875,6583.0
2024-02-28 09:15:00,855.989990234375,856.0,820.0,834.9600219726562,834.9600219726562,18731.0
2024-02-29 09:15:00,822.4400024414062,842.3200073242188,822.4400024414062,839.2899780273438,839.2899780273438,6319.0
2024-03-01 09:15:00,842.0,854.989990234375,838.3499755859375,852.989990234375,852.989990234375,17199.0
2024-03-04 09:15:00,847.9400024414062,870.0,847.9299926757812,865.3800048828125,865.3800048828125,19052.0
2024-03-05 09:15:00,877.5999755859375,878.0,860.0,866.27001953125,866.27001953125,24605.0
2024-03-06 09:15:00,865.510009765625,889.7000122070312,852.0,869.0800170898438,869.0800170898438,21395.0
2024-03-07 09:15:00,843.0,875.0700073242188,843.0,865.5499877929688,865.5499877929688,33058.0
2024-03-11 09:15:00,865.5499877929688,872.52001953125,855.0900268554688,857.75,857.75,18027.0
2024-03-12 09:15:00,864.969970703125,864.969970703125,852.510009765625,853.3699951171875,853.3699951171875,11725.0
2024-03-13 09:15:00,853.3599853515625,853.3599853515625,814.0800170898438,820.260009765625,820.260009765625,46076.0
2024-03-14 09:15:00,820.260009765625,843.0,816.4500122070312,836.6400146484375,836.6400146484375,24719.0
2024-03-15 09:15:00,836.6400146484375,838.739990234375,818.510009765625,829.8900146484375,829.8900146484375,13716.0
2024-03-18 09:15:00,844.0,844.0,822.9199829101562,832.3200073242188,832.3200073242188,5939.0
2024-03-19 09:15:00,830.0,839.97998046875,818.780029296875,821.9199829101562,821.9199829101562,15555.0
2024-03-20 09:15:00,821.9299926757812,828.0,817.510009765625,827.3499755859375,827.3499755859375,6091.0
2024-03-21 09:15:00,830.989990234375,843.2999877929688,830.989990234375,839.280029296875,839.280029296875,10809.0
2024-03-22 09:15:00,839.280029296875,847.0,836.3599853515625,843.760009765625,843.760009765625,14272.0
2024-03-26 09:15:00,842.989990234375,852.0800170898438,838.010009765625,847.5,847.5,14014.0
2024-03-27 09:15:00,851.47998046875,859.989990234375,847.510009765625,856.3300170898438,856.3300170898438,12802.0
2024-03-28 09:15:00,856.510009765625,866.989990234375,856.5,864.02001953125,864.02001953125,17995.0
2024-04-01 09:15:00,869.989990234375,874.989990234375,864.030029296875,872.9099731445312,872.9099731445312,17004.0
2024-04-02 09:15:00,876.9000244140625,877.2899780273438,870.2999877929688,874.1199951171875,874.1199951171875,18196.0
2024-04-03 09:15:00,874.0,877.0,870.02001953125,875.6500244140625,875.6500244140625,14716.0
2024-04-04 09:15:00,901.9000244140625,901.9000244140625,866.010009765625,870.72998046875,870.72998046875,29360.0
2024-04-05 09:15:00,870.739990234375,883.5999755859375,864.02001953125,868.010009765625,868.010009765625,46661.0
2024-04-08 09:15:00,868.02001953125,877.1500244140625,865.010009765625,874.6300048828125,874.6300048828125,15241.0
2024-04-09 09:15:00,871.0,880.97998046875,871.0,874.7999877929688,874.7999877929688,9116.0
2024-04-10 09:15:00,877.0999755859375,880.0,874.8099975585938,879.52001953125,879.52001953125,10463.0
2024-04-12 09:15:00,879.52001953125,884.989990234375,871.0,873.6099853515625,873.6099853515625,15135.0
2024-04-15 09:15:00,870.0,876.7899780273438,852.72998046875,865.1099853515625,865.1099853515625,24175.0
2024-04-16 09:15:00,868.5900268554688,1044.8499755859375,856.4600219726562,922.9299926757812,922.9299926757812,40585.0
2024-04-18 09:15:00,895.0900268554688,895.0900268554688,861.1599731445312,863.5900268554688,863.5900268554688,86586.0
2024-04-19 09:15:00,863.5900268554688,866.989990234375,830.1300048828125,862.6400146484375,862.6400146484375,19482.0
2024-04-22 09:15:00,869.989990234375,873.9000244140625,862.6500244140625,870.9000244140625,870.9000244140625,17348.0
2024-04-23 09:15:00,874.989990234375,878.4400024414062,871.8800048828125,875.7999877929688,875.7999877929688,26532.0
2024-04-24 09:15:00,875.8099975585938,879.8800048828125,875.4000244140625,876.3099975585938,876.3099975585938,19008.0
2024-04-25 09:15:00,875.0,884.989990234375,872.3800048828125,882.7899780273438,882.7899780273438,12371.0
2024-04-26 09:15:00,909.25,909.25,879.7899780273438,881.6099853515625,881.6099853515625,18874.0
2024-04-29 09:15:00,886.7899780273438,889.02001953125,883.27001953125,886.75,886.75,14078.0
2024-04-30 09:15:00,889.010009765625,895.0,884.9600219726562,888.489990234375,888.489990234375,22096.0
2024-05-02 09:15:00,888.47998046875,907.6900024414062,885.489990234375,891.8699951171875,891.8699951171875,21169.0
2024-05-03 09:15:00,894.989990234375,899.2899780273438,875.4000244140625,882.489990234375,882.489990234375,27076.0
2024-05-06 09:15:00,889.969970703125,889.969970703125,871.469970703125,876.1500244140625,876.1500244140625,16808.0
2024-05-07 09:15:00,886.989990234375,886.989990234375,859.75,862.2999877929688,862.2999877929688,27159.0
2024-05-08 09:15:00,862.6099853515625,875.47998046875,855.010009765625,872.3200073242188,872.3200073242188,12716.0
2024-05-09 09:15:00,872.3300170898438,872.3300170898438,850.0,855.1099853515625,855.1099853515625,37750.0
2024-05-10 09:15:00,860.010009765625,861.0,848.2899780273438,859.02001953125,859.02001953125,18773.0
2024-05-13 09:15:00,859.0599975585938,865.989990234375,844.0599975585938,860.6400146484375,860.6400146484375,19134.0
2024-05-14 09:15:00,862.6300048828125,871.72998046875,860.6400146484375,868.3900146484375,868.3900146484375,14695.0
2024-05-15 09:15:00,872.4000244140625,879.02001953125,870.010009765625,876.0900268554688,876.0900268554688,20870.0
2024-05-16 09:15:00,879.989990234375,886.0,872.52001953125,884.3400268554688,884.3400268554688,16907.0
2024-05-17 09:15:00,888.0,890.0,882.6500244140625,888.75,888.75,19093.0
2024-05-21 09:15:00,890.0,900.6900024414062,888.010009765625,896.25,896.25,21353.0
2024-05-22 09:15:00,900.0,908.9000244140625,887.2899780273438,900.7100219726562,900.7100219726562,15664.0
2024-05-23 09:15:00,873.7000122070312,913.9199829101562,873.7000122070312,912.47998046875,912.47998046875,20621.0
2024-05-24 09:15:00,914.2999877929688,918.989990234375,911.010009765625,915.77001953125,915.77001953125,22318.0
2024-05-27 09:15:00,915.989990234375,920.0,912.3099975585938,915.0800170898438,915.0800170898438,17117.0
2024-05-28 09:15:00,910.010009765625,920.0,906.6099853515625,907.8900146484375,907.8900146484375,13966.0
2024-05-29 09:15:00,910.6599731445312,919.0,894.72998046875,902.8400268554688,902.8400268554688,17925.0
2024-05-30 09:15:00,903.0,907.0399780273438,890.1300048828125,895.5399780273438,895.5399780273438,32241.0
2024-05-31 09:15:00,903.989990234375,909.0,891.4199829101562,898.780029296875,898.780029296875,21114.0
2024-06-03 09:15:00,925.0,977.6799926757812,925.0,949.1099853515625,949.1099853515625,406940.0
2024-06-04 09:15:00,950.0,953.0,856.0,921.9600219726562,921.9600219726562,120997.0
2024-06-05 09:15:00,915.2999877929688,921.9600219726562,828.8900146484375,871.0999755859375,871.0999755859375,258563.0
2024-06-06 09:15:00,883.6900024414062,893.6099853515625,873.010009765625,884.6900024414062,884.6900024414062,37991.0
2024-06-07 09:15:00,891.9199829101562,908.9500122070312,880.010009765625,903.3099975585938,903.3099975585938,34033.0
2024-06-10 09:15:00,908.7000122070312,916.0,906.010009765625,910.4000244140625,910.4000244140625,39738.0
2024-06-11 09:15:00,918.469970703125,928.5900268554688,910.4099731445312,915.5999755859375,915.5999755859375,28438.0
2024-06-12 09:15:00,915.5999755859375,930.0,912.6099853515625,924.0900268554688,924.0900268554688,127243.0
2024-06-13 09:15:00,927.0,930.010009765625,924.0900268554688,928.3699951171875,928.3699951171875,23374.0
2024-06-14 09:15:00,939.5700073242188,939.5700073242188,924.010009765625,932.7100219726562,932.7100219726562,18033.0
2024-06-18 09:15:00,942.72998046875,942.72998046875,932.7100219726562,934.3499755859375,934.3499755859375,23526.0
2024-06-19 09:15:00,939.5999755859375,939.5999755859375,918.2000122070312,920.4600219726562,920.4600219726562,42443.0
2024-06-20 09:15:00,927.989990234375,928.2999877929688,914.0700073242188,924.4299926757812,924.4299926757812,22235.0
2024-06-21 09:15:00,931.530029296875,932.47998046875,916.6300048828125,922.6599731445312,922.6599731445312,30570.0
2024-06-24 09:15:00,918.0499877929688,927.989990234375,911.2999877929688,923.3099975585938,923.3099975585938,32201.0
2024-06-25 09:15:00,923.3099975585938,929.989990234375,918.0,922.77001953125,922.77001953125,15429.0
2024-06-26 09:15:00,925.1599731445312,932.0,918.010009765625,930.47998046875,930.47998046875,28224.0
2024-06-27 09:15:00,932.0900268554688,942.0,930.0900268554688,939.0,939.0,36763.0
2024-06-28 09:15:00,945.3499755859375,970.97998046875,935.0,945.5900268554688,945.5900268554688,35337.0
2024-07-01 09:15:00,946.010009765625,949.97998046875,941.010009765625,944.3099975585938,944.3099975585938,29748.0
2024-07-02 09:15:00,944.5,953.5999755859375,937.9500122070312,942.4600219726562,942.4600219726562,24750.0
2024-07-03 09:15:00,943.010009765625,948.7000122070312,940.0499877929688,946.030029296875,946.030029296875,16031.0
2024-07-04 09:15:00,948.6900024414062,950.0,943.010009765625,945.7899780273438,945.7899780273438,22069.0
2024-07-05 09:15:00,949.989990234375,965.0,943.1599731445312,955.010009765625,955.010009765625,20278.0
2024-07-08 09:15:00,967.2899780273438,967.2899780273438,941.0,958.7100219726562,958.7100219726562,28081.0
2024-07-09 09:15:00,963.1599731445312,965.0,952.719970703125,958.52001953125,958.52001953125,35447.0
2024-07-10 09:15:00,958.0,964.989990234375,942.7999877929688,957.3200073242188,957.3200073242188,32241.0
2024-07-11 09:15:00,964.989990234375,966.8699951171875,930.0,944.469970703125,944.469970703125,22758.0
2024-07-12 09:15:00,951.2999877929688,963.7899780273438,951.2999877929688,960.1900024414062,960.1900024414062,20471.0
2024-07-15 09:15:00,960.1900024414062,965.0599975585938,957.739990234375,964.1300048828125,964.1300048828125,30306.0
2024-07-16 09:15:00,970.1400146484375,972.5999755859375,964.1599731445312,966.510009765625,966.510009765625,20804.0
2024-07-18 09:15:00,976.2899780273438,976.2899780273438,956.010009765625,963.7000122070312,963.7000122070312,31390.0
2024-07-19 09:15:00,963.7000122070312,967.719970703125,943.0599975585938,945.0399780273438,945.0399780273438,27376.0
2024-07-22 09:15:00,945.0499877929688,949.989990234375,927.9400024414062,945.8800048828125,945.8800048828125,26509.0
2024-07-23 09:15:00,947.0599975585938,951.989990234375,914.02001953125,940.6900024414062,940.6900024414062,68606.0
2024-07-24 09:15:00,940.6900024414062,946.4000244140625,931.8099975585938,943.239990234375,943.239990234375,20778.0
2024-07-25 09:15:00,938.52001953125,952.8400268554688,927.1900024414062,949.780029296875,949.780029296875,10462.0
2024-07-26 09:15:00,954.010009765625,968.0,949.7899780273438,966.260009765625,966.260009765625,30430.0
2024-07-29 09:15:00,972.8099975585938,975.6300048828125,967.469970703125,971.9500122070312,971.9500122070312,25405.0
2024-07-30 09:15:00,977.989990234375,980.0,970.47998046875,974.489990234375,974.489990234375,21539.0
2024-07-31 09:15:00,974.47998046875,984.0,971.010009765625,983.3099975585938,983.3099975585938,32848.0
2024-08-01 09:15:00,983.2899780273438,988.2999877929688,979.0,984.6199951171875,984.6199951171875,41455.0
2024-08-02 09:15:00,981.2999877929688,981.2999877929688,967.1799926757812,971.5399780273438,971.5399780273438,20530.0
2024-08-05 09:15:00,962.969970703125,962.969970703125,933.2999877929688,947.3099975585938,947.3099975585938,53640.0
2024-08-06 09:15:00,958.2899780273438,958.2999877929688,933.97998046875,937.1699829101562,937.1699829101562,24023.0
2024-08-07 09:15:00,943.1500244140625,955.0,943.1500244140625,954.5700073242188,954.5700073242188,11736.0
2024-08-08 09:15:00,954.5700073242188,955.1599731445312,940.0,942.1500244140625,942.1500244140625,15813.0
2024-08-09 09:15:00,952.3800048828125,959.0,943.1099853515625,947.1300048828125,947.1300048828125,484291.0
2024-08-12 09:15:00,947.1300048828125,949.8200073242188,938.739990234375,945.469970703125,945.469970703125,16073.0
2024-08-13 09:15:00,945.469970703125,947.260009765625,937.0,938.9500122070312,938.9500122070312,12115.0
2024-08-14 09:15:00,938.9600219726562,941.1199951171875,932.989990234375,935.719970703125,935.719970703125,9973.0
2024-08-16 09:15:00,941.0,950.0,935.1699829101562,949.4299926757812,949.4299926757812,8748.0
2024-08-19 09:15:00,950.0,957.9400024414062,949.4600219726562,952.6300048828125,952.6300048828125,12145.0
2024-08-20 09:15:00,981.2000122070312,981.2000122070312,950.47998046875,954.47998046875,954.47998046875,12602.0
2024-08-21 09:15:00,954.0,958.9400024414062,950.5499877929688,957.72998046875,957.72998046875,7877.0
2024-08-22 09:15:00,956.8400268554688,961.5900268554688,956.8400268554688,959.9299926757812,959.9299926757812,7650.0
2024-08-23 09:15:00,959.0,970.0,958.010009765625,962.3099975585938,962.3099975585938,11197.0
2024-08-26 09:15:00,967.4400024414062,967.4400024414062,960.2100219726562,966.1699829101562,966.1699829101562,12848.0
2024-08-27 09:15:00,968.1799926757812,969.6500244140625,964.5700073242188,965.1500244140625,965.1500244140625,17600.0
2024-08-28 09:15:00,969.3300170898438,969.9500122070312,964.010009765625,965.8599853515625,965.8599853515625,7858.0
2024-08-29 09:15:00,964.6599731445312,972.9600219726562,962.0,970.1599731445312,970.1599731445312,8465.0
2024-08-30 09:15:00,975.75,982.260009765625,961.0,974.3400268554688,974.3400268554688,15521.0
2024-09-02 09:15:00,984.0,984.0,970.0499877929688,970.6599731445312,970.6599731445312,27051.0
2024-09-03 09:15:00,971.4000244140625,979.8900146484375,969.0,971.2899780273438,971.2899780273438,21036.0
2024-09-04 09:15:00,968.3300170898438,971.3499755859375,960.6799926757812,968.010009765625,968.010009765625,15948.0
2024-09-05 09:15:00,974.9000244140625,974.9000244140625,961.7899780273438,963.6799926757812,963.6799926757812,10706.0
2024-09-06 09:15:00,971.72998046875,971.72998046875,947.1400146484375,950.47998046875,950.47998046875,26110.0
2024-09-09 09:15:00,950.47998046875,955.0,940.0,949.3400268554688,949.3400268554688,10862.0
2024-09-10 09:15:00,956.4500122070312,960.0,947.239990234375,955.5599975585938,955.5599975585938,12956.0
2024-09-11 09:15:00,955.5599975585938,962.6699829101562,943.3200073242188,947.4000244140625,947.4000244140625,10572.0
2024-09-12 09:15:00,948.6500244140625,969.02001953125,947.4000244140625,967.3800048828125,967.3800048828125,12554.0
2024-09-13 09:15:00,967.3900146484375,974.739990234375,957.2000122070312,962.9199829101562,962.9199829101562,15566.0
2024-09-16 09:15:00,972.2899780273438,973.1300048828125,952.3300170898438,964.0599975585938,964.0599975585938,21007.0
2024-09-17 09:15:00,965.8800048828125,972.2999877929688,963.6400146484375,969.9099731445312,969.9099731445312,7449.0
2024-09-18 09:15:00,965.8099975585938,974.0,961.9199829101562,964.0999755859375,964.0999755859375,11589.0
2024-09-19 09:15:00,973.9400024414062,973.9400024414062,957.0,963.9600219726562,963.9600219726562,27682.0
2024-09-20 09:15:00,991.989990234375,991.989990234375,960.4199829101562,976.22998046875,976.22998046875,34061.0
2024-09-23 09:15:00,978.2000122070312,988.47998046875,977.260009765625,987.75,987.75,39454.0
2024-09-24 09:15:00,990.4099731445312,995.489990234375,988.1400146484375,990.8699951171875,990.8699951171875,20037.0
2024-09-25 09:15:00,990.8800048828125,1020.0,989.0900268554688,1001.0399780273438,1001.0399780273438,12216.0
2024-09-26 09:15:00,997.3200073242188,1001.0,990.5,997.6699829101562,997.6699829101562,27219.0
2024-09-27 09:15:00,1000.77001953125,1002.0,992.8499755859375,1000.5499877929688,1000.5499877929688,12125.0
2024-09-30 09:15:00,1000.0,1008.969970703125,988.0399780273438,992.8400268554688,992.8400268554688,22617.0
2024-10-01 09:15:00,996.27001953125,996.6099853515625,988.8499755859375,989.989990234375,989.989990234375,16302.0
2024-10-03 09:15:00,989.989990234375,989.989990234375,961.5,968.7899780273438,968.7899780273438,43981.0
2024-10-04 09:15:00,968.7999877929688,968.7999877929688,947.0,962.7000122070312,962.7000122070312,31988.0
2024-10-07 09:15:00,957.8900146484375,957.8900146484375,927.7000122070312,944.6500244140625,944.6500244140625,45845.0
2024-10-08 09:15:00,944.6500244140625,950.0,928.22998046875,948.8699951171875,948.8699951171875,15622.0
2024-10-09 09:15:00,950.0,963.2000122070312,942.8200073242188,949.25,949.25,16355.0
2024-10-10 09:15:00,954.1799926757812,958.0700073242188,946.5,948.5900268554688,948.5900268554688,9762.0
2024-10-11 09:15:00,948.5700073242188,950.27001953125,944.510009765625,947.489990234375,947.489990234375,13656.0
2024-10-14 09:15:00,954.8400268554688,954.8400268554688,948.5,952.4400024414062,952.4400024414062,8373.0
2024-10-15 09:15:00,953.7899780273438,960.8800048828125,948.97998046875,952.3499755859375,952.3499755859375,17423.0
2024-10-16 09:15:00,952.2999877929688,957.2000122070312,948.6199951171875,953.9099731445312,953.9099731445312,8037.0
2024-10-17 09:15:00,957.6799926757812,957.6799926757812,945.0700073242188,946.1699829101562,946.1699829101562,9358.0
2024-10-18 09:15:00,945.6400146484375,952.1799926757812,936.72998046875,948.27001953125,948.27001953125,13105.0
2024-10-21 09:15:00,976.7000122070312,976.7000122070312,940.0399780273438,943.969970703125,943.969970703125,7932.0
2024-10-22 09:15:00,943.0,947.510009765625,920.9500122070312,925.280029296875,925.280029296875,22595.0
2024-10-23 09:15:00,925.97998046875,925.97998046875,913.7999877929688,916.7100219726562,916.7100219726562,23190.0
2024-10-24 09:15:00,921.6599731445312,921.6599731445312,912.5999755859375,915.5999755859375,915.5999755859375,9941.0
2024-10-25 09:15:00,888.1500244140625,936.0,888.1500244140625,907.989990234375,907.989990234375,21370.0
2024-10-28 09:15:00,908.0,911.6799926757812,890.3200073242188,906.3699951171875,906.3699951171875,17903.0
2024-10-29 09:15:00,905.0,915.4000244140625,896.1900024414062,906.72998046875,906.72998046875,14840.0
2024-10-30 09:15:00,911.719970703125,935.9099731445312,902.969970703125,910.6300048828125,910.6300048828125,15597.0
2024-10-31 09:15:00,917.7100219726562,917.7100219726562,907.6599731445312,912.9600219726562,912.9600219726562,8200.0
2024-11-01 09:15:00,912.9600219726562,912.9600219726562,912.9600219726562,912.9600219726562,912.9600219726562,0.0
2024-11-04 09:15:00,920.0499877929688,920.0499877929688,892.1300048828125,899.1500244140625,899.1500244140625,24896.0
2024-11-05 09:15:00,899.1199951171875,902.22998046875,889.0999755859375,899.47998046875,899.47998046875,15776.0
2024-11-06 09:15:00,926.4500122070312,926.4500122070312,899.8699951171875,917.4000244140625,917.4000244140625,16648.0
2024-11-07 09:15:00,916.4000244140625,918.8900146484375,904.5999755859375,906.8800048828125,906.8800048828125,13972.0
2024-11-08 09:15:00,906.8800048828125,911.1500244140625,897.9000244140625,902.9400024414062,902.9400024414062,9989.0
2024-11-11 09:15:00,897.8099975585938,904.1900024414062,893.7899780273438,897.530029296875,897.530029296875,14185.0
2024-11-12 09:15:00,903.7999877929688,903.7999877929688,883.0,886.4600219726562,886.4600219726562,11774.0
2024-11-13 09:15:00,885.969970703125,898.0,871.0,877.4199829101562,877.4199829101562,14175.0
2024-11-14 09:15:00,877.9600219726562,885.0,868.5900268554688,875.52001953125,875.52001953125,9708.0
2024-11-18 09:15:00,875.489990234375,878.6500244140625,865.010009765625,870.2999877929688,870.2999877929688,18858.0
2024-11-19 09:15:00,879.9500122070312,882.8599853515625,865.02001953125,869.22998046875,869.22998046875,10246.0
2024-11-21 09:15:00,869.219970703125,869.22998046875,853.0,860.3800048828125,860.3800048828125,21735.0
2024-11-22 09:15:00,860.3900146484375,884.5,858.4400024414062,882.260009765625,882.260009765625,11960.0
2024-11-25 09:15:00,907.7999877929688,907.7999877929688,895.510009765625,902.52001953125,902.52001953125,15697.0
2024-11-26 09:15:00,902.52001953125,910.5399780273438,895.5999755859375,898.5399780273438,898.5399780273438,10142.0
2024-11-27 09:15:00,910.0,910.0,891.1799926757812,900.5599975585938,900.5599975585938,6923.0
2024-11-28 09:15:00,904.6400146484375,904.6400146484375,885.780029296875,890.4500122070312,890.4500122070312,14191.0
2024-11-29 09:15:00,895.9000244140625,905.9000244140625,891.010009765625,903.989990234375,903.989990234375,6979.0
2024-12-02 09:15:00,904.5,910.030029296875,893.969970703125,908.6500244140625,908.6500244140625,19934.0
2024-12-03 09:15:00,916.5,945.52001953125,911.0,925.2000122070312,925.2000122070312,18434.0
2024-12-04 09:15:00,925.1900024414062,925.1900024414062,915.0,918.0999755859375,918.0999755859375,21351.0
2024-12-05 09:15:00,936.0,936.0,913.7100219726562,923.030029296875,923.030029296875,12374.0
2024-12-06 09:15:00,924.0,928.0,915.0,924.469970703125,924.469970703125,6387.0
2024-12-09 09:15:00,924.0,927.9500122070312,922.0,925.989990234375,925.989990234375,9801.0
2024-12-10 09:15:00,925.0,925.7899780273438,917.9500122070312,921.530029296875,921.530029296875,10736.0
2024-12-11 09:15:00,921.489990234375,924.4500122070312,918.0499877929688,919.8900146484375,919.8900146484375,9820.0
2024-12-12 09:15:00,923.6300048828125,923.6300048828125,912.5999755859375,914.5800170898438,914.5800170898438,8665.0
2024-12-13 09:15:00,914.5800170898438,925.969970703125,903.2100219726562,923.47998046875,923.47998046875,11671.0
2024-12-16 09:15:00,925.280029296875,927.8400268554688,918.5800170898438,920.8300170898438,920.8300170898438,9197.0
2024-12-17 09:15:00,919.0,921.3800048828125,905.0499877929688,908.6199951171875,908.6199951171875,11682.0
2024-12-18 09:15:00,908.6300048828125,910.6599731445312,897.0399780273438,900.7100219726562,900.7100219726562,13827.0
2024-12-19 09:15:00,894.719970703125,895.989990234375,888.1599731445312,893.6900024414062,893.6900024414062,11714.0
2024-12-20 09:15:00,889.0999755859375,898.989990234375,871.6599731445312,876.010009765625,876.010009765625,17556.0
2024-12-23 09:15:00,880.0,887.4299926757812,876.0599975585938,881.5,881.5,13231.0
2024-12-24 09:15:00,884.4600219726562,887.0,876.2100219726562,881.0499877929688,881.0499877929688,11119.0
2024-12-26 09:15:00,881.0499877929688,891.0,878.3200073242188,883.3400268554688,883.3400268554688,12696.0
2024-12-27 09:15:00,880.010009765625,890.75,879.02001953125,879.9600219726562,879.9600219726562,6688.0
2024-12-30 09:15:00,881.0900268554688,881.0900268554688,870.0,872.530029296875,872.530029296875,9707.0
2024-12-31 09:15:00,872.530029296875,910.0,865.1500244140625,896.0499877929688,896.0499877929688,11427.0
2025-01-01 09:15:00,883.510009765625,883.52001953125,872.8599853515625,879.4600219726562,879.4600219726562,21249.0
2025-01-02 09:15:00,888.010009765625,915.0,876.0999755859375,894.8599853515625,894.8599853515625,15349.0
2025-01-03 09:15:00,900.0,900.0,887.0,889.8099975585938,889.8099975585938,18683.0
2025-01-06 09:15:00,890.989990234375,891.8900146484375,866.1099853515625,869.8499755859375,869.8499755859375,15912.0
2025-01-07 09:15:00,875.3400268554688,877.3800048828125,869.010009765625,873.0999755859375,873.0999755859375,16125.0
2025-01-08 09:15:00,873.25,878.260009765625,869.030029296875,871.8599853515625,871.8599853515625,7542.0
2025-01-09 09:15:00,875.4500122070312,875.4500122070312,863.0999755859375,864.8599853515625,864.8599853515625,7183.0
2025-01-10 09:15:00,859.5,867.219970703125,851.0,855.4299926757812,855.4299926757812,12097.0
2025-01-13 09:15:00,855.4299926757812,855.4299926757812,830.6500244140625,834.0900268554688,834.0900268554688,18726.0
2025-01-14 09:15:00,850.0,850.0,834.0999755859375,841.8300170898438,841.8300170898438,8582.0
2025-01-15 09:15:00,842.0599975585938,854.780029296875,842.0499877929688,850.1500244140625,850.1500244140625,9988.0
2025-01-16 09:15:00,869.0999755859375,869.0999755859375,851.4500122070312,859.22998046875,859.22998046875,8750.0
2025-01-17 09:15:00,868.989990234375,870.0,859.4199829101562,868.6099853515625,868.6099853515625,21578.0
2025-01-20 09:15:00,876.5,876.9500122070312,864.8300170898438,874.030029296875,874.030029296875,15064.0
2025-01-21 09:15:00,874.780029296875,876.989990234375,857.2999877929688,858.989990234375,858.989990234375,10124.0
2025-01-22 09:15:00,858.989990234375,868.8800048828125,850.0,856.8200073242188,856.8200073242188,4908.0
2025-01-23 09:15:00,857.9500122070312,874.0,851.3099975585938,858.780029296875,858.780029296875,9889.0
2025-01-24 09:15:00,858.7899780273438,864.8099975585938,851.0,852.8800048828125,852.8800048828125,8576.0
2025-01-27 09:15:00,836.2999877929688,857.1400146484375,834.010009765625,839.0900268554688,839.0900268554688,21085.0
2025-01-28 09:15:00,840.0,855.0,830.0,840.5399780273438,840.5399780273438,13817.0
2025-01-29 09:15:00,847.969970703125,853.0,837.97998046875,844.989990234375,844.989990234375,20276.0
2025-01-30 09:15:00,847.5,854.4000244140625,841.9400024414062,851.280029296875,851.280029296875,9718.0
2025-01-31 09:15:00,856.1199951171875,870.0,848.6300048828125,864.219970703125,864.219970703125,23589.0
2025-02-01 09:15:00,864.219970703125,871.239990234375,847.4000244140625,854.72998046875,854.72998046875,30843.0
2025-02-03 09:15:00,850.2000122070312,850.2100219726562,833.0999755859375,839.3599853515625,839.3599853515625,18437.0
2025-02-04 09:15:00,840.7899780273438,865.0,840.4299926757812,856.719970703125,856.719970703125,21462.0
2025-02-05 09:15:00,863.969970703125,864.4000244140625,858.3699951171875,860.4299926757812,860.4299926757812,13795.0
2025-02-06 09:15:00,860.0,865.5900268554688,850.1199951171875,853.6500244140625,853.6500244140625,6012.0
2025-02-07 09:15:00,859.280029296875,860.989990234375,847.469970703125,853.4099731445312,853.4099731445312,9572.0
2025-02-10 09:15:00,854.719970703125,858.7000122070312,840.0599975585938,844.1699829101562,844.1699829101562,10553.0
2025-02-11 09:15:00,851.0800170898438,851.0800170898438,825.8699951171875,829.5499877929688,829.5499877929688,20664.0
2025-02-12 09:15:00,829.5,832.9500122070312,814.7100219726562,829.1199951171875,829.1199951171875,12843.0
2025-02-13 09:15:00,833.1699829101562,846.0,826.0,842.0,842.0,10441.0
2025-02-14 09:15:00,834.0999755859375,838.02001953125,814.7999877929688,817.9099731445312,817.9099731445312,12669.0
2025-02-17 09:15:00,810.1199951171875,821.0,807.6400146484375,819.1699829101562,819.1699829101562,15512.0
2025-02-18 09:15:00,819.1699829101562,824.469970703125,812.0499877929688,822.5800170898438,822.5800170898438,9218.0
2025-02-19 09:15:00,819.0,829.6500244140625,816.010009765625,825.7899780273438,825.7899780273438,22733.0
2025-02-20 09:15:00,825.7899780273438,848.0,823.010009765625,834.0399780273438,834.0399780273438,10915.0
2025-02-21 09:15:00,834.0399780273438,837.2999877929688,822.2100219726562,826.4099731445312,826.4099731445312,11768.0
2025-02-24 09:15:00,830.5399780273438,830.5399780273438,814.1599731445312,815.1500244140625,815.1500244140625,18239.0
2025-02-25 09:15:00,819.5800170898438,819.5800170898438,810.0,811.1599731445312,811.1599731445312,7879.0
2025-02-27 09:15:00,811.1599731445312,815.280029296875,805.1500244140625,808.1599731445312,808.1599731445312,12139.0
2025-02-28 09:15:00,810.489990234375,810.489990234375,791.6099853515625,794.5499877929688,794.5499877929688,20971.0
2025-03-03 09:15:00,795.010009765625,801.7899780273438,783.97998046875,795.760009765625,795.760009765625,8849.0
2025-03-04 09:15:00,799.0,799.0499877929688,785.7899780273438,796.2899780273438,796.2899780273438,16600.0
2025-03-05 09:15:00,797.3900146484375,814.9299926757812,797.3900146484375,814.5499877929688,814.5499877929688,22131.0
2025-03-06 09:15:00,816.4400024414062,827.2999877929688,812.8599853515625,826.2100219726562,826.2100219726562,19987.0
2025-03-07 09:15:00,826.2100219726562,831.7000122070312,822.02001953125,825.989990234375,825.989990234375,10595.0
2025-03-10 09:15:00,825.989990234375,834.0700073242188,818.3699951171875,821.1400146484375,821.1400146484375,6919.0
2025-03-11 09:15:00,820.6699829101562,825.1500244140625,813.2899780273438,823.8900146484375,823.8900146484375,17491.0
2025-03-12 09:15:00,831.97998046875,834.9500122070312,817.75,822.8200073242188,822.8200073242188,16222.0
2025-03-13 09:15:00,823.1099853515625,828.969970703125,818.3300170898438,819.47998046875,819.47998046875,17583.0
2025-03-17 09:15:00,819.469970703125,826.9600219726562,817.5,821.7899780273438,821.7899780273438,14502.0
2025-03-18 09:15:00,821.7899780273438,821.7899780273438,821.7899780273438,821.7899780273438,821.7899780273438,0.0
2025-03-19 09:15:00,830.72998046875,843.5,830.72998046875,841.3900146484375,841.3900146484375,11771.0
2025-03-20 09:15:00,841.0,856.4500122070312,841.0,855.2100219726562,855.2100219726562,14542.0
2025-03-21 09:15:00,855.260009765625,868.8599853515625,855.260009765625,864.8699951171875,864.8699951171875,21585.0
2025-03-24 09:15:00,870.0,880.0,870.0,877.4199829101562,877.4199829101562,21350.0
2025-03-25 09:15:00,881.8499755859375,884.469970703125,869.0999755859375,872.719970703125,872.719970703125,23687.0
2025-03-26 09:15:00,872.97998046875,879.989990234375,866.0,869.280029296875,869.280029296875,16383.0
2025-03-27 09:15:00,869.280029296875,875.0,864.1900024414062,872.8499755859375,872.8499755859375,37762.0
2025-03-28 09:15:00,877.0,882.0,870.0,875.0900268554688,875.0900268554688,26868.0
2025-04-01 09:15:00,873.02001953125,880.7899780273438,863.530029296875,864.969970703125,864.969970703125,17046.0
2025-04-02 09:15:00,875.5900268554688,879.0,861.0599975585938,871.469970703125,871.469970703125,15530.0
2025-04-03 09:15:00,868.2899780273438,875.4000244140625,865.75,874.5599975585938,874.5599975585938,16944.0
2025-04-04 09:15:00,872.989990234375,873.8400268554688,849.4000244140625,852.1500244140625,852.1500244140625,17370.0
2025-04-07 09:15:00,847.969970703125,847.969970703125,795.3300170898438,821.0499877929688,821.0499877929688,60143.0
2025-04-08 09:15:00,832.0,845.3099975585938,825.9099731445312,838.4500122070312,838.4500122070312,19767.0
2025-04-09 09:15:00,838.4500122070312,838.4500122070312,830.0,833.8499755859375,833.8499755859375,9045.0
2025-04-11 09:15:00,850.5499877929688,857.1500244140625,841.5900268554688,853.27001953125,853.27001953125,20475.0
2025-04-15 09:15:00,870.5700073242188,874.530029296875,859.4600219726562,873.3599853515625,873.3599853515625,16015.0
2025-04-16 09:15:00,873.0,876.0,867.7000122070312,875.3300170898438,875.3300170898438,6610.0
2025-04-17 09:15:00,875.989990234375,892.5,869.469970703125,889.0999755859375,889.0999755859375,15626.0
2025-04-21 09:15:00,887.0599975585938,902.5700073242188,886.469970703125,901.6099853515625,901.6099853515625,18405.0
2025-04-22 09:15:00,901.489990234375,904.4299926757812,893.4099731445312,894.9600219726562,894.9600219726562,15727.0
2025-04-23 09:15:00,896.010009765625,905.5,888.6199951171875,904.0800170898438,904.0800170898438,9085.0
2025-04-24 09:15:00,904.1099853515625,904.1099853515625,894.6300048828125,900.7000122070312,900.7000122070312,12777.0
2025-04-25 09:15:00,903.9600219726562,903.9600219726562,877.0,887.780029296875,887.780029296875,16804.0
2025-04-28 09:15:00,887.010009765625,904.9500122070312,887.010009765625,901.9600219726562,901.9600219726562,26053.0
2025-04-29 09:15:00,902.530029296875,911.6699829101562,899.8599853515625,901.9000244140625,901.9000244140625,13023.0
2025-04-30 09:15:00,900.760009765625,909.0900268554688,898.0499877929688,904.7000122070312,904.7000122070312,6916.0
2025-05-02 09:15:00,908.8699951171875,916.3099975585938,900.52001953125,903.739990234375,903.739990234375,17405.0
2025-05-05 09:15:00,909.6599731445312,917.5499877929688,905.0,916.2899780273438,916.2899780273438,26357.0
2025-05-06 09:15:00,917.0,921.9000244140625,904.010009765625,907.6099853515625,907.6099853515625,12077.0
2025-05-07 09:15:00,901.3300170898438,913.0700073242188,900.0,907.989990234375,907.989990234375,14443.0
2025-05-08 09:15:00,912.52001953125,912.97998046875,892.510009765625,899.1099853515625,899.1099853515625,11022.0
2025-05-09 09:15:00,890.0999755859375,902.0,887.3499755859375,892.5499877929688,892.5499877929688,18799.0
2025-05-12 09:15:00,905.0,928.2999877929688,905.0,926.72998046875,926.72998046875,34214.0
2025-05-13 09:15:00,922.6199951171875,929.1099853515625,913.0599975585938,915.0700073242188,915.0700073242188,16851.0
2025-05-14 09:15:00,919.6900024414062,925.989990234375,917.0,920.8099975585938,920.8099975585938,12360.0
2025-05-15 09:15:00,920.8099975585938,935.2999877929688,918.4099731445312,934.6300048828125,934.6300048828125,19390.0
2025-05-16 09:15:00,934.6199951171875,936.6500244140625,930.010009765625,931.8300170898438,931.8300170898438,46553.0
2025-05-19 09:15:00,929.2000122070312,938.0700073242188,928.2000122070312,930.0499877929688,930.0499877929688,30829.0
2025-05-20 09:15:00,930.0499877929688,937.3599853515625,918.0,920.989990234375,920.989990234375,6632.0
2025-05-21 09:15:00,922.6199951171875,929.489990234375,918.4099731445312,925.3300170898438,925.3300170898438,9901.0
2025-05-22 09:15:00,925.3200073242188,925.3200073242188,915.0,922.0399780273438,922.0399780273438,11031.0
2025-05-23 09:15:00,924.8800048828125,929.4199829101562,922.0,926.9600219726562,926.9600219726562,14125.0
2025-05-26 09:15:00,934.9600219726562,938.010009765625,930.0,930.739990234375,930.739990234375,12588.0
2025-05-27 09:15:00,930.0,935.1400146484375,920.0,925.9299926757812,925.9299926757812,74899.0
2025-05-28 09:15:00,924.030029296875,930.489990234375,921.7999877929688,923.2000122070312,923.2000122070312,5431.0
2025-05-29 09:15:00,924.530029296875,929.989990234375,922.0,926.0800170898438,926.0800170898438,7026.0
2025-05-30 09:15:00,926.0800170898438,930.9600219726562,922.0,922.9500122070312,922.9500122070312,11899.0
2025-06-02 09:15:00,928.25,928.25,916.6799926757812,923.5599975585938,923.5599975585938,7070.0
2025-06-03 09:15:00,928.0,929.9500122070312,917.1099853515625,917.989990234375,917.989990234375,10196.0
2025-06-04 09:15:00,922.4600219726562,925.3200073242188,918.010009765625,923.7999877929688,923.7999877929688,7808.0
2025-06-05 09:15:00,924.1099853515625,936.0,924.1099853515625,929.6300048828125,929.6300048828125,9923.0
2025-06-06 09:15:00,934.5800170898438,936.6099853515625,927.9000244140625,935.3400268554688,935.3400268554688,12009.0
2025-06-09 09:15:00,936.9299926757812,944.6900024414062,936.9299926757812,942.219970703125,942.219970703125,14005.0
2025-06-10 09:15:00,942.219970703125,950.8699951171875,940.5800170898438,943.6099853515625,943.6099853515625,22867.0
2025-06-11 09:15:00,947.989990234375,948.2999877929688,941.219970703125,943.22998046875,943.22998046875,11564.0
2025-06-12 09:15:00,947.9400024414062,949.2899780273438,929.0,931.9400024414062,931.9400024414062,6511.0
2025-06-13 09:15:00,923.3800048828125,930.0,912.75,926.0800170898438,926.0800170898438,10035.0
2025-06-16 09:15:00,930.7100219726562,936.7000122070312,919.530029296875,935.219970703125,935.219970703125,13091.0
2025-06-17 09:15:00,935.5599975585938,937.22998046875,929.0499877929688,931.8300170898438,931.8300170898438,4096.0
2025-06-18 09:15:00,931.8300170898438,934.969970703125,926.0,929.3599853515625,929.3599853515625,3877.0
2025-06-19 09:15:00,925.4299926757812,931.0499877929688,920.5,924.3599853515625,924.3599853515625,9477.0
2025-06-20 09:15:00,925.3699951171875,945.0700073242188,924.5,941.739990234375,941.739990234375,10194.0
2025-06-23 09:15:00,937.6799926757812,939.989990234375,931.2000122070312,936.6199951171875,936.6199951171875,8303.0
2025-06-24 09:15:00,950.5,950.5,938.2100219726562,940.719970703125,940.719970703125,7919.0
2025-06-25 09:15:00,940.7100219726562,949.6900024414062,933.7100219726562,948.4099731445312,948.4099731445312,11483.0
2025-06-26 09:15:00,953.1500244140625,965.0,948.0,963.9600219726562,963.9600219726562,20104.0
2025-06-27 09:15:00,966.8200073242188,974.9299926757812,961.530029296875,972.260009765625,972.260009765625,28935.0
2025-06-30 09:15:00,974.9299926757812,982.2999877929688,966.2000122070312,969.1099853515625,969.1099853515625,15048.0
2025-07-01 09:15:00,998.1799926757812,998.1799926757812,970.2100219726562,973.5999755859375,973.5999755859375,10389.0
2025-07-02 09:15:00,975.1099853515625,976.510009765625,967.3300170898438,970.5999755859375,970.5999755859375,10530.0
2025-07-03 09:15:00,990.0,990.0,966.739990234375,970.27001953125,970.27001953125,9550.0
2025-07-04 09:15:00,970.510009765625,973.0900268554688,965.9400024414062,971.5499877929688,971.5499877929688,8818.0
2025-07-07 09:15:00,976.4000244140625,977.2999877929688,971.5599975585938,973.27001953125,973.27001953125,9220.0
2025-07-08 09:15:00,974.010009765625,978.0,971.8699951171875,976.52001953125,976.52001953125,14878.0
2025-07-09 09:15:00,981.0900268554688,981.0900268554688,968.489990234375,969.8699951171875,969.8699951171875,10757.0
2025-07-10 09:15:00,974.7100219726562,976.219970703125,963.6099853515625,964.989990234375,964.989990234375,6720.0
2025-07-11 09:15:00,965.25,965.25,953.0,955.3599853515625,955.3599853515625,8667.0
2025-07-14 09:15:00,959.4400024414062,959.75,950.7999877929688,954.6099853515625,954.6099853515625,6089.0
2025-07-15 09:15:00,954.6099853515625,961.3499755859375,951.510009765625,959.47998046875,959.47998046875,4331.0
2025-07-16 09:15:00,957.9299926757812,961.3300170898438,955.0,960.4199829101562,960.4199829101562,5886.0
2025-07-17 09:15:00,965.219970703125,965.219970703125,955.0,956.3599853515625,956.3599853515625,5973.0
2025-07-18 09:15:00,956.3599853515625,957.989990234375,947.9600219726562,952.5800170898438,952.5800170898438,4148.0
2025-07-21 09:15:00,954.4000244140625,954.4000244140625,942.77001953125,951.3300170898438,951.3300170898438,9960.0
2025-07-22 09:15:00,955.7100219726562,955.7100219726562,944.010009765625,946.0700073242188,946.0700073242188,8921.0
2025-07-23 09:15:00,946.0800170898438,959.0,942.3699951171875,951.510009765625,951.510009765625,7567.0
2025-07-24 09:15:00,955.1900024414062,955.1900024414062,945.0599975585938,947.22998046875,947.22998046875,6579.0
2025-07-25 09:15:00,945.0,945.9199829101562,937.030029296875,938.47998046875,938.47998046875,8050.0
2025-07-28 09:15:00,940.02001953125,940.8800048828125,926.3800048828125,930.4400024414062,930.4400024414062,8893.0
2025-07-29 09:15:00,930.4400024414062,943.030029296875,928.8300170898438,939.2999877929688,939.2999877929688,8368.0
2025-07-30 09:15:00,943.9000244140625,947.489990234375,940.239990234375,943.9600219726562,943.9600219726562,10781.0
2025-07-31 09:15:00,947.0999755859375,947.0999755859375,933.0,937.6199951171875,937.6199951171875,5111.0
2025-08-01 09:15:00,937.6199951171875,938.5800170898438,924.1699829101562,926.4000244140625,926.4000244140625,9171.0
2025-08-04 09:15:00,932.5399780273438,938.1099853515625,924.3400268554688,934.0900268554688,934.0900268554688,5334.0
2025-08-05 09:15:00,936.8900146484375,936.8900146484375,929.2000122070312,933.1599731445312,933.1599731445312,2174.0
2025-08-06 09:15:00,940.5399780273438,940.5399780273438,928.6300048828125,929.9000244140625,929.9000244140625,16475.0
2025-08-07 09:15:00,931.8300170898438,932.02001953125,917.6699829101562,927.4000244140625,927.4000244140625,7618.0
2025-08-08 09:15:00,929.72998046875,929.8599853515625,914.1900024414062,916.5599975585938,916.5599975585938,11416.0
2025-08-11 09:15:00,918.7899780273438,948.0,917.0999755859375,930.6599731445312,930.6599731445312,8973.0
2025-08-12 09:15:00,930.6599731445312,935.02001953125,923.8200073242188,926.9600219726562,926.9600219726562,12286.0
2025-08-13 09:15:00,930.1799926757812,934.3200073242188,926.989990234375,931.0,931.0,7970.0
2025-08-14 09:15:00,931.0,934.2000122070312,926.3900146484375,927.7100219726562,927.7100219726562,2826.0
2025-08-18 09:15:00,936.9400024414062,940.3900146484375,930.52001953125,937.1400146484375,937.1400146484375,28365.0
2025-08-19 09:15:00,935.989990234375,947.0,935.989990234375,945.6500244140625,945.6500244140625,23470.0
2025-08-20 09:15:00,949.1099853515625,950.6500244140625,943.030029296875,948.510009765625,948.510009765625,13563.0
2025-08-21 09:15:00,950.5700073242188,951.969970703125,945.1400146484375,948.0900268554688,948.0900268554688,8985.0
2025-08-22 09:15:00,948.4000244140625,949.8099975585938,940.52001953125,942.6099853515625,942.6099853515625,5864.0
2025-08-25 09:15:00,943.010009765625,943.989990234375,938.0,943.0599975585938,943.0599975585938,9652.0
2025-08-26 09:15:00,942.8200073242188,942.8200073242188,920.739990234375,929.3300170898438,929.3300170898438,6886.0
2025-08-28 09:15:00,949.989990234375,949.989990234375,918.0,920.9199829101562,920.9199829101562,8996.0
2025-08-29 09:15:00,925.52001953125,926.0999755859375,915.2000122070312,918.5800170898438,918.5800170898438,4916.0
2025-09-01 09:15:00,918.5800170898438,929.5,918.5800170898438,926.1500244140625,926.1500244140625,12832.0
2025-09-02 09:15:00,929.1799926757812,933.989990234375,923.8599853515625,928.25,928.25,6348.0
2025-09-03 09:15:00,923.510009765625,930.5900268554688,923.219970703125,926.4099731445312,926.4099731445312,11041.0
2025-09-04 09:15:00,930.1400146484375,934.989990234375,921.3800048828125,922.760009765625,922.760009765625,7221.0
2025-09-05 09:15:00,925.02001953125,930.9600219726562,921.02001953125,926.6500244140625,926.6500244140625,4919.0
2025-09-08 09:15:00,930.0,934.3099975585938,924.9199829101562,925.8699951171875,925.8699951171875,6628.0
2025-09-09 09:15:00,930.489990234375,930.489990234375,924.4099731445312,927.3800048828125,927.3800048828125,10421.0
2025-09-10 09:15:00,931.989990234375,933.8400268554688,926.010009765625,930.469970703125,930.469970703125,10027.0
2025-09-11 09:15:00,933.989990234375,951.2899780273438,929.280029296875,933.75,933.75,7633.0
2025-09-12 09:15:00,961.760009765625,961.760009765625,933.4600219726562,936.9500122070312,936.9500122070312,7893.0
2025-09-15 09:15:00,948.2999877929688,952.0,925.3800048828125,931.530029296875,931.530029296875,13162.0
2025-09-16 09:15:00,933.0,952.2000122070312,933.0,948.4600219726562,948.4600219726562,13968.0
2025-09-17 09:15:00,952.989990234375,955.0,950.0499877929688,951.469970703125,951.469970703125,11498.0
2025-09-18 09:15:00,952.010009765625,955.989990234375,950.010009765625,952.5999755859375,952.5999755859375,9456.0
2025-09-19 09:15:00,953.3400268554688,955.969970703125,949.8900146484375,952.8800048828125,952.8800048828125,10482.0
2025-09-22 09:15:00,952.8900146484375,956.4500122070312,948.1099853515625,950.3200073242188,950.3200073242188,7483.0
2025-09-23 09:15:00,950.3300170898438,953.8900146484375,943.219970703125,948.530029296875,948.530029296875,9895.0
2025-09-24 09:15:00,948.530029296875,950.2999877929688,943.3699951171875,943.6400146484375,943.6400146484375,15489.0
2025-09-25 09:15:00,946.6699829101562,949.1099853515625,935.4400024414062,936.5999755859375,936.5999755859375,8964.0
2025-09-26 09:15:00,964.7000122070312,964.7000122070312,931.4400024414062,931.8200073242188,931.8200073242188,11588.0
2025-09-29 09:15:00,932.5,938.7000122070312,931.7100219726562,934.0700073242188,934.0700073242188,9670.0
2025-09-30 09:15:00,938.739990234375,938.739990234375,930.0,931.0900268554688,931.0900268554688,4119.0
2025-10-01 09:15:00,928.010009765625,935.1799926757812,927.5,934.0900268554688,934.0900268554688,11397.0
2025-10-03 09:15:00,934.0900268554688,939.0700073242188,929.969970703125,938.3800048828125,938.3800048828125,7427.0
2025-10-06 09:15:00,942.3800048828125,942.3800048828125,927.5,938.0700073242188,938.0700073242188,7874.0
2025-10-07 09:15:00,939.780029296875,949.5,939.780029296875,943.6099853515625,943.6099853515625,12202.0
2025-10-08 09:15:00,943.6099853515625,946.5499877929688,936.3400268554688,936.97998046875,936.97998046875,11000.0
2025-10-09 09:15:00,936.97998046875,944.6199951171875,935.6599731445312,944.1799926757812,944.1799926757812,6131.0
2025-10-10 09:15:00,945.0,949.97998046875,943.3400268554688,946.8400268554688,946.8400268554688,5246.0
2025-10-13 09:15:00,946.8400268554688,947.280029296875,941.27001953125,945.530029296875,945.530029296875,11994.0
2025-10-14 09:15:00,946.52001953125,950.530029296875,939.0,941.8699951171875,941.8699951171875,6618.0
2025-10-15 09:15:00,944.97998046875,953.5,941.8900146484375,951.8200073242188,951.8200073242188,10200.0
2025-10-16 09:15:00,954.8800048828125,960.1699829101562,952.9000244140625,958.8800048828125,958.8800048828125,12958.0
2025-10-17 09:15:00,960.989990234375,967.97998046875,957.8099975585938,963.0800170898438,963.0800170898438,19952.0
2025-10-20 09:15:00,970.0,976.989990234375,965.4000244140625,975.1300048828125,975.1300048828125,27534.0
2025-10-21 09:15:00,975.3300170898438,981.010009765625,973.3900146484375,976.25,976.25,7165.0
2025-10-23 09:15:00,981.1300048828125,982.0,967.9299926757812,970.5999755859375,970.5999755859375,13044.0
2025-10-27 09:15:00,973.239990234375,988.0,971.0999755859375,983.2100219726562,983.2100219726562,21810.0
2025-10-28 09:15:00,1012.7100219726562,1012.7100219726562,978.969970703125,984.6900024414062,984.6900024414062,10552.0
2025-10-29 09:15:00,984.6900024414062,999.0999755859375,983.510009765625,995.9400024414062,995.9400024414062,17543.0
2025-10-30 09:15:00,999.6900024414062,999.6900024414062,987.469970703125,990.030029296875,990.030029296875,12825.0
2025-10-31 09:15:00,990.030029296875,993.260009765625,984.739990234375,985.9400024414062,985.9400024414062,8974.0
2025-11-03 09:15:00,989.0,990.0,982.4199829101562,988.969970703125,988.969970703125,10621.0
2025-11-04 09:15:00,988.030029296875,996.469970703125,985.0,986.2899780273438,986.2899780273438,10671.0
2025-11-06 09:15:00,986.2899780273438,990.780029296875,976.8300170898438,977.5999755859375,977.5999755859375,9359.0
2025-11-07 09:15:00,948.3200073242188,978.4500122070312,948.27001953125,968.8900146484375,968.8900146484375,15655.0
2025-11-10 09:15:00,973.72998046875,976.4099731445312,970.010009765625,972.3599853515625,972.3599853515625,7031.0
2025-11-11 09:15:00,975.5,983.0399780273438,969.1900024414062,979.489990234375,979.489990234375,8424.0
2025-11-12 09:15:00,984.989990234375,990.489990234375,981.22998046875,986.9500122070312,986.9500122070312,10292.0
2025-11-13 09:15:00,965.0999755859375,1009.0,957.3400268554688,994.0499877929688,994.0499877929688,14780.0
2025-11-14 09:15:00,995.1099853515625,996.0,986.4600219726562,992.3599853515625,992.3599853515625,7713.0
2025-11-17 09:15:00,992.3699951171875,999.0,990.239990234375,994.9400024414062,994.9400024414062,11635.0
2025-11-18 09:15:00,999.9099731445312,999.9099731445312,989.02001953125,991.4000244140625,991.4000244140625,8324.0
2025-11-19 09:15:00,989.1599731445312,997.25,987.9500122070312,995.739990234375,995.739990234375,5531.0
2025-11-20 09:15:00,1002.6699829101562,1002.6699829101562,995.010009765625,999.5599975585938,999.5599975585938,14609.0
2025-11-21 09:15:00,999.5499877929688,1002.969970703125,994.7100219726562,998.3400268554688,998.3400268554688,16104.0
2025-11-24 09:15:00,998.3200073242188,998.3200073242188,987.8900146484375,989.5499877929688,989.5499877929688,6722.0
2025-11-25 09:15:00,989.6500244140625,994.989990234375,986.0,990.8200073242188,990.8200073242188,6910.0
2025-11-26 09:15:00,990.8200073242188,1001.0,990.8200073242188,999.8499755859375,999.8499755859375,5649.0
2025-11-27 09:15:00,999.8499755859375,1003.989990234375,995.0800170898438,998.1799926757812,998.1799926757812,6624.0
2025-11-28 09:15:00,994.9099731445312,1001.97998046875,994.5,995.2100219726562,995.2100219726562,5802.0
2025-12-01 09:15:00,1000.1799926757812,1001.219970703125,992.4199829101562,995.780029296875,995.780029296875,14868.0
2025-12-02 09:15:00,998.469970703125,998.469970703125,988.0,991.0800170898438,991.0800170898438,4969.0
2025-12-03 09:15:00,994.9500122070312,994.9500122070312,978.6300048828125,982.6300048828125,982.6300048828125,10855.0
2025-12-04 09:15:00,982.6300048828125,986.8200073242188,978.8499755859375,982.5499877929688,982.5499877929688,6558.0
2025-12-05 09:15:00,982.5499877929688,990.0,972.3900146484375,983.5399780273438,983.5399780273438,12140.0
2025-12-08 09:15:00,986.489990234375,987.0,970.010009765625,974.47998046875,974.47998046875,12038.0
2025-12-09 09:15:00,972.75,983.010009765625,964.0,971.0,971.0,34905.0
2025-12-10 09:15:00,975.8499755859375,979.3099975585938,968.3499755859375,969.25,969.25,7314.0
2025-12-11 09:15:00,972.0,975.0,965.1500244140625,973.1699829101562,973.1699829101562,5484.0
2025-12-12 09:15:00,973.6699829101562,987.8699951171875,973.6599731445312,984.8400268554688,984.8400268554688,9041.0
2025-12-15 09:15:00,989.469970703125,989.469970703125,976.02001953125,984.0499877929688,984.0499877929688,11540.0
2025-12-16 09:15:00,985.5599975585938,986.8300170898438,977.1599731445312,979.2899780273438,979.2899780273438,9476.0
2025-12-17 09:15:00,984.260009765625,984.989990234375,977.1599731445312,981.0800170898438,981.0800170898438,7306.0
2025-12-18 09:15:00,978.0,980.8400268554688,972.1199951171875,977.4000244140625,977.4000244140625,4794.0
2025-12-19 09:15:00,985.8770751953125,985.8770751953125,985.8770751953125,985.8770751953125,985.8770751953125,0.0
2025-12-22 09:15:00,989.3800048828125,995.8800048828125,986.97998046875,995.010009765625,995.010009765625,23826.0
2025-12-23 09:15:00,992.1300048828125,999.5599975585938,989.719970703125,993.4199829101562,993.4199829101562,5772.0
2025-12-24 09:15:00,981.7999877929688,998.3599853515625,981.4600219726562,989.0900268554688,989.0900268554688,5726.0
2025-12-26 09:15:00,982.0800170898438,993.0499877929688,959.4199829101562,985.5499877929688,985.5499877929688,7585.0
2025-12-29 09:15:00,985.5499877929688,990.8599853515625,979.030029296875,980.25,980.25,13144.0
2025-12-30 09:15:00,980.0,985.8699951171875,975.5700073242188,978.5999755859375,978.5999755859375,8703.0
2025-12-31 09:15:00,982.0,993.52001953125,980.6900024414062,992.02001953125,992.02001953125,14925.0
2026-01-01 09:15:00,993.489990234375,1000.0,990.3699951171875,997.3499755859375,997.3499755859375,11039.0
2026-01-02 09:15:00,997.3499755859375,1010.0,997.0,1008.8599853515625,1008.8599853515625,36229.0
2026-01-05 09:15:00,1018.2999877929688,1018.2999877929688,999.1699829101562,1001.280029296875,1001.280029296875,23452.0
2026-01-06 09:15:00,1001.0,1006.280029296875,990.0,992.6799926757812,992.6799926757812,15605.0
2026-01-07 09:15:00,993.1500244140625,995.3800048828125,983.5,987.4400024414062,987.4400024414062,13311.0
2026-01-08 09:15:00,989.5999755859375,990.6599731445312,967.0,968.97998046875,968.97998046875,20918.0
2026-01-09 09:15:00,968.9000244140625,976.6400146484375,957.0399780273438,960.4099731445312,960.4099731445312,24066.0
2026-01-12 09:15:00,965.0,965.8499755859375,947.5,963.9299926757812,963.9299926757812,26997.0
2026-01-13 09:15:00,963.010009765625,966.6799926757812,946.2000122070312,952.8300170898438,952.8300170898438,37587.0
2026-01-14 09:15:00,954.3699951171875,958.7999877929688,945.3599853515625,956.5599975585938,956.5599975585938,18815.0
2026-01-15 09:00:00,956.5599975585938,956.5599975585938,956.5599975585938,956.5599975585938,956.5599975585938,0.0
2026-01-16 09:15:00,960.0,965.0,948.0999755859375,954.8200073242188,954.8200073242188,17672.0
2026-01-19 09:15:00,960.0,960.0,943.469970703125,947.1799926757812,947.1799926757812,27040.0
2026-01-20 09:15:00,947.1699829101562,948.280029296875,924.4600219726562,929.0399780273438,929.0399780273438,28228.0
2026-01-21 09:15:00,929.530029296875,936.5,916.030029296875,930.9600219726562,930.9600219726562,24775.0
2026-01-22 09:15:00,935.0,941.4299926757812,930.1799926757812,938.4299926757812,938.4299926757812,21000.0
2026-01-23 09:15:00,941.3099975585938,941.3099975585938,920.010009765625,921.9600219726562,921.9600219726562,20825.0
2026-01-27 09:15:00,926.5599975585938,930.6699829101562,917.22998046875,925.2899780273438,925.2899780273438,17696.0
2026-01-28 09:15:00,933.0,954.0,929.9199829101562,937.7100219726562,937.7100219726562,25896.0
2026-01-29 09:15:00,942.3900146484375,970.0,936.030029296875,947.719970703125,947.719970703125,21520.0
2026-01-30 09:15:00,945.4500122070312,946.989990234375,938.0,944.1599731445312,944.1599731445312,21315.0
2026-02-02 09:15:00,927.5,944.0,913.9299926757812,942.3900146484375,942.3900146484375,24562.0
2026-02-03 09:15:00,963.3400268554688,980.0999755859375,945.1300048828125,969.739990234375,969.739990234375,65952.0
2026-02-04 09:15:00,968.5,986.7899780273438,964.2899780273438,984.510009765625,984.510009765625,37261.0
2026-02-05 09:15:00,983.5,984.5599975585938,975.02001953125,978.6400146484375,978.6400146484375,18371.0
2026-02-06 09:15:00,978.6199951171875,986.260009765625,973.1799926757812,983.9299926757812,983.9299926757812,17086.0
2026-02-09 09:15:00,986.8800048828125,991.989990234375,984.2000122070312,990.0599975585938,990.0599975585938,28866.0
2026-02-10 09:15:00,991.989990234375,999.0399780273438,989.739990234375,993.5599975585938,993.5599975585938,21212.0
2026-02-11 09:15:00,996.5399780273438,999.6500244140625,991.0399780273438,997.1799926757812,997.1799926757812,16007.0
2026-02-12 09:15:00,998.3400268554688,999.8499755859375,992.010009765625,997.7000122070312,997.7000122070312,23560.0
2026-02-13 09:15:00,994.0,995.5800170898438,969.6699829101562,982.2000122070312,982.2000122070312,19039.0
2026-02-16 09:15:00,980.8099975585938,1000.0,978.4600219726562,997.02001953125,997.02001953125,13161.0
2026-02-17 09:15:00,991.489990234375,1000.0,991.3099975585938,998.6099853515625,998.6099853515625,15616.0
2026-02-18 09:15:00,998.780029296875,1004.52001953125,995.02001953125,1003.1900024414062,1003.1900024414062,19128.0
2026-02-19 09:15:00,1000.3200073242188,1006.6300048828125,981.6799926757812,986.9000244140625,986.9000244140625,16182.0
2026-02-20 09:15:00,997.75,997.75,984.3099975585938,995.0499877929688,995.0499877929688,15834.0
2026-02-23 09:15:00,1000.02001953125,1003.8900146484375,996.0,1000.489990234375,1000.489990234375,17260.0
2026-02-24 09:15:00,999.280029296875,1003.1900024414062,988.3400268554688,996.0,996.0,28325.0
2026-02-25 09:15:00,990.0,1004.0499877929688,988.7100219726562,992.3300170898438,992.3300170898438,17069.0
2026-02-26 09:15:00,999.3900146484375,999.3900146484375,990.0399780273438,996.6400146484375,996.6400146484375,18938.0
2026-02-27 09:15:00,996.6400146484375,996.6400146484375,981.0,984.4099731445312,984.4099731445312,13811.0
2026-03-02 09:15:00,984.4099731445312,984.4099731445312,951.02001953125,963.239990234375,963.239990234375,46461.0
2026-03-04 09:15:00,947.77001953125,947.77001953125,929.2100219726562,940.2100219726562,940.2100219726562,46399.0
2026-03-05 09:15:00,944.3300170898438,967.780029296875,944.1900024414062,961.7100219726562,961.7100219726562,22292.0
2026-03-06 09:15:00,952.4199829101562,962.3300170898438,951.5499877929688,954.6900024414062,954.6900024414062,17708.0
2026-03-09 09:15:00,949.6799926757812,949.9000244140625,921.75,935.4500122070312,935.4500122070312,59362.0
2026-03-10 09:15:00,949.989990234375,953.969970703125,937.969970703125,944.260009765625,944.260009765625,25993.0
2026-03-11 09:15:00,944.260009765625,949.1400146484375,929.4400024414062,933.3900146484375,933.3900146484375,19245.0
2026-03-12 09:15:00,930.2899780273438,935.989990234375,920.0,928.5599975585938,928.5599975585938,19003.0
2026-03-13 09:15:00,934.8900146484375,934.8900146484375,905.0,905.9199829101562,905.9199829101562,25820.0
2026-03-16 09:15:00,921.2999877929688,921.2999877929688,890.0999755859375,902.6400146484375,902.6400146484375,33434.0
2026-03-17 09:15:00,908.22998046875,920.0,905.0499877929688,915.6699829101562,915.6699829101562,18140.0
2026-03-18 09:15:00,920.239990234375,930.0,919.739990234375,926.7100219726562,926.7100219726562,34808.0
2026-03-19 09:15:00,915.75,924.2000122070312,898.9500122070312,908.489990234375,908.489990234375,21577.0
2026-03-20 09:15:00,911.1500244140625,919.97998046875,905.239990234375,907.4000244140625,907.4000244140625,10551.0
2026-03-23 09:15:00,905.260009765625,905.260009765625,881.0,889.5599975585938,889.5599975585938,24459.0
2026-03-24 09:15:00,899.77001953125,907.3200073242188,888.010009765625,902.530029296875,902.530029296875,14075.0
2026-03-25 09:15:00,908.97998046875,924.8900146484375,902.0,918.25,918.25,16475.0
2026-03-27 09:15:00,891.2999877929688,916.2000122070312,891.2999877929688,910.969970703125,910.969970703125,24093.0
2026-03-30 09:15:00,891.4099731445312,895.280029296875,882.0,885.0599975585938,885.0599975585938,36432.0
2026-04-01 09:15:00,890.4000244140625,907.5599975585938,890.3900146484375,900.1599731445312,900.1599731445312,14163.0
2026-04-02 09:15:00,890.0,895.010009765625,871.3499755859375,892.9000244140625,892.9000244140625,37273.0
2026-04-06 09:15:00,897.3099975585938,897.3099975585938,877.5,895.3099975585938,895.3099975585938,19570.0
2026-04-07 09:15:00,895.3099975585938,900.989990234375,884.1500244140625,899.3699951171875,899.3699951171875,9421.0
2026-04-08 09:15:00,920.0,936.8499755859375,918.3099975585938,934.3800048828125,934.3800048828125,34912.0
2026-04-09 09:15:00,943.0700073242188,943.0700073242188,924.4000244140625,928.5399780273438,928.5399780273438,19120.0
2026-04-10 09:15:00,934.5499877929688,942.0,932.719970703125,939.8400268554688,939.8400268554688,15159.0
2026-04-13 09:15:00,938.7999877929688,938.7999877929688,916.5599975585938,932.27001953125,932.27001953125,13449.0
2026-04-15 09:15:00,943.760009765625,954.77001953125,943.760009765625,952.3300170898438,952.3300170898438,22941.0
2026-04-16 09:15:00,957.0999755859375,959.7000122070312,947.0700073242188,954.2100219726562,954.2100219726562,17449.0
2026-04-17 09:15:00,953.0,962.0,950.4299926757812,961.0499877929688,961.0499877929688,18302.0
2026-04-20 09:15:00,962.760009765625,964.0,954.3200073242188,958.4500122070312,958.4500122070312,13676.0
2026-04-21 09:15:00,963.239990234375,968.9500122070312,959.5800170898438,962.77001953125,962.77001953125,9741.0
2026-04-22 09:15:00,961.97998046875,968.0900268554688,961.0499877929688,963.3800048828125,963.3800048828125,11622.0
2026-04-23 09:15:00,962.0,964.5700073242188,954.6500244140625,959.0399780273438,959.0399780273438,12364.0
2026-04-24 09:15:00,964.0399780273438,966.8699951171875,949.02001953125,954.530029296875,954.530029296875,11816.0
2026-04-27 09:15:00,959.510009765625,967.3200073242188,956.52001953125,964.4600219726562,964.4600219726562,13083.0
2026-04-28 09:15:00,966.0999755859375,971.9000244140625,965.489990234375,968.2000122070312,968.2000122070312,13717.0
2026-04-29 09:15:00,972.4000244140625,984.0,972.4000244140625,976.6500244140625,976.6500244140625,19046.0
2026-04-30 09:15:00,1001.0599975585938,1001.0599975585938,959.2999877929688,970.1199951171875,970.1199951171875,14815.0
2026-05-01 09:15:00,970.1199951171875,970.1199951171875,970.1199951171875,970.1199951171875,970.1199951171875,0.0
2026-05-04 09:15:00,979.489990234375,982.1300048828125,973.0,975.0,975.0,10669.0
2026-05-05 09:15:00,972.1300048828125,977.4199829101562,966.7999877929688,974.5999755859375,974.5999755859375,9850.0
2026-05-06 09:15:00,976.25,979.6599731445312,966.0,975.7000122070312,975.7000122070312,38804.0
2026-05-07 09:15:00,979.8200073242188,982.6099853515625,973.6900024414062,978.3800048828125,978.3800048828125,17717.0
2026-05-08 09:15:00,978.3800048828125,982.0,972.2100219726562,977.4000244140625,977.4000244140625,16286.0
2026-05-11 09:15:00,995.0,995.0,960.0,961.969970703125,961.969970703125,15579.0
2026-05-12 09:15:00,960.8200073242188,962.2000122070312,941.77001953125,943.9600219726562,943.9600219726562,15823.0
2026-05-13 09:15:00,943.9600219726562,955.7899780273438,937.3499755859375,950.239990234375,950.239990234375,21152.0
2026-05-14 09:15:00,956.0,968.0,955.02001953125,966.3900146484375,966.3900146484375,7670.0
2026-05-15 09:15:00,966.47998046875,969.5599975585938,960.0,962.780029296875,962.780029296875,6497.0
2026-05-18 09:15:00,968.0,968.0,947.010009765625,956.77001953125,956.77001953125,8450.0
2026-05-19 09:15:00,963.77001953125,963.77001953125,953.0499877929688,954.22998046875,954.22998046875,5343.0
2026-05-20 09:15:00,949.4600219726562,963.989990234375,948.27001953125,962.9199829101562,962.9199829101562,9126.0
2026-05-21 09:15:00,969.9000244140625,974.0499877929688,963.22998046875,965.27001953125,965.27001953125,8067.0
2026-05-22 09:15:00,965.27001953125,969.1199951171875,963.0599975585938,964.219970703125,964.219970703125,6734.0
2026-05-25 09:15:00,972.0,977.0999755859375,971.5,973.7899780273438,973.7899780273438,11143.0
2026-05-26 09:15:00,972.489990234375,975.9199829101562,968.530029296875,970.010009765625,970.010009765625,7385.0
2026-05-27 09:15:00,970.3599853515625,980.0,970.3599853515625,978.72998046875,978.72998046875,15773.0
2026-05-28 09:15:00,978.72998046875,978.72998046875,978.72998046875,978.72998046875,978.72998046875,0.0
2026-05-29 09:15:00,982.4500122070312,982.4500122070312,951.1599731445312,965.8099975585938,965.8099975585938,12973.0
2026-06-01 09:15:00,970.6300048828125,972.239990234375,951.0,954.6199951171875,954.6199951171875,9283.0
2026-06-02 09:15:00,950.3800048828125,958.0,940.0599975585938,953.780029296875,953.780029296875,11232.0
2026-06-03 09:15:00,953.2000122070312,956.9099731445312,943.0,953.5399780273438,953.5399780273438,9115.0
2026-06-04 09:15:00,954.9400024414062,954.9400024414062,946.1599731445312,952.219970703125,952.219970703125,7264.0
2026-06-05 09:15:00,958.989990234375,958.989990234375,944.0999755859375,948.6400146484375,948.6400146484375,6415.0
2026-06-08 09:15:00,946.5999755859375,946.5999755859375,935.0,940.010009765625,940.010009765625,9882.0
2026-06-09 09:15:00,944.969970703125,945.0,938.010009765625,943.72998046875,943.72998046875,3920.0
2026-06-10 09:15:00,943.7000122070312,947.6199951171875,934.9000244140625,936.8699951171875,936.8699951171875,3853.0
2026-06-11 09:15:00,932.1900024414062,936.8699951171875,928.8699951171875,930.6699829101562,930.6699829101562,6399.0
2026-06-12 09:15:00,942.5499877929688,954.0,937.3599853515625,952.739990234375,952.739990234375,16684.0
2026-06-15 09:15:00,974.4000244140625,974.4000244140625,960.9199829101562,965.97998046875,965.97998046875,10580.0
2026-06-16 09:15:00,978.2999877929688,978.2999877929688,967.2000122070312,971.3900146484375,971.3900146484375,10157.0
2026-06-17 09:15:00,978.2899780273438,980.0,970.2100219726562,977.7000122070312,977.7000122070312,6183.0
2026-06-18 09:15:00,988.2999877929688,988.2999877929688,972.5,979.530029296875,979.530029296875,11487.0
2026-06-19 09:15:00,984.989990234375,985.0,974.0499877929688,981.3200073242188,981.3200073242188,16103.0
2026-06-22 09:15:00,981.4099731445312,986.989990234375,981.4000244140625,985.1799926757812,985.1799926757812,9625.0
2026-06-23 09:15:00,987.6400146484375,989.6900024414062,972.0,976.239990234375,976.239990234375,9353.0
2026-06-24 09:15:00,975.75,981.3499755859375,971.6699829101562,979.260009765625,979.260009765625,6577.0
2026-06-25 09:15:00,979.260009765625,985.719970703125,976.7999877929688,978.27001953125,978.27001953125,6514.0
2026-06-26 09:15:00,978.27001953125,978.27001953125,978.27001953125,978.27001953125,978.27001953125,0.0
2026-06-29 09:15:00,979.1300048828125,979.8200073242188,968.0599975585938,971.1099853515625,971.1099853515625,7191.0
2026-06-30 09:15:00,984.3900146484375,984.3900146484375,967.3099975585938,969.1799926757812,969.1799926757812,3960.0
2026-07-01 09:15:00,969.52001953125,978.0,968.4299926757812,975.9000244140625,975.9000244140625,5809.0
2026-07-02 09:15:00,976.0499877929688,978.8099975585938,970.8099975585938,977.1400146484375,977.1400146484375,4407.0
2026-07-03 09:15:00,982.02001953125,982.989990234375,976.02001953125,979.5999755859375,979.5999755859375,6385.0
2026-07-06 09:15:00,982.5,993.5,975.0,981.6400146484375,981.6400146484375,4397.0
2026-07-07 09:15:00,985.9099731445312,986.5399780273438,976.010009765625,979.3300170898438,979.3300170898438,5351.0
2026-07-08 09:15:00,976.4000244140625,976.5,952.8099975585938,956.6099853515625,956.6099853515625,15632.0
2026-07-09 09:15:00,960.1599731445312,968.7899780273438,960.1199951171875,962.030029296875,962.030029296875,12704.0
2026-07-10 09:15:00,966.989990234375,978.5,966.989990234375,972.4500122070312,972.4500122070312,7055.0
2026-07-13 09:15:00,972.4500122070312,973.0,965.2999877929688,969.3499755859375,969.3499755859375,4569.0
2026-07-14 09:15:00,965.0,967.6900024414062,960.6199951171875,965.8499755859375,965.8499755859375,4984.0
2026-07-15 09:15:00,966.75,972.8800048828125,960.8499755859375,963.0999755859375,963.0999755859375,4306.0
2026-07-16 09:15:00,963.8300170898438,969.9000244140625,959.6199951171875,960.8300170898438,960.8300170898438,13320.0
2026-07-17 09:15:00,961.0900268554688,970.4600219726562,961.0900268554688,967.3099975585938,967.3099975585938,7950.0
2026-07-20 09:15:00,967.489990234375,975.0,967.3099975585938,974.0499877929688,974.0499877929688,20014.0
2026-07-21 09:15:00,975.0,979.2899780273438,970.0,974.1799926757812,974.1799926757812,9530.0
2026-07-22 09:15:00,969.3099975585938,974.1799926757812,965.0,965.6699829101562,965.6699829101562,9417.0
2026-07-23 09:15:00,965.6699829101562,966.9400024414062,954.4500122070312,958.2999877929688,958.2999877929688,5787.0
2026-07-24 09:15:00,956.8900146484375,960.0,947.0,957.260009765625,957.260009765625,6028.0
2026-07-27 09:15:00,957.260009765625,974.0,952.469970703125,963.3400268554688,963.3400268554688,6686.0
2026-07-28 09:15:00,960.75,964.3599853515625,955.8900146484375,960.010009765625,960.010009765625,8166.0
2026-07-29 09:15:00,953.2999877929688,968.0999755859375,953.2999877929688,964.8599853515625,964.8599853515625,4057.0
2026-07-30 09:15:00,964.8599853515625,975.0,960.9099731445312,968.7100219726562,968.7100219726562,5675.0
2026-07-31 09:15:00,965.7999877929688,972.8699951171875,965.7999877929688,971.969970703125,971.969970703125,8422.0
2026-08-03 09:15:00,975.6599731445312,980.8800048828125,965.2000122070312,972.0700073242188,972.0700073242188,8431.0
2026-08-04 09:15:00,976.9400024414062,979.72998046875,959.9000244140625,968.52001953125,968.52001953125,6605.0
2026-08-05 09:15:00,981.5,987.8099975585938,971.3200073242188,974.1500244140625,974.1500244140625,5036.0
2026-08-06 09:15:00,974.1099853515625,979.5700073242188,974.1099853515625,977.3599853515625,977.3599853515625,4864.0
2026-08-07 09:15:00,977.3599853515625,983.3599853515625,975.5499877929688,982.8400268554688,982.8400268554688,13520.0
2026-08-10 09:15:00,982.8400268554688,986.7899780273438,978.5499877929688,980.5999755859375,980.5999755859375,11517.0
2026-08-11 09:15:00,980.5999755859375,980.5999755859375,968.8599853515625,973.02001953125,973.02001953125,12748.0
2026-08-12 09:15:00,973.02001953125,974.6099853515625,963.030029296875,968.739990234375,968.739990234375,11408.0
2026-08-13 09:15:00,974.3699951171875,974.3699951171875,967.0,968.219970703125,968.219970703125,3283.0
2026-08-14 09:15:00,968.219970703125,979.0,967.8800048828125,976.9299926757812,976.9299926757812,9130.0
2026-08-17 09:15:00,976.9299926757812,980.1500244140625,969.4000244140625,977.7899780273438,977.7899780273438,10380.0
2026-08-18 09:15:00,977.7999877929688,977.7999877929688,970.3599853515625,973.6799926757812,973.6799926757812,4375.0
2026-08-19 09:15:00,970.0,971.719970703125,958.0,963.989990234375,963.989990234375,10407.0
2026-08-20 09:15:00,964.8200073242188,969.6500244140625,963.989990234375,968.010009765625,968.010009765625,3920.0
2026-08-21 09:15:00,968.010009765625,976.0,964.530029296875,969.5700073242188,969.5700073242188,3996.0
2026-08-24 09:15:00,976.8599853515625,976.8599853515625,963.0,966.0999755859375,966.0999755859375,10925.0
2026-08-25 09:15:00,967.8099975585938,971.0,961.27001953125,968.1699829101562,968.1699829101562,5971.0
2026-08-26 09:15:00,973.010009765625,973.4199829101562,963.510009765625,965.0900268554688,965.0900268554688,6395.0
2026-08-27 09:15:00,966.489990234375,966.489990234375,958.0,959.2000122070312,959.2000122070312,11612.0
2026-08-28 09:15:00,959.2000122070312,962.8400268554688,951.27001953125,955.8699951171875,955.8699951171875,14984.0
2026-08-31 09:15:00,960.6500244140625,960.6500244140625,947.7100219726562,953.219970703125,953.219970703125,7194.0
2026-09-01 09:15:00,953.219970703125,957.97998046875,947.0,950.4000244140625,950.4000244140625,16687.0
2026-09-02 09:15:00,950.4000244140625,954.989990234375,943.030029296875,953.530029296875,953.530029296875,12570.0
2026-09-03 09:15:00,958.2999877929688,958.2999877929688,951.5,954.280029296875,954.280029296875,3722.0
2026-09-04 09:15:00,954.3800048828125,958.6300048828125,952.5399780273438,956.4500122070312,956.4500122070312,3516.0
2026-09-07 09:15:00,969.0,969.0,947.7000122070312,949.47998046875,949.47998046875,6435.0
2026-09-08 09:15:00,949.47998046875,951.0700073242188,943.8900146484375,947.27001953125,947.27001953125,5487.0
2026-09-09 09:15:00,947.27001953125,949.260009765625,941.4099731445312,944.3200073242188,944.3200073242188,12145.0
2026-09-10 09:15:00,944.3200073242188,947.4299926757812,940.5,944.9000244140625,944.9000244140625,3893.0
2026-09-11 09:15:00,943.8400268554688,946.6900024414062,934.7000122070312,943.6500244140625,943.6500244140625,5078.0
2026-09-14 09:15:00,943.6500244140625,943.6500244140625,943.6500244140625,943.6500244140625,943.6500244140625,0.0
2026-09-15 09:15:00,938.9299926757812,948.3699951171875,920.0,925.8499755859375,925.8499755859375,14798.0
2026-09-16 09:15:00,928.75,928.75,918.6500244140625,926.010009765625,926.010009765625,12156.0
2026-09-17 09:15:00,930.6400146484375,933.969970703125,924.030029296875,928.6300048828125,928.6300048828125,6160.0
2026-09-18 09:15:00,933.5999755859375,938.0,931.3699951171875,935.6199951171875,935.6199951171875,5322.0
2026-09-21 09:15:00,935.6199951171875,941.8699951171875,934.0,936.2899780273438,936.2899780273438,11294.0
2026-09-22 09:15:00,940.969970703125,944.469970703125,929.8800048828125,931.6400146484375,931.6400146484375,7995.0
2026-09-23 09:15:00,933.1699829101562,940.0,933.1500244140625,937.7899780273438,937.7899780273438,10040.0
2026-09-24 09:15:00,937.7899780273438,938.8099975585938,924.0,926.97998046875,926.97998046875,12622.0
2026-09-25 09:15:00,926.97998046875,940.0,920.2999877929688,929.4500122070312,929.4500122070312,10349.0
2026-09-28 09:15:00,934.0999755859375,934.0999755859375,910.8699951171875,911.989990234375,911.989990234375,15670.0
2026-09-29 09:15:00,911.989990234375,911.989990234375,900.22998046875,908.5499877929688,908.5499877929688,10881.0
2026-09-30 09:15:00,911.5,913.0900268554688,900.0,903.010009765625,903.010009765625,8740.0
