Date,Open,High,Low,Close,Adj_Close,Volume
2022-03-02 09:15:00,34.900001525878906,34.900001525878906,34.34000015258789,34.599998474121094,34.599998474121094,884919.0
2022-03-03 09:15:00,34.75,35.22999954223633,34.599998474121094,34.970001220703125,34.970001220703125,4416396.0
2022-03-04 09:15:00,34.970001220703125,35.2599983215332,34.31999969482422,34.9900016784668,34.9900016784668,1226885.0
2022-03-07 09:15:00,34.869998931884766,35.119998931884766,34.119998931884766,34.939998626708984,34.939998626708984,2052369.0
2022-03-08 09:15:00,34.939998626708984,35.849998474121094,34.66999816894531,35.7599983215332,35.7599983215332,1497036.0
2022-03-09 09:15:00,36.150001525878906,36.4900016784668,35.900001525878906,36.310001373291016,36.310001373291016,1444548.0
2022-03-10 09:15:00,36.5,36.880001068115234,36.099998474121094,36.279998779296875,36.279998779296875,1138055.0
2022-03-11 09:15:00,36.54999923706055,36.54999923706055,35.7400016784668,36.099998474121094,36.099998474121094,845356.0
2022-03-14 09:15:00,36.2400016784668,36.97999954223633,35.900001525878906,36.75,36.75,1681542.0
2022-03-15 09:15:00,37.0,37.099998474121094,35.900001525878906,36.0099983215332,36.0099983215332,1250136.0
2022-03-16 09:15:00,36.25,36.599998474121094,36.11000061035156,36.45000076293945,36.45000076293945,12443682.0
2022-03-17 09:15:00,36.5099983215332,37.0,36.349998474121094,36.529998779296875,36.529998779296875,3866479.0
2022-03-21 09:15:00,36.93000030517578,37.029998779296875,36.220001220703125,36.290000915527344,36.290000915527344,1033446.0
2022-03-22 09:15:00,36.900001525878906,36.900001525878906,36.02000045776367,36.84000015258789,36.84000015258789,1001351.0
2022-03-23 09:15:00,37.0,37.150001525878906,36.70000076293945,36.900001525878906,36.900001525878906,987874.0
2022-03-24 09:15:00,37.0,37.36000061035156,36.720001220703125,37.310001373291016,37.310001373291016,1642035.0
2022-03-25 09:15:00,37.5,37.5,36.849998474121094,36.95000076293945,36.95000076293945,1032413.0
2022-03-28 09:15:00,36.95000076293945,37.290000915527344,36.599998474121094,36.91999816894531,36.91999816894531,503436.0
2022-03-29 09:15:00,37.0,37.189998626708984,36.75,36.939998626708984,36.939998626708984,411975.0
2022-03-30 09:15:00,37.25,37.349998474121094,36.900001525878906,37.290000915527344,37.290000915527344,818348.0
2022-03-31 09:15:00,39.959999084472656,39.959999084472656,37.11000061035156,37.2400016784668,37.2400016784668,1099063.0
2022-04-01 09:15:00,37.2400016784668,37.45000076293945,36.5,37.209999084472656,37.209999084472656,2713831.0
2022-04-04 09:15:00,38.68000030517578,38.68000030517578,37.0,37.310001373291016,37.310001373291016,862544.0
2022-04-05 09:15:00,37.29999923706055,37.599998474121094,37.29999923706055,37.380001068115234,37.380001068115234,907861.0
2022-04-06 09:15:00,37.5,37.59000015258789,36.68000030517578,36.720001220703125,36.720001220703125,7060204.0
2022-04-07 09:15:00,36.9900016784668,36.9900016784668,36.25,36.31999969482422,36.31999969482422,1212225.0
2022-04-08 09:15:00,36.689998626708984,36.689998626708984,36.119998931884766,36.31999969482422,36.31999969482422,1469863.0
2022-04-11 09:15:00,36.599998474121094,37.09000015258789,35.72999954223633,35.79999923706055,35.79999923706055,2256108.0
2022-04-12 09:15:00,39.43000030517578,39.43000030517578,35.06999969482422,35.25,35.25,2113016.0
2022-04-13 09:15:00,36.83000183105469,36.83000183105469,35.040000915527344,35.099998474121094,35.099998474121094,2516945.0
2022-04-18 09:15:00,35.0,35.0,33.45000076293945,33.630001068115234,33.630001068115234,9224396.0
2022-04-19 09:15:00,37.70000076293945,37.70000076293945,32.380001068115234,32.59000015258789,32.59000015258789,5452837.0
2022-04-20 09:15:00,33.11000061035156,33.25,32.5,32.869998931884766,32.869998931884766,3069963.0
2022-04-21 09:15:00,33.0,33.54999923706055,32.869998931884766,33.43000030517578,33.43000030517578,1338540.0
2022-04-22 09:15:00,34.060001373291016,34.060001373291016,33.0,33.25,33.25,872613.0
2022-04-25 09:15:00,33.5,33.79999923706055,32.439998626708984,32.56999969482422,32.56999969482422,2019678.0
2022-04-26 09:15:00,32.880001068115234,33.09000015258789,32.47999954223633,32.529998779296875,32.529998779296875,2649166.0
2022-04-27 09:15:00,32.72999954223633,32.72999954223633,31.989999771118164,32.380001068115234,32.380001068115234,6906980.0
2022-04-28 09:15:00,32.650001525878906,32.97999954223633,32.25,32.720001220703125,32.720001220703125,4275821.0
2022-04-29 09:15:00,32.720001220703125,33.20000076293945,32.369998931884766,32.45000076293945,32.45000076293945,2901582.0
2022-05-02 09:15:00,32.4900016784668,32.4900016784668,31.760000228881836,31.969999313354492,31.969999313354492,2213670.0
2022-05-04 09:15:00,32.20000076293945,32.290000915527344,31.5,31.600000381469727,31.600000381469727,1931849.0
2022-05-05 09:15:00,31.799999237060547,32.29999923706055,31.649999618530273,32.25,32.25,1117648.0
2022-05-06 09:15:00,32.0,32.20000076293945,31.020000457763672,31.549999237060547,31.549999237060547,2992538.0
2022-05-09 09:15:00,31.229999542236328,31.760000228881836,30.829999923706055,31.579999923706055,31.579999923706055,1413564.0
2022-05-10 09:15:00,32.0,32.0,31.100000381469727,31.200000762939453,31.200000762939453,905508.0
2022-05-11 09:15:00,33.0,36.68000030517578,30.399999618530273,30.8799991607666,30.8799991607666,1596371.0
2022-05-12 09:15:00,31.139999389648438,31.139999389648438,30.0,30.639999389648438,30.639999389648438,1982983.0
2022-05-13 09:15:00,31.59000015258789,31.59000015258789,30.299999237060547,30.420000076293945,30.420000076293945,1796966.0
2022-05-16 09:15:00,35.880001068115234,35.880001068115234,30.06999969482422,30.200000762939453,30.200000762939453,1268623.0
2022-05-17 09:15:00,30.399999618530273,31.059999465942383,30.200000762939453,30.969999313354492,30.969999313354492,1498791.0
2022-05-18 09:15:00,30.969999313354492,32.029998779296875,30.850000381469727,30.90999984741211,30.90999984741211,1134833.0
2022-05-19 09:15:00,31.0,31.0,29.0,29.110000610351562,29.110000610351562,5069988.0
2022-05-20 09:15:00,29.149999618530273,29.8799991607666,29.149999618530273,29.56999969482422,29.56999969482422,1045906.0
2022-05-23 09:15:00,29.8700008392334,30.059999465942383,29.420000076293945,29.860000610351562,29.860000610351562,1282649.0
2022-05-24 09:15:00,32.810001373291016,32.810001373291016,29.200000762939453,29.309999465942383,29.309999465942383,989734.0
2022-05-25 09:15:00,29.489999771118164,29.489999771118164,28.219999313354492,28.3799991607666,28.3799991607666,4012088.0
2022-05-26 09:15:00,28.889999389648438,28.889999389648438,28.010000228881836,28.729999542236328,28.729999542236328,1922520.0
2022-05-27 09:15:00,29.8799991607666,29.8799991607666,28.940000534057617,29.3700008392334,29.3700008392334,2243968.0
2022-05-30 09:15:00,30.5,30.729999542236328,29.649999618530273,30.549999237060547,30.549999237060547,3182273.0
2022-05-31 09:15:00,32.0,33.0,30.1299991607666,30.6200008392334,30.6200008392334,5286646.0
2022-06-01 09:15:00,30.6299991607666,30.8799991607666,30.0,30.15999984741211,30.15999984741211,1783539.0
2022-06-02 09:15:00,30.299999237060547,30.780000686645508,30.040000915527344,30.739999771118164,30.739999771118164,2088521.0
2022-06-03 09:15:00,34.68000030517578,34.68000030517578,30.700000762939453,30.790000915527344,30.790000915527344,4467277.0
2022-06-06 09:15:00,28.209999084472656,31.290000915527344,28.209999084472656,30.760000228881836,30.760000228881836,1024809.0
2022-06-07 09:15:00,30.690000534057617,30.690000534057617,30.110000610351562,30.280000686645508,30.280000686645508,1153771.0
2022-06-08 09:15:00,29.649999618530273,30.489999771118164,29.649999618530273,30.3799991607666,30.3799991607666,761239.0
2022-06-09 09:15:00,30.3799991607666,30.719999313354492,30.049999237060547,30.610000610351562,30.610000610351562,692827.0
2022-06-10 09:15:00,30.389999389648438,30.389999389648438,29.950000762939453,30.059999465942383,30.059999465942383,1724939.0
2022-06-13 09:15:00,30.059999465942383,30.059999465942383,28.700000762939453,28.81999969482422,28.81999969482422,3994367.0
2022-06-14 09:15:00,33.209999084472656,33.209999084472656,28.549999237060547,28.829999923706055,28.829999923706055,1924452.0
2022-06-15 09:15:00,29.0,29.170000076293945,28.709999084472656,28.739999771118164,28.739999771118164,1071766.0
2022-06-16 09:15:00,29.0,29.290000915527344,27.899999618530273,28.010000228881836,28.010000228881836,3490595.0
2022-06-17 09:15:00,27.989999771118164,27.989999771118164,27.299999237060547,27.600000381469727,27.600000381469727,3890130.0
2022-06-20 09:15:00,29.040000915527344,29.040000915527344,27.389999389648438,27.809999465942383,27.809999465942383,8900147.0
2022-06-21 09:15:00,28.0,29.18000030517578,28.0,28.690000534057617,28.690000534057617,2786080.0
2022-06-22 09:15:00,28.860000610351562,28.8799991607666,28.299999237060547,28.3799991607666,28.3799991607666,1641608.0
2022-06-23 09:15:00,28.75,29.200000762939453,28.3799991607666,28.979999542236328,28.979999542236328,1733171.0
2022-06-24 09:15:00,29.25,29.290000915527344,28.40999984741211,28.639999389648438,28.639999389648438,4769472.0
2022-06-27 09:15:00,28.639999389648438,29.399999618530273,28.639999389648438,29.219999313354492,29.219999313354492,1457984.0
2022-06-28 09:15:00,29.5,29.5,28.709999084472656,29.329999923706055,29.329999923706055,999787.0
2022-06-29 09:15:00,29.600000381469727,29.600000381469727,28.5,29.010000228881836,29.010000228881836,959477.0
2022-06-30 09:15:00,29.280000686645508,29.280000686645508,28.5,28.649999618530273,28.649999618530273,8471537.0
2022-07-01 09:15:00,28.75,29.040000915527344,28.399999618530273,28.799999237060547,28.799999237060547,5810243.0
2022-07-04 09:15:00,28.799999237060547,29.0,28.489999771118164,28.709999084472656,28.709999084472656,1442284.0
2022-07-05 09:15:00,28.90999984741211,29.1200008392334,28.530000686645508,28.56999969482422,28.56999969482422,7514373.0
2022-07-06 09:15:00,28.75,29.0,28.43000030517578,28.8799991607666,28.8799991607666,1430239.0
2022-07-07 09:15:00,29.0,29.299999237060547,28.940000534057617,29.079999923706055,29.079999923706055,979338.0
2022-07-08 09:15:00,29.25,29.299999237060547,29.0,29.139999389648438,29.139999389648438,6109965.0
2022-07-11 09:15:00,29.0,29.0,28.1200008392334,28.299999237060547,28.299999237060547,3915442.0
2022-07-12 09:15:00,28.25,28.5,27.940000534057617,27.979999542236328,27.979999542236328,5267317.0
2022-07-13 09:15:00,28.0,28.25,27.799999237060547,27.8700008392334,27.8700008392334,1479222.0
2022-07-14 09:15:00,28.0,28.149999618530273,27.18000030517578,27.43000030517578,27.43000030517578,8490117.0
2022-07-15 09:15:00,27.5,27.59000015258789,27.100000381469727,27.399999618530273,27.399999618530273,2817705.0
2022-07-18 09:15:00,27.5,28.299999237060547,27.5,28.25,28.25,2630126.0
2022-07-19 09:15:00,28.5,28.5,27.850000381469727,28.260000228881836,28.260000228881836,1654743.0
2022-07-20 09:15:00,28.5,29.100000381469727,28.5,29.049999237060547,29.049999237060547,11306543.0
2022-07-21 09:15:00,29.049999237060547,29.420000076293945,28.899999618530273,29.31999969482422,29.31999969482422,1723345.0
2022-07-22 09:15:00,29.299999237060547,29.600000381469727,28.899999618530273,29.190000534057617,29.190000534057617,2033800.0
2022-07-25 09:15:00,29.25,29.31999969482422,28.899999618530273,29.239999771118164,29.239999771118164,1961343.0
2022-07-26 09:15:00,29.25,29.25,28.399999618530273,28.440000534057617,28.440000534057617,2843569.0
2022-07-27 09:15:00,28.5,28.8799991607666,28.329999923706055,28.84000015258789,28.84000015258789,1345790.0
2022-07-28 09:15:00,29.059999465942383,29.75,29.059999465942383,29.690000534057617,29.690000534057617,4244782.0
2022-07-29 09:15:00,30.280000686645508,30.389999389648438,29.8799991607666,30.139999389648438,30.139999389648438,2890077.0
2022-08-01 09:15:00,30.25,30.5,30.0,30.260000228881836,30.260000228881836,1630276.0
2022-08-02 09:15:00,30.260000228881836,30.260000228881836,29.90999984741211,30.059999465942383,30.059999465942383,1471059.0
2022-08-03 09:15:00,30.200000762939453,30.56999969482422,29.920000076293945,30.520000457763672,30.520000457763672,2985852.0
2022-08-04 09:15:00,30.600000381469727,31.049999237060547,30.270000457763672,30.809999465942383,30.809999465942383,4038878.0
2022-08-05 09:15:00,31.0,31.15999984741211,30.81999969482422,31.030000686645508,31.030000686645508,2452979.0
2022-08-08 09:15:00,31.25,31.25,30.719999313354492,30.979999542236328,30.979999542236328,5268005.0
2022-08-10 09:15:00,31.18000030517578,31.18000030517578,30.520000457763672,30.709999084472656,30.709999084472656,4279551.0
2022-08-11 09:15:00,31.0,31.479999542236328,31.0,31.270000457763672,31.270000457763672,3070770.0
2022-08-12 09:15:00,31.709999084472656,31.709999084472656,30.899999618530273,30.989999771118164,30.989999771118164,2132283.0
2022-08-16 09:15:00,31.200000762939453,31.790000915527344,30.90999984741211,31.010000228881836,31.010000228881836,1455860.0
2022-08-17 09:15:00,31.200000762939453,31.420000076293945,30.920000076293945,31.34000015258789,31.34000015258789,3921077.0
2022-08-18 09:15:00,31.290000915527344,31.290000915527344,31.0,31.139999389648438,31.139999389648438,2176456.0
2022-08-19 09:15:00,31.950000762939453,31.950000762939453,30.979999542236328,31.100000381469727,31.100000381469727,3088197.0
2022-08-22 09:15:00,31.200000762939453,31.200000762939453,30.479999542236328,30.5,30.5,3013629.0
2022-08-23 09:15:00,30.75,30.75,29.799999237060547,30.0,30.0,4633765.0
2022-08-24 09:15:00,30.149999618530273,30.280000686645508,29.81999969482422,29.920000076293945,29.920000076293945,3563751.0
2022-08-25 09:15:00,31.149999618530273,31.149999618530273,29.65999984741211,29.700000762939453,29.700000762939453,8440759.0
2022-08-26 09:15:00,30.0,30.100000381469727,29.719999313354492,29.770000457763672,29.770000457763672,2104871.0
2022-08-29 09:15:00,29.25,29.350000381469727,28.110000610351562,28.670000076293945,28.670000076293945,8977849.0
2022-08-30 09:15:00,28.899999618530273,29.479999542236328,28.799999237060547,29.40999984741211,29.40999984741211,2625519.0
2022-09-01 09:15:00,30.75,30.75,28.780000686645508,28.920000076293945,28.920000076293945,6255360.0
2022-09-02 09:15:00,29.100000381469727,29.3799991607666,28.760000228881836,28.780000686645508,28.780000686645508,3515216.0
2022-09-05 09:15:00,30.739999771118164,30.739999771118164,28.709999084472656,28.860000610351562,28.860000610351562,2453066.0
2022-09-06 09:15:00,28.950000762939453,28.950000762939453,28.610000610351562,28.770000457763672,28.770000457763672,2648047.0
2022-09-07 09:15:00,29.0,29.0,28.540000915527344,28.899999618530273,28.899999618530273,3546303.0
2022-09-08 09:15:00,29.68000030517578,29.68000030517578,28.899999618530273,29.1200008392334,29.1200008392334,2236225.0
2022-09-09 09:15:00,29.1200008392334,29.889999389648438,29.1200008392334,29.799999237060547,29.799999237060547,5269564.0
2022-09-12 09:15:00,30.0,30.350000381469727,29.920000076293945,30.229999542236328,30.229999542236328,8053605.0
2022-09-13 09:15:00,30.770000457763672,30.780000686645508,30.110000610351562,30.209999084472656,30.209999084472656,5241356.0
2022-09-14 09:15:00,30.200000762939453,30.200000762939453,29.149999618530273,29.209999084472656,29.209999084472656,16271974.0
2022-09-15 09:15:00,29.34000015258789,29.399999618530273,28.709999084472656,28.790000915527344,28.790000915527344,9477427.0
2022-09-16 09:15:00,28.770000457763672,28.770000457763672,27.649999618530273,27.739999771118164,27.739999771118164,18047742.0
2022-09-19 09:15:00,33.720001220703125,33.720001220703125,27.5,27.81999969482422,27.81999969482422,8508789.0
2022-09-20 09:15:00,30.290000915527344,30.290000915527344,28.0,28.040000915527344,28.040000915527344,6018221.0
2022-09-21 09:15:00,28.200000762939453,28.389999389648438,27.799999237060547,27.850000381469727,27.850000381469727,4722316.0
2022-09-22 09:15:00,27.850000381469727,28.0,27.549999237060547,27.790000915527344,27.790000915527344,7014573.0
2022-09-23 09:15:00,28.5,28.5,27.549999237060547,27.59000015258789,27.59000015258789,7372426.0
2022-09-26 09:15:00,28.09000015258789,28.09000015258789,27.260000228881836,27.739999771118164,27.739999771118164,13692171.0
2022-09-27 09:15:00,28.0,28.139999389648438,27.700000762939453,27.989999771118164,27.989999771118164,4191072.0
2022-09-28 09:15:00,28.549999237060547,28.549999237060547,27.75,28.059999465942383,28.059999465942383,5296343.0
2022-09-29 09:15:00,28.239999771118164,28.3799991607666,27.719999313354492,27.850000381469727,27.850000381469727,4013288.0
2022-09-30 09:15:00,27.940000534057617,28.040000915527344,27.450000762939453,27.940000534057617,27.940000534057617,8203546.0
2022-10-03 09:15:00,28.170000076293945,28.170000076293945,27.579999923706055,27.709999084472656,27.709999084472656,4574684.0
2022-10-04 09:15:00,27.790000915527344,28.440000534057617,27.790000915527344,28.40999984741211,28.40999984741211,4724569.0
2022-10-06 09:15:00,29.889999389648438,29.889999389648438,28.510000228881836,28.850000381469727,28.850000381469727,5525355.0
2022-10-07 09:15:00,28.920000076293945,28.950000762939453,28.59000015258789,28.739999771118164,28.739999771118164,3242425.0
2022-10-10 09:15:00,29.889999389648438,29.889999389648438,28.209999084472656,28.979999542236328,28.979999542236328,4357791.0
2022-10-11 09:15:00,29.09000015258789,29.260000228881836,28.40999984741211,28.479999542236328,28.479999542236328,4784667.0
2022-10-12 09:15:00,28.59000015258789,28.729999542236328,28.360000610351562,28.6200008392334,28.6200008392334,2842813.0
2022-10-13 09:15:00,28.989999771118164,28.989999771118164,28.34000015258789,28.459999084472656,28.459999084472656,2693282.0
2022-10-14 09:15:00,29.0,29.309999465942383,28.709999084472656,28.93000030517578,28.93000030517578,8718079.0
2022-10-17 09:15:00,29.15999984741211,29.15999984741211,28.809999465942383,28.959999084472656,28.959999084472656,4063243.0
2022-10-18 09:15:00,28.969999313354492,29.399999618530273,28.969999313354492,29.260000228881836,29.260000228881836,4334617.0
2022-10-19 09:15:00,29.0,29.479999542236328,29.0,29.059999465942383,29.059999465942383,2017520.0
2022-10-20 09:15:00,29.170000076293945,29.450000762939453,28.93000030517578,29.399999618530273,29.399999618530273,3099606.0
2022-10-21 09:15:00,29.489999771118164,29.489999771118164,29.25,29.31999969482422,29.31999969482422,1801731.0
2022-10-24 18:15:00,29.690000534057617,29.75,29.3700008392334,29.6299991607666,29.6299991607666,2440411.0
2022-10-25 09:15:00,29.649999618530273,29.829999923706055,29.510000228881836,29.719999313354492,29.719999313354492,3136947.0
2022-10-27 09:15:00,29.940000534057617,29.940000534057617,29.520000457763672,29.65999984741211,29.65999984741211,2557970.0
2022-10-28 09:15:00,29.790000915527344,29.799999237060547,29.399999618530273,29.459999084472656,29.459999084472656,1775493.0
2022-10-31 09:15:00,29.889999389648438,29.93000030517578,29.540000915527344,29.809999465942383,29.809999465942383,3422731.0
2022-11-01 09:15:00,29.90999984741211,30.399999618530273,29.81999969482422,30.360000610351562,30.360000610351562,7243729.0
2022-11-02 09:15:00,30.0,30.479999542236328,30.0,30.229999542236328,30.229999542236328,2933081.0
2022-11-03 09:15:00,30.239999771118164,30.469999313354492,29.850000381469727,29.959999084472656,29.959999084472656,2998703.0
2022-11-04 09:15:00,31.450000762939453,31.450000762939453,29.600000381469727,29.81999969482422,29.81999969482422,3296469.0
2022-11-07 09:15:00,30.520000457763672,30.520000457763672,29.65999984741211,29.8799991607666,29.8799991607666,2093271.0
2022-11-09 09:15:00,30.0,30.079999923706055,29.700000762939453,29.809999465942383,29.809999465942383,1430334.0
2022-11-10 09:15:00,29.799999237060547,29.799999237060547,29.219999313354492,29.719999313354492,29.719999313354492,3387949.0
2022-11-11 09:15:00,30.579999923706055,30.8799991607666,30.100000381469727,30.770000457763672,30.770000457763672,8638963.0
2022-11-14 09:15:00,31.709999084472656,31.709999084472656,30.799999237060547,31.040000915527344,31.040000915527344,3806633.0
2022-11-15 09:15:00,31.200000762939453,31.200000762939453,30.75,31.040000915527344,31.040000915527344,2751329.0
2022-11-16 09:15:00,32.25,32.25,31.0,31.190000534057617,31.190000534057617,2911065.0
2022-11-17 09:15:00,31.209999084472656,31.290000915527344,30.850000381469727,30.920000076293945,30.920000076293945,2356969.0
2022-11-18 09:15:00,30.90999984741211,31.1200008392334,30.649999618530273,30.8700008392334,30.8700008392334,2525788.0
2022-11-21 09:15:00,30.989999771118164,30.989999771118164,30.399999618530273,30.450000762939453,30.450000762939453,1996455.0
2022-11-22 09:15:00,30.780000686645508,30.780000686645508,30.25,30.59000015258789,30.59000015258789,2076319.0
2022-11-23 09:15:00,30.600000381469727,30.81999969482422,30.520000457763672,30.56999969482422,30.56999969482422,1351311.0
2022-11-24 09:15:00,30.56999969482422,31.450000762939453,30.559999465942383,31.350000381469727,31.350000381469727,11380756.0
2022-11-25 09:15:00,31.59000015258789,31.700000762939453,31.170000076293945,31.6200008392334,31.6200008392334,4559111.0
2022-11-28 09:15:00,31.639999389648438,31.8700008392334,31.450000762939453,31.59000015258789,31.59000015258789,4568415.0
2022-11-29 09:15:00,31.549999237060547,31.770000457763672,31.450000762939453,31.610000610351562,31.610000610351562,2783819.0
2022-11-30 09:15:00,31.649999618530273,31.75,31.40999984741211,31.6299991607666,31.6299991607666,2348503.0
2022-12-01 09:15:00,32.150001525878906,32.689998626708984,31.0,32.380001068115234,32.380001068115234,7532471.0
2022-12-02 09:15:00,32.59000015258789,32.59000015258789,32.18000030517578,32.369998931884766,32.369998931884766,4277306.0
2022-12-05 09:15:00,32.25,32.56999969482422,32.04999923706055,32.22999954223633,32.22999954223633,4297396.0
2022-12-06 09:15:00,32.18000030517578,32.18000030517578,31.6200008392334,31.739999771118164,31.739999771118164,3787204.0
2022-12-07 09:15:00,31.780000686645508,31.780000686645508,31.399999618530273,31.459999084472656,31.459999084472656,2577854.0
2022-12-08 09:15:00,31.989999771118164,31.989999771118164,31.219999313354492,31.399999618530273,31.399999618530273,1914722.0
2022-12-09 09:15:00,31.600000381469727,31.600000381469727,30.290000915527344,30.440000534057617,30.440000534057617,10348745.0
2022-12-12 09:15:00,30.719999313354492,30.729999542236328,29.8799991607666,30.270000457763672,30.270000457763672,4343646.0
2022-12-13 09:15:00,30.479999542236328,30.6299991607666,30.219999313354492,30.59000015258789,30.59000015258789,2820376.0
2022-12-14 09:15:00,30.799999237060547,31.010000228881836,30.59000015258789,30.860000610351562,30.860000610351562,3383731.0
2022-12-15 09:15:00,30.90999984741211,30.93000030517578,30.299999237060547,30.34000015258789,30.34000015258789,3598899.0
2022-12-16 09:15:00,32.060001373291016,32.060001373291016,29.850000381469727,29.90999984741211,29.90999984741211,6906162.0
2022-12-19 09:15:00,29.90999984741211,30.829999923706055,29.649999618530273,29.780000686645508,29.780000686645508,4566774.0
2022-12-20 09:15:00,29.75,29.889999389648438,29.309999465942383,29.809999465942383,29.809999465942383,5264865.0
2022-12-21 09:15:00,29.81999969482422,30.149999618530273,29.81999969482422,29.90999984741211,29.90999984741211,3656105.0
2022-12-22 09:15:00,30.200000762939453,30.239999771118164,29.780000686645508,29.969999313354492,29.969999313354492,2826116.0
2022-12-23 09:15:00,30.0,30.0,29.3700008392334,29.43000030517578,29.43000030517578,4273441.0
2022-12-26 09:15:00,29.690000534057617,29.690000534057617,29.350000381469727,29.559999465942383,29.559999465942383,2857679.0
2022-12-27 09:15:00,29.790000915527344,29.889999389648438,29.540000915527344,29.850000381469727,29.850000381469727,2474775.0
2022-12-28 09:15:00,29.850000381469727,29.850000381469727,29.559999465942383,29.729999542236328,29.729999542236328,2444887.0
2022-12-29 09:15:00,29.979999542236328,29.979999542236328,29.549999237060547,29.84000015258789,29.84000015258789,1358626.0
2022-12-30 09:15:00,29.25,30.200000762939453,29.0,29.829999923706055,29.829999923706055,1769542.0
2023-01-02 09:15:00,30.010000228881836,30.010000228881836,29.690000534057617,29.8700008392334,29.8700008392334,1591337.0
2023-01-03 09:15:00,29.989999771118164,30.229999542236328,29.829999923706055,30.18000030517578,30.18000030517578,1982509.0
2023-01-04 09:15:00,30.190000534057617,30.190000534057617,29.799999237060547,29.889999389648438,29.889999389648438,1682922.0
2023-01-05 09:15:00,30.0,30.030000686645508,29.600000381469727,29.729999542236328,29.729999542236328,2083144.0
2023-01-06 09:15:00,30.950000762939453,30.950000762939453,29.100000381469727,29.18000030517578,29.18000030517578,6913399.0
2023-01-09 09:15:00,29.459999084472656,29.899999618530273,29.350000381469727,29.8700008392334,29.8700008392334,2830850.0
2023-01-10 09:15:00,30.0,31.200000762939453,29.450000762939453,29.6200008392334,29.6200008392334,3031202.0
2023-01-11 09:15:00,29.6200008392334,30.079999923706055,29.6200008392334,29.81999969482422,29.81999969482422,2318386.0
2023-01-12 09:15:00,29.81999969482422,30.1299991607666,29.729999542236328,29.8799991607666,29.8799991607666,1261107.0
2023-01-13 09:15:00,29.90999984741211,30.190000534057617,29.5,30.100000381469727,30.100000381469727,4298282.0
2023-01-16 09:15:00,30.239999771118164,30.510000228881836,30.139999389648438,30.489999771118164,30.489999771118164,7685213.0
2023-01-17 09:15:00,30.649999618530273,30.65999984741211,30.399999618530273,30.6200008392334,30.6200008392334,2684417.0
2023-01-18 09:15:00,30.600000381469727,30.93000030517578,30.600000381469727,30.770000457763672,30.770000457763672,3277243.0
2023-01-19 09:15:00,30.670000076293945,31.989999771118164,30.5,30.809999465942383,30.809999465942383,2459928.0
2023-01-20 09:15:00,30.889999389648438,30.959999084472656,30.549999237060547,30.700000762939453,30.700000762939453,3979960.0
2023-01-23 09:15:00,33.65999984741211,33.65999984741211,30.690000534057617,31.260000228881836,31.260000228881836,4172616.0
2023-01-24 09:15:00,31.299999237060547,31.700000762939453,31.260000228881836,31.489999771118164,31.489999771118164,6702312.0
2023-01-25 09:15:00,31.5,31.5,31.200000762939453,31.219999313354492,31.219999313354492,5334550.0
2023-01-27 09:15:00,32.150001525878906,32.150001525878906,30.75,30.979999542236328,30.979999542236328,5265449.0
2023-01-30 09:15:00,31.059999465942383,31.489999771118164,30.6200008392334,31.350000381469727,31.350000381469727,3393735.0
2023-01-31 09:15:00,31.489999771118164,31.489999771118164,30.81999969482422,31.0,31.0,3476747.0
2023-02-01 09:15:00,31.09000015258789,31.350000381469727,30.860000610351562,31.229999542236328,31.229999542236328,3106760.0
2023-02-02 09:15:00,31.59000015258789,31.920000076293945,31.229999542236328,31.829999923706055,31.829999923706055,5137658.0
2023-02-03 09:15:00,31.889999389648438,32.13999938964844,31.709999084472656,31.829999923706055,31.829999923706055,3900420.0
2023-02-06 09:15:00,31.989999771118164,31.989999771118164,31.3700008392334,31.6299991607666,31.6299991607666,2747959.0
2023-02-07 09:15:00,31.510000228881836,31.780000686645508,31.5,31.540000915527344,31.540000915527344,2150711.0
2023-02-08 09:15:00,31.93000030517578,32.43000030517578,31.6200008392334,32.119998931884766,32.119998931884766,12866864.0
2023-02-09 09:15:00,31.989999771118164,32.33000183105469,31.84000015258789,32.290000915527344,32.290000915527344,2412999.0
2023-02-10 09:15:00,32.15999984741211,32.47999954223633,31.299999237060547,32.209999084472656,32.209999084472656,1713550.0
2023-02-13 09:15:00,32.209999084472656,32.209999084472656,31.549999237060547,31.610000610351562,31.610000610351562,2700456.0
2023-02-14 09:15:00,31.690000534057617,32.0,31.690000534057617,31.850000381469727,31.850000381469727,1829198.0
2023-02-15 09:15:00,31.709999084472656,32.25,31.600000381469727,32.20000076293945,32.20000076293945,2587295.0
2023-02-16 09:15:00,32.650001525878906,33.0,32.209999084472656,32.7599983215332,32.7599983215332,13364915.0
2023-02-17 09:15:00,32.790000915527344,32.790000915527344,32.29999923706055,32.41999816894531,32.41999816894531,3153940.0
2023-02-20 09:15:00,32.59000015258789,32.75,32.099998474121094,32.58000183105469,32.58000183105469,2438759.0
2023-02-21 09:15:00,32.61000061035156,32.779998779296875,32.20000076293945,32.33000183105469,32.33000183105469,2139105.0
2023-02-22 09:15:00,32.209999084472656,32.209999084472656,31.780000686645508,31.8700008392334,31.8700008392334,7823495.0
2023-02-23 09:15:00,31.899999618530273,32.18000030517578,31.700000762939453,31.829999923706055,31.829999923706055,2381247.0
2023-02-24 09:15:00,32.0,32.099998474121094,31.700000762939453,31.760000228881836,31.760000228881836,1210917.0
2023-02-27 09:15:00,31.770000457763672,31.770000457763672,30.850000381469727,31.149999618530273,31.149999618530273,8723658.0
2023-02-28 09:15:00,31.15999984741211,31.5,30.8700008392334,30.940000534057617,30.940000534057617,8815676.0
2023-03-01 09:15:00,31.170000076293945,31.459999084472656,30.959999084472656,31.43000030517578,31.43000030517578,1703739.0
2023-03-02 09:15:00,31.290000915527344,31.3799991607666,30.940000534057617,31.040000915527344,31.040000915527344,2013128.0
2023-03-03 09:15:00,31.15999984741211,31.34000015258789,31.079999923706055,31.139999389648438,31.139999389648438,1616421.0
2023-03-06 09:15:00,31.260000228881836,31.600000381469727,31.260000228881836,31.420000076293945,31.420000076293945,2027392.0
2023-03-08 09:15:00,31.3799991607666,31.3799991607666,31.059999465942383,31.25,31.25,4140692.0
2023-03-09 09:15:00,31.34000015258789,31.5,31.020000457763672,31.040000915527344,31.040000915527344,1310165.0
2023-03-10 09:15:00,31.139999389648438,31.139999389648438,30.549999237060547,30.860000610351562,30.860000610351562,2146238.0
2023-03-13 09:15:00,30.90999984741211,31.290000915527344,30.450000762939453,30.530000686645508,30.530000686645508,3374331.0
2023-03-14 09:15:00,30.799999237060547,30.799999237060547,29.899999618530273,30.040000915527344,30.040000915527344,6142150.0
2023-03-15 09:15:00,30.25,30.489999771118164,29.899999618530273,29.950000762939453,29.950000762939453,2232390.0
2023-03-16 09:15:00,30.1299991607666,30.1299991607666,29.600000381469727,29.770000457763672,29.770000457763672,3408586.0
2023-03-17 09:15:00,29.959999084472656,30.290000915527344,29.8799991607666,29.979999542236328,29.979999542236328,2883625.0
2023-03-20 09:15:00,30.030000686645508,30.030000686645508,29.030000686645508,29.530000686645508,29.530000686645508,5483845.0
2023-03-21 09:15:00,30.399999618530273,30.399999618530273,29.25,29.34000015258789,29.34000015258789,3684358.0
2023-03-22 09:15:00,30.200000762939453,30.200000762939453,29.399999618530273,29.450000762939453,29.450000762939453,2137174.0
2023-03-23 09:15:00,30.350000381469727,30.350000381469727,29.06999969482422,29.170000076293945,29.170000076293945,4287575.0
2023-03-24 09:15:00,29.25,29.600000381469727,29.100000381469727,29.15999984741211,29.15999984741211,2816588.0
2023-03-27 09:15:00,29.3700008392334,29.459999084472656,29.010000228881836,29.170000076293945,29.170000076293945,1824541.0
2023-03-28 09:15:00,29.43000030517578,29.43000030517578,28.889999389648438,28.90999984741211,28.90999984741211,3667253.0
2023-03-29 09:15:00,29.799999237060547,29.889999389648438,28.850000381469727,29.219999313354492,29.219999313354492,2587327.0
2023-03-31 09:15:00,29.219999313354492,29.899999618530273,28.790000915527344,29.84000015258789,29.84000015258789,3603698.0
2023-04-03 09:15:00,29.690000534057617,30.290000915527344,29.34000015258789,29.81999969482422,29.81999969482422,2672664.0
2023-04-05 09:15:00,29.81999969482422,30.579999923706055,29.709999084472656,30.139999389648438,30.139999389648438,2584892.0
2023-04-06 09:15:00,30.200000762939453,30.200000762939453,29.90999984741211,30.010000228881836,30.010000228881836,2097596.0
2023-04-10 09:15:00,30.190000534057617,30.25,29.90999984741211,30.200000762939453,30.200000762939453,1586566.0
2023-04-11 09:15:00,30.260000228881836,30.280000686645508,29.760000228881836,29.90999984741211,29.90999984741211,3013481.0
2023-04-12 09:15:00,30.0,30.209999084472656,29.799999237060547,30.15999984741211,30.15999984741211,2036527.0
2023-04-13 09:15:00,30.030000686645508,30.030000686645508,29.479999542236328,29.59000015258789,29.59000015258789,7126674.0
2023-04-17 09:15:00,28.700000762939453,29.799999237060547,27.559999465942383,28.18000030517578,28.18000030517578,42580688.0
2023-04-18 09:15:00,28.399999618530273,28.75,28.020000457763672,28.34000015258789,28.34000015258789,9031716.0
2023-04-19 09:15:00,28.399999618530273,28.489999771118164,27.809999465942383,27.850000381469727,27.850000381469727,12380722.0
2023-04-20 09:15:00,28.190000534057617,28.399999618530273,27.75,27.790000915527344,27.790000915527344,7193527.0
2023-04-21 09:15:00,28.010000228881836,28.280000686645508,27.75,27.969999313354492,27.969999313354492,5052195.0
2023-04-24 09:15:00,28.010000228881836,28.25,27.850000381469727,28.15999984741211,28.15999984741211,4394615.0
2023-04-25 09:15:00,28.479999542236328,28.479999542236328,27.969999313354492,28.1200008392334,28.1200008392334,3814512.0
2023-04-26 09:15:00,28.1200008392334,28.270000457763672,28.010000228881836,28.229999542236328,28.229999542236328,3115600.0
2023-04-27 09:15:00,28.260000228881836,28.530000686645508,28.190000534057617,28.489999771118164,28.489999771118164,5412830.0
2023-04-28 09:15:00,28.59000015258789,28.920000076293945,28.59000015258789,28.860000610351562,28.860000610351562,6925822.0
2023-05-02 09:15:00,29.190000534057617,29.34000015258789,28.8799991607666,29.239999771118164,29.239999771118164,7294402.0
2023-05-03 09:15:00,29.389999389648438,29.389999389648438,28.90999984741211,28.959999084472656,28.959999084472656,5274698.0
2023-05-04 09:15:00,29.010000228881836,29.190000534057617,28.850000381469727,29.079999923706055,29.079999923706055,3694105.0
2023-05-05 09:15:00,29.09000015258789,29.190000534057617,28.850000381469727,28.920000076293945,28.920000076293945,3499336.0
2023-05-08 09:15:00,29.15999984741211,29.15999984741211,28.950000762939453,29.1200008392334,29.1200008392334,3255048.0
2023-05-09 09:15:00,29.190000534057617,29.350000381469727,29.1200008392334,29.309999465942383,29.309999465942383,4363866.0
2023-05-10 09:15:00,29.350000381469727,29.479999542236328,29.219999313354492,29.329999923706055,29.329999923706055,3382518.0
2023-05-11 09:15:00,29.600000381469727,29.690000534057617,29.299999237060547,29.360000610351562,29.360000610351562,3760371.0
2023-05-12 09:15:00,29.510000228881836,29.510000228881836,29.1299991607666,29.290000915527344,29.290000915527344,3048329.0
2023-05-15 09:15:00,29.75,29.75,29.200000762939453,29.399999618530273,29.399999618530273,3674918.0
2023-05-16 09:15:00,29.56999969482422,29.639999389648438,29.440000534057617,29.479999542236328,29.479999542236328,3132017.0
2023-05-17 09:15:00,29.65999984741211,29.65999984741211,29.040000915527344,29.200000762939453,29.200000762939453,6834728.0
2023-05-18 09:15:00,29.399999618530273,29.450000762939453,29.100000381469727,29.139999389648438,29.139999389648438,2250759.0
2023-05-19 09:15:00,29.15999984741211,29.56999969482422,29.15999984741211,29.530000686645508,29.530000686645508,5858166.0
2023-05-22 09:15:00,29.520000457763672,30.309999465942383,29.43000030517578,30.270000457763672,30.270000457763672,9060888.0
2023-05-23 09:15:00,30.3799991607666,30.600000381469727,30.1200008392334,30.15999984741211,30.15999984741211,8142095.0
2023-05-24 09:15:00,30.139999389648438,30.239999771118164,29.8700008392334,30.1200008392334,30.1200008392334,3844959.0
2023-05-25 09:15:00,30.229999542236328,30.229999542236328,29.979999542236328,30.200000762939453,30.200000762939453,2615957.0
2023-05-26 09:15:00,30.200000762939453,30.700000762939453,30.190000534057617,30.579999923706055,30.579999923706055,5965881.0
2023-05-29 09:15:00,30.670000076293945,30.950000762939453,30.5,30.540000915527344,30.540000915527344,6481035.0
2023-05-30 09:15:00,30.690000534057617,30.709999084472656,30.479999542236328,30.600000381469727,30.600000381469727,3215006.0
2023-05-31 09:15:00,30.639999389648438,30.770000457763672,30.260000228881836,30.610000610351562,30.610000610351562,3206848.0
2023-06-01 09:15:00,30.68000030517578,30.889999389648438,30.670000076293945,30.719999313354492,30.719999313354492,3586465.0
2023-06-02 09:15:00,30.719999313354492,30.940000534057617,30.68000030517578,30.739999771118164,30.739999771118164,2539968.0
2023-06-05 09:15:00,30.780000686645508,30.989999771118164,30.600000381469727,30.6299991607666,30.6299991607666,3617842.0
2023-06-06 09:15:00,30.729999542236328,30.729999542236328,29.8700008392334,30.079999923706055,30.079999923706055,11928841.0
2023-06-07 09:15:00,30.25,30.350000381469727,30.149999618530273,30.290000915527344,30.290000915527344,3735765.0
2023-06-08 09:15:00,30.290000915527344,30.3700008392334,29.950000762939453,29.959999084472656,29.959999084472656,5305261.0
2023-06-09 09:15:00,30.09000015258789,30.09000015258789,29.700000762939453,29.739999771118164,29.739999771118164,6596678.0
2023-06-12 09:15:00,29.979999542236328,30.149999618530273,29.75,30.110000610351562,30.110000610351562,3597013.0
2023-06-13 09:15:00,30.239999771118164,30.440000534057617,30.15999984741211,30.209999084472656,30.209999084472656,4511847.0
2023-06-14 09:15:00,30.270000457763672,30.280000686645508,30.010000228881836,30.15999984741211,30.15999984741211,3735998.0
2023-06-15 09:15:00,30.0,30.290000915527344,30.0,30.09000015258789,30.09000015258789,2957289.0
2023-06-16 09:15:00,30.170000076293945,30.170000076293945,29.8700008392334,30.030000686645508,30.030000686645508,4671864.0
2023-06-19 09:15:00,30.030000686645508,30.139999389648438,30.0,30.1200008392334,30.1200008392334,2556984.0
2023-06-20 09:15:00,30.1200008392334,30.3799991607666,30.059999465942383,30.329999923706055,30.329999923706055,3844658.0
2023-06-21 09:15:00,30.489999771118164,30.489999771118164,30.280000686645508,30.389999389648438,30.389999389648438,3587280.0
2023-06-22 09:15:00,30.43000030517578,30.440000534057617,30.18000030517578,30.25,30.25,3045221.0
2023-06-23 09:15:00,30.260000228881836,30.260000228881836,29.920000076293945,29.989999771118164,29.989999771118164,6722203.0
2023-06-26 09:15:00,29.989999771118164,30.09000015258789,29.889999389648438,29.950000762939453,29.950000762939453,4451725.0
2023-06-27 09:15:00,30.239999771118164,30.239999771118164,29.989999771118164,30.1299991607666,30.1299991607666,3126168.0
2023-06-28 09:15:00,30.25,30.43000030517578,30.149999618530273,30.219999313354492,30.219999313354492,3097658.0
2023-06-30 09:15:00,30.489999771118164,30.989999771118164,30.260000228881836,30.940000534057617,30.940000534057617,11011331.0
2023-07-03 09:15:00,30.950000762939453,31.229999542236328,30.790000915527344,30.809999465942383,30.809999465942383,8368303.0
2023-07-04 09:15:00,30.969999313354492,31.15999984741211,30.860000610351562,31.1299991607666,31.1299991607666,4769712.0
2023-07-05 09:15:00,31.399999618530273,31.790000915527344,31.139999389648438,31.260000228881836,31.260000228881836,6190922.0
2023-07-06 09:15:00,31.229999542236328,31.43000030517578,31.15999984741211,31.299999237060547,31.299999237060547,4489622.0
2023-07-07 09:15:00,31.25,31.389999389648438,30.979999542236328,31.020000457763672,31.020000457763672,6503608.0
2023-07-10 09:15:00,31.360000610351562,31.360000610351562,30.579999923706055,30.670000076293945,30.670000076293945,6403766.0
2023-07-11 09:15:00,30.670000076293945,30.889999389648438,30.610000610351562,30.809999465942383,30.809999465942383,4101168.0
2023-07-12 09:15:00,30.899999618530273,30.959999084472656,30.510000228881836,30.610000610351562,30.610000610351562,3856575.0
2023-07-13 09:15:00,30.25,31.329999923706055,30.25,31.079999923706055,31.079999923706055,8026452.0
2023-07-14 09:15:00,31.420000076293945,32.5,31.239999771118164,32.41999816894531,32.41999816894531,17791917.0
2023-07-17 09:15:00,32.5,33.20000076293945,32.400001525878906,32.58000183105469,32.58000183105469,15900581.0
2023-07-18 09:15:00,32.939998626708984,33.0,32.400001525878906,32.91999816894531,32.91999816894531,8246711.0
2023-07-19 09:15:00,32.9900016784668,33.29999923706055,32.63999938964844,32.90999984741211,32.90999984741211,7007118.0
2023-07-20 09:15:00,33.0,33.0,32.59000015258789,32.7599983215332,32.7599983215332,5164401.0
2023-07-21 09:15:00,32.689998626708984,32.689998626708984,31.31999969482422,31.43000030517578,31.43000030517578,26631865.0
2023-07-24 09:15:00,31.59000015258789,31.770000457763672,31.350000381469727,31.40999984741211,31.40999984741211,5518476.0
2023-07-25 09:15:00,31.420000076293945,31.719999313354492,31.25,31.31999969482422,31.31999969482422,4262851.0
2023-07-26 09:15:00,31.34000015258789,31.540000915527344,31.34000015258789,31.3700008392334,31.3700008392334,3460430.0
2023-07-27 09:15:00,31.479999542236328,31.5,31.229999542236328,31.309999465942383,31.309999465942383,5254347.0
2023-07-28 09:15:00,31.469999313354492,31.469999313354492,30.8799991607666,31.049999237060547,31.049999237060547,6702575.0
2023-07-31 09:15:00,31.059999465942383,31.5,31.049999237060547,31.469999313354492,31.469999313354492,4614644.0
2023-08-01 09:15:00,31.469999313354492,31.850000381469727,31.40999984741211,31.780000686645508,31.780000686645508,5390920.0
2023-08-02 09:15:00,32.439998626708984,32.439998626708984,31.309999465942383,31.579999923706055,31.579999923706055,4442374.0
2023-08-03 09:15:00,31.549999237060547,31.600000381469727,31.25,31.489999771118164,31.489999771118164,3441688.0
2023-08-04 09:15:00,31.6299991607666,32.09000015258789,31.5,31.959999084472656,31.959999084472656,7368929.0
2023-08-07 09:15:00,31.959999084472656,32.349998474121094,31.959999084472656,32.29999923706055,32.29999923706055,5578693.0
2023-08-08 09:15:00,32.5,32.5,32.20000076293945,32.36000061035156,32.36000061035156,4321466.0
2023-08-09 09:15:00,32.22999954223633,32.5,32.130001068115234,32.47999954223633,32.47999954223633,4360598.0
2023-08-10 09:15:00,32.47999954223633,32.88999938964844,32.33000183105469,32.38999938964844,32.38999938964844,2932817.0
2023-08-11 09:15:00,32.43000030517578,32.689998626708984,32.34000015258789,32.41999816894531,32.41999816894531,4228524.0
2023-08-14 09:15:00,32.41999816894531,32.63999938964844,32.11000061035156,32.54999923706055,32.54999923706055,4591187.0
2023-08-16 09:15:00,32.959999084472656,32.959999084472656,32.29999923706055,32.75,32.75,4747272.0
2023-08-17 09:15:00,32.77000045776367,32.869998931884766,32.5,32.619998931884766,32.619998931884766,2853560.0
2023-08-18 09:15:00,32.63999938964844,32.650001525878906,32.099998474121094,32.220001220703125,32.220001220703125,5938412.0
2023-08-21 09:15:00,32.689998626708984,32.689998626708984,32.099998474121094,32.459999084472656,32.459999084472656,2748368.0
2023-08-22 09:15:00,32.4900016784668,32.599998474121094,32.349998474121094,32.4900016784668,32.4900016784668,3352457.0
2023-08-23 09:15:00,33.0,33.0,32.41999816894531,32.5,32.5,2868215.0
2023-08-24 09:15:00,32.52000045776367,32.7599983215332,32.52000045776367,32.650001525878906,32.650001525878906,3081903.0
2023-08-25 09:15:00,32.63999938964844,32.63999938964844,32.29999923706055,32.40999984741211,32.40999984741211,2831595.0
2023-08-28 09:15:00,32.41999816894531,32.63999938964844,32.27000045776367,32.29999923706055,32.29999923706055,2216996.0
2023-08-29 09:15:00,32.47999954223633,32.5,32.310001373291016,32.38999938964844,32.38999938964844,1862725.0
2023-08-30 09:15:00,32.959999084472656,32.959999084472656,32.5099983215332,32.72999954223633,32.72999954223633,5078770.0
2023-08-31 09:15:00,32.90999984741211,33.0,32.650001525878906,32.720001220703125,32.720001220703125,5243808.0
2023-09-01 09:15:00,32.68000030517578,33.119998931884766,32.349998474121094,33.06999969482422,33.06999969482422,5183323.0
2023-09-04 09:15:00,33.349998474121094,33.86000061035156,33.04999923706055,33.81999969482422,33.81999969482422,10409479.0
2023-09-05 09:15:00,34.29999923706055,34.29999923706055,33.650001525878906,33.970001220703125,33.970001220703125,7150162.0
2023-09-06 09:15:00,33.099998474121094,34.209999084472656,32.68000030517578,33.95000076293945,33.95000076293945,5404696.0
2023-09-07 09:15:00,33.959999084472656,34.13999938964844,33.79999923706055,34.04999923706055,34.04999923706055,4118840.0
2023-09-08 09:15:00,34.060001373291016,34.2400016784668,34.0,34.06999969482422,34.06999969482422,3542507.0
2023-09-11 09:15:00,34.06999969482422,34.5,34.04999923706055,34.279998779296875,34.279998779296875,4928562.0
2023-09-12 09:15:00,34.349998474121094,34.849998474121094,34.029998779296875,34.68000030517578,34.68000030517578,9603553.0
2023-09-13 09:15:00,34.9900016784668,35.0,34.40999984741211,34.599998474121094,34.599998474121094,5104094.0
2023-09-14 09:15:00,34.70000076293945,34.939998626708984,34.29999923706055,34.720001220703125,34.720001220703125,5474816.0
2023-09-15 09:15:00,34.970001220703125,35.13999938964844,34.779998779296875,35.06999969482422,35.06999969482422,5518889.0
2023-09-18 09:15:00,35.08000183105469,35.34000015258789,34.75,34.81999969482422,34.81999969482422,5119972.0
2023-09-20 09:15:00,35.0,35.0,34.459999084472656,34.599998474121094,34.599998474121094,4390674.0
2023-09-21 09:15:00,34.4900016784668,35.20000076293945,34.119998931884766,34.52000045776367,34.52000045776367,4710172.0
2023-09-22 09:15:00,34.45000076293945,34.79999923706055,34.29999923706055,34.59000015258789,34.59000015258789,3520423.0
2023-09-25 09:15:00,35.25,35.25,34.209999084472656,34.310001373291016,34.310001373291016,2910682.0
2023-09-26 09:15:00,34.36000061035156,34.38999938964844,34.06999969482422,34.13999938964844,34.13999938964844,2433942.0
2023-09-27 09:15:00,34.290000915527344,34.5,33.959999084472656,34.290000915527344,34.290000915527344,2185038.0
2023-09-28 09:15:00,34.29999923706055,34.4900016784668,33.45000076293945,33.540000915527344,33.540000915527344,5964955.0
2023-09-29 09:15:00,34.0099983215332,34.0099983215332,33.16999816894531,33.4900016784668,33.4900016784668,4880071.0
2023-10-03 09:15:00,34.150001525878906,34.150001525878906,33.130001068115234,33.349998474121094,33.349998474121094,3615285.0
2023-10-04 09:15:00,34.25,34.25,32.900001525878906,33.459999084472656,33.459999084472656,4225341.0
2023-10-05 09:15:00,33.7400016784668,33.9900016784668,33.5,33.7599983215332,33.7599983215332,3213103.0
2023-10-06 09:15:00,33.9900016784668,34.099998474121094,33.7599983215332,34.0099983215332,34.0099983215332,17690806.0
2023-10-09 09:15:00,34.02000045776367,34.25,33.75,33.880001068115234,33.880001068115234,4402773.0
2023-10-10 09:15:00,33.880001068115234,34.2400016784668,33.810001373291016,34.18000030517578,34.18000030517578,2726170.0
2023-10-11 09:15:00,34.47999954223633,34.59000015258789,34.11000061035156,34.209999084472656,34.209999084472656,3517380.0
2023-10-12 09:15:00,34.400001525878906,34.47999954223633,33.599998474121094,33.66999816894531,33.66999816894531,4053374.0
2023-10-13 09:15:00,33.61000061035156,33.63999938964844,33.0099983215332,33.459999084472656,33.459999084472656,7328280.0
2023-10-16 09:15:00,34.06999969482422,34.06999969482422,33.36000061035156,33.38999938964844,33.38999938964844,3940582.0
2023-10-17 09:15:00,33.400001525878906,34.0,33.38999938964844,33.43000030517578,33.43000030517578,2256798.0
2023-10-18 09:15:00,34.45000076293945,34.45000076293945,33.20000076293945,33.22999954223633,33.22999954223633,2489467.0
2023-10-19 09:15:00,34.400001525878906,34.400001525878906,33.0,33.220001220703125,33.220001220703125,3272926.0
2023-10-20 09:15:00,33.2400016784668,33.38999938964844,32.970001220703125,33.119998931884766,33.119998931884766,6325332.0
2023-10-23 09:15:00,33.13999938964844,33.540000915527344,32.400001525878906,32.4900016784668,32.4900016784668,20038383.0
2023-10-25 09:15:00,32.540000915527344,32.75,32.150001525878906,32.279998779296875,32.279998779296875,5078484.0
2023-10-26 09:15:00,32.2400016784668,32.25,31.790000915527344,32.040000915527344,32.040000915527344,6993128.0
2023-10-27 09:15:00,32.04999923706055,32.4900016784668,32.04999923706055,32.349998474121094,32.349998474121094,2624625.0
2023-10-30 09:15:00,32.5,32.900001525878906,32.189998626708984,32.36000061035156,32.36000061035156,2318989.0
2023-10-31 09:15:00,32.34000015258789,32.650001525878906,32.15999984741211,32.27000045776367,32.27000045776367,2266736.0
2023-11-01 09:15:00,31.809999465942383,33.099998474121094,31.809999465942383,32.099998474121094,32.099998474121094,2144257.0
2023-11-02 09:15:00,32.79999923706055,32.79999923706055,32.099998474121094,32.380001068115234,32.380001068115234,2185107.0
2023-11-03 09:15:00,32.68000030517578,32.72999954223633,32.459999084472656,32.59000015258789,32.59000015258789,1525450.0
2023-11-06 09:15:00,32.599998474121094,33.09000015258789,32.59000015258789,32.709999084472656,32.709999084472656,2072745.0
2023-11-07 09:15:00,32.88999938964844,32.88999938964844,32.61000061035156,32.7599983215332,32.7599983215332,1698448.0
2023-11-08 09:15:00,32.97999954223633,32.97999954223633,32.61000061035156,32.650001525878906,32.650001525878906,1617208.0
2023-11-09 09:15:00,32.88999938964844,32.88999938964844,32.45000076293945,32.5099983215332,32.5099983215332,1432476.0
2023-11-10 09:15:00,32.900001525878906,32.900001525878906,32.29999923706055,32.43000030517578,32.43000030517578,1814442.0
2023-11-13 09:15:00,32.7400016784668,32.88999938964844,32.33000183105469,32.400001525878906,32.400001525878906,2146157.0
2023-11-15 09:15:00,32.560001373291016,33.2400016784668,32.560001373291016,33.18000030517578,33.18000030517578,5216007.0
2023-11-16 09:15:00,33.16999816894531,34.2400016784668,33.16999816894531,34.040000915527344,34.040000915527344,9190304.0
2023-11-17 09:15:00,34.0,35.0,33.90999984741211,33.970001220703125,33.970001220703125,3256629.0
2023-11-20 09:15:00,33.959999084472656,34.41999816894531,33.61000061035156,34.18000030517578,34.18000030517578,4040865.0
2023-11-21 09:15:00,34.2599983215332,34.41999816894531,34.099998474121094,34.119998931884766,34.119998931884766,2506623.0
2023-11-22 09:15:00,34.150001525878906,34.400001525878906,33.29999923706055,34.369998931884766,34.369998931884766,3262526.0
2023-11-23 09:15:00,34.400001525878906,34.5,34.16999816894531,34.189998626708984,34.189998626708984,2019976.0
2023-11-24 09:15:00,34.349998474121094,34.599998474121094,33.86000061035156,33.90999984741211,33.90999984741211,2053249.0
2023-11-28 09:15:00,33.900001525878906,34.400001525878906,33.400001525878906,33.959999084472656,33.959999084472656,2405750.0
2023-11-29 09:15:00,33.779998779296875,34.47999954223633,33.40999984741211,34.40999984741211,34.40999984741211,5471682.0
2023-11-30 09:15:00,34.40999984741211,34.58000183105469,33.400001525878906,34.400001525878906,34.400001525878906,3654608.0
2023-12-01 09:15:00,34.59000015258789,34.59000015258789,34.33000183105469,34.41999816894531,34.41999816894531,2952631.0
2023-12-04 09:15:00,34.65999984741211,35.189998626708984,34.400001525878906,34.4900016784668,34.4900016784668,4878460.0
2023-12-05 09:15:00,34.880001068115234,34.880001068115234,34.11000061035156,34.27000045776367,34.27000045776367,5828419.0
2023-12-06 09:15:00,34.880001068115234,35.0,34.2599983215332,34.95000076293945,34.95000076293945,9286845.0
2023-12-07 09:15:00,34.959999084472656,35.20000076293945,34.7599983215332,34.84000015258789,34.84000015258789,4434974.0
2023-12-08 09:15:00,35.0,35.310001373291016,34.849998474121094,35.27000045776367,35.27000045776367,7691620.0
2023-12-11 09:15:00,35.27000045776367,35.97999954223633,34.81999969482422,35.400001525878906,35.400001525878906,4356364.0
2023-12-12 09:15:00,35.40999984741211,35.75,35.209999084472656,35.33000183105469,35.33000183105469,4860087.0
2023-12-13 09:15:00,35.4900016784668,35.5,34.630001068115234,34.9900016784668,34.9900016784668,6068343.0
2023-12-14 09:15:00,34.959999084472656,36.22999954223633,34.959999084472656,36.09000015258789,36.09000015258789,15458171.0
2023-12-15 09:15:00,36.09000015258789,38.0,36.09000015258789,37.88999938964844,37.88999938964844,25614508.0
2023-12-18 09:15:00,38.18000030517578,38.5,37.5,37.86000061035156,37.86000061035156,15597149.0
2023-12-19 09:15:00,38.95000076293945,38.95000076293945,37.150001525878906,37.38999938964844,37.38999938964844,7402764.0
2023-12-20 09:15:00,37.40999984741211,38.20000076293945,36.54999923706055,36.709999084472656,36.709999084472656,9833431.0
2023-12-21 09:15:00,37.0,37.029998779296875,34.25,36.88999938964844,36.88999938964844,5710129.0
2023-12-22 09:15:00,37.0,37.849998474121094,36.77000045776367,37.70000076293945,37.70000076293945,5761095.0
2023-12-26 09:15:00,37.79999923706055,37.79999923706055,37.060001373291016,37.54999923706055,37.54999923706055,5384568.0
2023-12-27 09:15:00,37.65999984741211,37.970001220703125,37.45000076293945,37.72999954223633,37.72999954223633,4912091.0
2023-12-28 09:15:00,38.9900016784668,38.9900016784668,37.619998931884766,37.720001220703125,37.720001220703125,3567491.0
2023-12-29 09:15:00,37.75,37.79999923706055,36.93000030517578,37.36000061035156,37.36000061035156,7634241.0
2024-01-01 09:15:00,38.099998474121094,38.099998474121094,37.16999816894531,37.68000030517578,37.68000030517578,4456432.0
2024-01-02 09:15:00,37.97999954223633,37.97999954223633,37.15999984741211,37.33000183105469,37.33000183105469,4272015.0
2024-01-03 09:15:00,37.33000183105469,37.33000183105469,36.349998474121094,36.43000030517578,36.43000030517578,12410567.0
2024-01-04 09:15:00,37.5,37.5,36.11000061035156,36.40999984741211,36.40999984741211,7846356.0
2024-01-05 09:15:00,36.70000076293945,37.0,36.41999816894531,36.849998474121094,36.849998474121094,5989750.0
2024-01-08 09:15:00,36.86000061035156,37.13999938964844,36.41999816894531,36.5099983215332,36.5099983215332,3450076.0
2024-01-09 09:15:00,36.849998474121094,37.09000015258789,36.54999923706055,36.63999938964844,36.63999938964844,4691368.0
2024-01-10 09:15:00,36.619998931884766,36.9900016784668,36.0,36.7599983215332,36.7599983215332,2865648.0
2024-01-11 09:15:00,36.939998626708984,37.06999969482422,36.630001068115234,36.720001220703125,36.720001220703125,3231351.0
2024-01-12 09:15:00,37.09000015258789,38.599998474121094,37.09000015258789,38.540000915527344,38.540000915527344,23489935.0
2024-01-15 09:15:00,38.540000915527344,38.540000915527344,38.540000915527344,38.540000915527344,38.540000915527344,0.0
2024-01-16 09:15:00,39.52000045776367,39.54999923706055,38.650001525878906,38.81999969482422,38.81999969482422,5450878.0
2024-01-17 09:15:00,38.79999923706055,39.15999984741211,38.06999969482422,38.97999954223633,38.97999954223633,7129906.0
2024-01-18 09:15:00,38.95000076293945,39.15999984741211,38.119998931884766,38.7599983215332,38.7599983215332,5298842.0
2024-01-19 09:15:00,38.7400016784668,39.43000030517578,38.7400016784668,39.209999084472656,39.209999084472656,3740394.0
2024-01-23 09:15:00,39.0,39.59000015258789,38.529998779296875,38.650001525878906,38.650001525878906,4578421.0
2024-01-24 09:15:00,38.650001525878906,39.5,38.599998474121094,39.27000045776367,39.27000045776367,3667414.0
2024-01-25 09:15:00,39.47999954223633,39.47999954223633,38.54999923706055,38.68000030517578,38.68000030517578,4705651.0
2024-01-29 09:15:00,38.84000015258789,38.84000015258789,38.560001373291016,38.689998626708984,38.689998626708984,4066832.0
2024-01-30 09:15:00,39.849998474121094,39.849998474121094,38.54999923706055,38.61000061035156,38.61000061035156,2877183.0
2024-01-31 09:15:00,38.779998779296875,38.84000015258789,38.459999084472656,38.779998779296875,38.779998779296875,2277244.0
2024-02-01 09:15:00,39.5,39.5,38.619998931884766,38.689998626708984,38.689998626708984,2921576.0
2024-02-02 09:15:00,39.45000076293945,39.849998474121094,38.84000015258789,39.47999954223633,39.47999954223633,6014295.0
2024-02-05 09:15:00,39.529998779296875,39.90999984741211,39.27000045776367,39.349998474121094,39.349998474121094,3646272.0
2024-02-06 09:15:00,39.689998626708984,40.630001068115234,39.36000061035156,40.5,40.5,15736935.0
2024-02-07 09:15:00,40.939998626708984,40.939998626708984,40.02000045776367,40.09000015258789,40.09000015258789,5685985.0
2024-02-08 09:15:00,40.900001525878906,41.0,39.93000030517578,40.15999984741211,40.15999984741211,2897142.0
2024-02-09 09:15:00,40.27000045776367,40.31999969482422,39.72999954223633,40.0,40.0,2883902.0
2024-02-12 09:15:00,40.380001068115234,40.52000045776367,40.0099983215332,40.189998626708984,40.189998626708984,5296231.0
2024-02-13 09:15:00,40.369998931884766,40.47999954223633,39.79999923706055,40.439998626708984,40.439998626708984,2683402.0
2024-02-14 09:15:00,40.290000915527344,40.290000915527344,39.4900016784668,40.02000045776367,40.02000045776367,5412853.0
2024-02-15 09:15:00,41.0,41.0,39.93000030517578,40.20000076293945,40.20000076293945,5240723.0
2024-02-16 09:15:00,40.400001525878906,40.75,40.2599983215332,40.70000076293945,40.70000076293945,5214967.0
2024-02-19 09:15:00,40.70000076293945,41.0,40.29999923706055,40.58000183105469,40.58000183105469,5575408.0
2024-02-20 09:15:00,40.56999969482422,40.56999969482422,40.02000045776367,40.2599983215332,40.2599983215332,4076718.0
2024-02-21 09:15:00,41.45000076293945,41.45000076293945,39.599998474121094,39.66999816894531,39.66999816894531,4984911.0
2024-02-22 09:15:00,39.90999984741211,40.400001525878906,39.68000030517578,40.34000015258789,40.34000015258789,4080251.0
2024-02-23 09:15:00,41.560001373291016,41.560001373291016,40.209999084472656,40.29999923706055,40.29999923706055,3214636.0
2024-02-26 09:15:00,40.79999923706055,40.79999923706055,39.68000030517578,39.88999938964844,39.88999938964844,3811759.0
2024-02-27 09:15:00,40.20000076293945,40.20000076293945,39.849998474121094,40.08000183105469,40.08000183105469,2922186.0
2024-02-28 09:15:00,40.38999938964844,40.38999938964844,39.79999923706055,39.970001220703125,39.970001220703125,3221399.0
2024-02-29 09:15:00,40.13999938964844,40.13999938964844,39.63999938964844,39.970001220703125,39.970001220703125,2789861.0
2024-03-01 09:15:00,41.150001525878906,41.150001525878906,39.7599983215332,39.810001373291016,39.810001373291016,2905176.0
2024-03-04 09:15:00,40.5,40.5,39.560001373291016,39.599998474121094,39.599998474121094,3799461.0
2024-03-05 09:15:00,39.84000015258789,39.84000015258789,38.880001068115234,38.9900016784668,38.9900016784668,7772637.0
2024-03-06 09:15:00,38.97999954223633,39.29999923706055,38.349998474121094,39.209999084472656,39.209999084472656,7049288.0
2024-03-07 09:15:00,39.20000076293945,39.52000045776367,39.060001373291016,39.349998474121094,39.349998474121094,3365770.0
2024-03-11 09:15:00,39.54999923706055,39.54999923706055,39.060001373291016,39.220001220703125,39.220001220703125,3606303.0
2024-03-12 09:15:00,39.25,39.75,39.220001220703125,39.369998931884766,39.369998931884766,4062509.0
2024-03-13 09:15:00,39.66999816894531,39.720001220703125,38.810001373291016,39.0099983215332,39.0099983215332,4965530.0
2024-03-14 09:15:00,38.970001220703125,39.95000076293945,38.7400016784668,39.849998474121094,39.849998474121094,5253987.0
2024-03-15 09:15:00,40.2400016784668,40.2400016784668,39.45000076293945,39.68000030517578,39.68000030517578,1975278.0
2024-03-18 09:15:00,39.880001068115234,39.880001068115234,39.0,39.119998931884766,39.119998931884766,2912656.0
2024-03-19 09:15:00,39.119998931884766,39.33000183105469,37.95000076293945,38.02000045776367,38.02000045776367,9009582.0
2024-03-20 09:15:00,38.400001525878906,38.400001525878906,37.86000061035156,37.93000030517578,37.93000030517578,4078219.0
2024-03-21 09:15:00,38.47999954223633,38.47999954223633,38.0,38.20000076293945,38.20000076293945,3162495.0
2024-03-22 09:15:00,39.349998474121094,39.349998474121094,36.869998931884766,37.40999984741211,37.40999984741211,14130955.0
2024-03-26 09:15:00,37.79999923706055,37.79999923706055,37.08000183105469,37.11000061035156,37.11000061035156,5964137.0
2024-03-27 09:15:00,37.97999954223633,37.97999954223633,36.84000015258789,36.88999938964844,36.88999938964844,5545566.0
2024-03-28 09:15:00,37.29999923706055,37.380001068115234,36.689998626708984,37.04999923706055,37.04999923706055,7905004.0
2024-04-01 09:15:00,37.880001068115234,37.880001068115234,37.09000015258789,37.18000030517578,37.18000030517578,5661691.0
2024-04-02 09:15:00,37.5,37.5,36.900001525878906,36.93000030517578,36.93000030517578,7846447.0
2024-04-03 09:15:00,37.22999954223633,37.369998931884766,36.77000045776367,37.15999984741211,37.15999984741211,8340853.0
2024-04-04 09:15:00,37.630001068115234,37.72999954223633,37.060001373291016,37.59000015258789,37.59000015258789,11420567.0
2024-04-05 09:15:00,37.869998931884766,37.880001068115234,37.25,37.41999816894531,37.41999816894531,9797175.0
2024-04-08 09:15:00,37.20000076293945,37.97999954223633,37.0099983215332,37.209999084472656,37.209999084472656,16304144.0
2024-04-09 09:15:00,37.630001068115234,37.68000030517578,37.130001068115234,37.18000030517578,37.18000030517578,9860107.0
2024-04-10 09:15:00,37.849998474121094,37.849998474121094,37.09000015258789,37.400001525878906,37.400001525878906,5876551.0
2024-04-12 09:15:00,37.45000076293945,37.70000076293945,37.150001525878906,37.18000030517578,37.18000030517578,6746323.0
2024-04-15 09:15:00,37.25,37.25,36.45000076293945,36.56999969482422,36.56999969482422,12441561.0
2024-04-16 09:15:00,36.61000061035156,36.61000061035156,35.58000183105469,35.63999938964844,35.63999938964844,20716835.0
2024-04-18 09:15:00,35.900001525878906,36.45000076293945,35.5,35.560001373291016,35.560001373291016,15586463.0
2024-04-19 09:15:00,35.400001525878906,35.59000015258789,34.75,35.41999816894531,35.41999816894531,11424718.0
2024-04-22 09:15:00,35.43000030517578,35.72999954223633,35.31999969482422,35.59000015258789,35.59000015258789,7913821.0
2024-04-23 09:15:00,35.709999084472656,35.939998626708984,35.630001068115234,35.7599983215332,35.7599983215332,4983145.0
2024-04-24 09:15:00,35.849998474121094,35.880001068115234,35.43000030517578,35.4900016784668,35.4900016784668,5857223.0
2024-04-25 09:15:00,35.36000061035156,35.68000030517578,35.0,35.58000183105469,35.58000183105469,6289387.0
2024-04-26 09:15:00,36.650001525878906,36.650001525878906,35.54999923706055,35.68000030517578,35.68000030517578,10684272.0
2024-04-29 09:15:00,35.68000030517578,35.97999954223633,35.56999969482422,35.630001068115234,35.630001068115234,7041915.0
2024-04-30 09:15:00,35.86000061035156,35.880001068115234,35.189998626708984,35.25,35.25,9652261.0
2024-05-02 09:15:00,35.2599983215332,35.540000915527344,35.06999969482422,35.22999954223633,35.22999954223633,6170773.0
2024-05-03 09:15:00,35.75,35.75,34.59000015258789,34.939998626708984,34.939998626708984,24154991.0
2024-05-06 09:15:00,34.9900016784668,35.349998474121094,34.95000076293945,35.22999954223633,35.22999954223633,5926628.0
2024-05-07 09:15:00,35.439998626708984,35.56999969482422,35.04999923706055,35.52000045776367,35.52000045776367,7025703.0
2024-05-08 09:15:00,35.59000015258789,35.68000030517578,35.29999923706055,35.40999984741211,35.40999984741211,3982928.0
2024-05-09 09:15:00,35.5099983215332,35.5099983215332,35.06999969482422,35.22999954223633,35.22999954223633,4705455.0
2024-05-10 09:15:00,35.29999923706055,35.369998931884766,34.810001373291016,34.88999938964844,34.88999938964844,8348418.0
2024-05-13 09:15:00,34.97999954223633,35.16999816894531,34.709999084472656,35.11000061035156,35.11000061035156,4826417.0
2024-05-14 09:15:00,35.29999923706055,35.43000030517578,34.970001220703125,35.11000061035156,35.11000061035156,5655632.0
2024-05-15 09:15:00,35.33000183105469,35.38999938964844,35.0,35.189998626708984,35.189998626708984,4181217.0
2024-05-16 09:15:00,35.33000183105469,35.849998474121094,35.33000183105469,35.720001220703125,35.720001220703125,9810797.0
2024-05-17 09:15:00,35.779998779296875,35.869998931884766,35.540000915527344,35.560001373291016,35.560001373291016,5464626.0
2024-05-21 09:15:00,35.709999084472656,35.72999954223633,35.20000076293945,35.5099983215332,35.5099983215332,5769600.0
2024-05-22 09:15:00,35.5099983215332,35.79999923706055,35.5099983215332,35.689998626708984,35.689998626708984,5245335.0
2024-05-23 09:15:00,35.689998626708984,36.20000076293945,35.54999923706055,36.130001068115234,36.130001068115234,13177142.0
2024-05-24 09:15:00,36.349998474121094,36.349998474121094,35.939998626708984,35.97999954223633,35.97999954223633,7881147.0
2024-05-27 09:15:00,36.33000183105469,36.33000183105469,35.90999984741211,36.15999984741211,36.15999984741211,9607952.0
2024-05-28 09:15:00,36.2400016784668,36.45000076293945,35.97999954223633,36.0099983215332,36.0099983215332,6232020.0
2024-05-29 09:15:00,36.0,36.189998626708984,35.68000030517578,35.709999084472656,35.709999084472656,9097126.0
2024-05-30 09:15:00,35.880001068115234,35.880001068115234,34.79999923706055,35.0099983215332,35.0099983215332,14837926.0
2024-05-31 09:15:00,35.18000030517578,35.18000030517578,34.58000183105469,34.70000076293945,34.70000076293945,9441633.0
2024-06-03 09:15:00,35.75,35.900001525878906,34.77000045776367,34.91999816894531,34.91999816894531,8519567.0
2024-06-04 09:15:00,35.189998626708984,35.47999954223633,34.0099983215332,34.7599983215332,34.7599983215332,13863225.0
2024-06-05 09:15:00,35.79999923706055,35.79999923706055,34.70000076293945,35.29999923706055,35.29999923706055,9708298.0
2024-06-06 09:15:00,35.83000183105469,36.400001525878906,35.29999923706055,36.29999923706055,36.29999923706055,14809744.0
2024-06-07 09:15:00,36.41999816894531,37.58000183105469,36.29999923706055,37.47999954223633,37.47999954223633,34638227.0
2024-06-10 09:15:00,37.95000076293945,37.95000076293945,36.7599983215332,36.939998626708984,36.939998626708984,24042900.0
2024-06-11 09:15:00,37.09000015258789,37.16999816894531,36.86000061035156,36.91999816894531,36.91999816894531,6878129.0
2024-06-12 09:15:00,37.119998931884766,37.349998474121094,36.90999984741211,36.959999084472656,36.959999084472656,6827804.0
2024-06-13 09:15:00,37.0,37.369998931884766,37.0,37.279998779296875,37.279998779296875,8518419.0
2024-06-14 09:15:00,37.279998779296875,37.47999954223633,36.970001220703125,37.02000045776367,37.02000045776367,5402488.0
2024-06-18 09:15:00,37.040000915527344,37.25,36.90999984741211,37.130001068115234,37.130001068115234,9442814.0
2024-06-19 09:15:00,37.290000915527344,37.380001068115234,36.95000076293945,37.310001373291016,37.310001373291016,12419902.0
2024-06-20 09:15:00,37.47999954223633,37.47999954223633,37.130001068115234,37.2599983215332,37.2599983215332,5323662.0
2024-06-21 09:15:00,37.36000061035156,38.290000915527344,37.36000061035156,37.58000183105469,37.58000183105469,22150794.0
2024-06-24 09:15:00,37.689998626708984,37.689998626708984,37.27000045776367,37.47999954223633,37.47999954223633,5910322.0
2024-06-25 09:15:00,37.619998931884766,37.939998626708984,37.349998474121094,37.88999938964844,37.88999938964844,11894705.0
2024-06-26 09:15:00,38.150001525878906,38.150001525878906,37.7599983215332,37.83000183105469,37.83000183105469,6331539.0
2024-06-27 09:15:00,37.20000076293945,38.599998474121094,37.20000076293945,38.540000915527344,38.540000915527344,21294750.0
2024-06-28 09:15:00,38.599998474121094,38.75,38.41999816894531,38.599998474121094,38.599998474121094,10713505.0
2024-07-01 09:15:00,38.599998474121094,39.54999923706055,38.52000045776367,39.310001373291016,39.310001373291016,19417714.0
2024-07-02 09:15:00,39.400001525878906,40.0,39.36000061035156,39.77000045776367,39.77000045776367,20275361.0
2024-07-03 09:15:00,39.77000045776367,40.060001373291016,39.599998474121094,39.779998779296875,39.779998779296875,9617122.0
2024-07-04 09:15:00,39.400001525878906,40.43000030517578,39.400001525878906,40.22999954223633,40.22999954223633,13076472.0
2024-07-05 09:15:00,40.369998931884766,40.400001525878906,40.02000045776367,40.2400016784668,40.2400016784668,7924012.0
2024-07-08 09:15:00,40.25,40.45000076293945,40.02000045776367,40.22999954223633,40.22999954223633,7557952.0
2024-07-09 09:15:00,40.470001220703125,40.470001220703125,40.119998931884766,40.16999816894531,40.16999816894531,6096949.0
2024-07-10 09:15:00,40.380001068115234,40.380001068115234,39.599998474121094,39.75,39.75,10089182.0
2024-07-11 09:15:00,39.83000183105469,40.130001068115234,39.61000061035156,39.810001373291016,39.810001373291016,4097448.0
2024-07-12 09:15:00,39.810001373291016,41.849998474121094,39.810001373291016,41.61000061035156,41.61000061035156,28168620.0
2024-07-15 09:15:00,42.0,42.25,41.52000045776367,41.61000061035156,41.61000061035156,14001876.0
2024-07-16 09:15:00,41.869998931884766,42.0,41.33000183105469,41.790000915527344,41.790000915527344,10163662.0
2024-07-18 09:15:00,42.20000076293945,42.79999923706055,41.38999938964844,42.66999816894531,42.66999816894531,15190628.0
2024-07-19 09:15:00,42.709999084472656,43.4900016784668,42.5,42.61000061035156,42.61000061035156,18258460.0
2024-07-22 09:15:00,42.400001525878906,42.61000061035156,42.029998779296875,42.41999816894531,42.41999816894531,8670447.0
2024-07-23 09:15:00,42.880001068115234,43.040000915527344,41.709999084472656,42.90999984741211,42.90999984741211,15131374.0
2024-07-24 09:15:00,43.380001068115234,43.380001068115234,42.66999816894531,42.849998474121094,42.849998474121094,5269502.0
2024-07-25 09:15:00,42.86000061035156,42.90999984741211,42.41999816894531,42.7599983215332,42.7599983215332,5997832.0
2024-07-26 09:15:00,42.7599983215332,43.849998474121094,42.7599983215332,43.75,43.75,7701607.0
2024-07-29 09:15:00,43.75,44.220001220703125,43.31999969482422,43.709999084472656,43.709999084472656,5792599.0
2024-07-30 09:15:00,44.25,44.25,43.400001525878906,43.619998931884766,43.619998931884766,4444171.0
2024-07-31 09:15:00,43.79999923706055,43.970001220703125,43.52000045776367,43.68000030517578,43.68000030517578,3238317.0
2024-08-01 09:15:00,43.77000045776367,43.88999938964844,43.40999984741211,43.599998474121094,43.599998474121094,5142676.0
2024-08-02 09:15:00,43.5,43.5,42.52000045776367,42.59000015258789,42.59000015258789,14057094.0
2024-08-05 09:15:00,42.189998626708984,42.189998626708984,40.52000045776367,41.29999923706055,41.29999923706055,21849439.0
2024-08-06 09:15:00,41.29999923706055,42.20000076293945,40.970001220703125,41.220001220703125,41.220001220703125,5623505.0
2024-08-07 09:15:00,42.20000076293945,42.20000076293945,41.529998779296875,41.880001068115234,41.880001068115234,3207533.0
2024-08-08 09:15:00,41.79999923706055,41.97999954223633,41.060001373291016,41.209999084472656,41.209999084472656,3358666.0
2024-08-09 09:15:00,41.81999969482422,42.0099983215332,41.470001220703125,41.83000183105469,41.83000183105469,4386115.0
2024-08-12 09:15:00,41.83000183105469,42.04999923706055,41.459999084472656,41.810001373291016,41.810001373291016,2948449.0
2024-08-13 09:15:00,41.959999084472656,42.130001068115234,41.650001525878906,41.75,41.75,3585375.0
2024-08-14 09:15:00,41.97999954223633,42.599998474121094,41.790000915527344,42.459999084472656,42.459999084472656,4568697.0
2024-08-16 09:15:00,42.790000915527344,43.95000076293945,42.61000061035156,43.720001220703125,43.720001220703125,8291881.0
2024-08-19 09:15:00,43.709999084472656,44.13999938964844,43.599998474121094,44.06999969482422,44.06999969482422,5061369.0
2024-08-20 09:15:00,44.25,44.650001525878906,44.119998931884766,44.4900016784668,44.4900016784668,4968585.0
2024-08-21 09:15:00,44.4900016784668,44.54999923706055,44.29999923706055,44.4900016784668,44.4900016784668,4202570.0
2024-08-22 09:15:00,44.70000076293945,44.75,44.34000015258789,44.439998626708984,44.439998626708984,4118770.0
2024-08-23 09:15:00,44.400001525878906,44.75,43.95000076293945,44.029998779296875,44.029998779296875,3756012.0
2024-08-26 09:15:00,44.4900016784668,44.75,44.130001068115234,44.540000915527344,44.540000915527344,4851727.0
2024-08-27 09:15:00,44.58000183105469,44.79999923706055,44.45000076293945,44.529998779296875,44.529998779296875,2745783.0
2024-08-28 09:15:00,45.0,45.720001220703125,44.470001220703125,45.40999984741211,45.40999984741211,13510024.0
2024-08-29 09:15:00,46.75,46.75,45.06999969482422,45.5,45.5,12388576.0
2024-08-30 09:15:00,45.900001525878906,45.900001525878906,45.400001525878906,45.66999816894531,45.66999816894531,5581193.0
2024-09-02 09:15:00,45.9900016784668,46.25,45.5,45.97999954223633,45.97999954223633,4928664.0
2024-09-03 09:15:00,46.63999938964844,46.63999938964844,45.709999084472656,45.77000045776367,45.77000045776367,3762936.0
2024-09-04 09:15:00,45.560001373291016,45.560001373291016,44.900001525878906,45.439998626708984,45.439998626708984,4627327.0
2024-09-05 09:15:00,46.0,46.0,45.290000915527344,45.63999938964844,45.63999938964844,3031510.0
2024-09-06 09:15:00,45.97999954223633,45.97999954223633,45.119998931884766,45.189998626708984,45.189998626708984,4935880.0
2024-09-09 09:15:00,45.189998626708984,45.34000015258789,44.689998626708984,44.81999969482422,44.81999969482422,4473117.0
2024-09-10 09:15:00,44.939998626708984,45.86000061035156,44.91999816894531,45.63999938964844,45.63999938964844,3772786.0
2024-09-11 09:15:00,46.25,46.25,45.400001525878906,45.4900016784668,45.4900016784668,3091485.0
2024-09-12 09:15:00,46.849998474121094,46.849998474121094,45.459999084472656,46.08000183105469,46.08000183105469,4578979.0
2024-09-13 09:15:00,46.5,46.5,45.95000076293945,46.310001373291016,46.310001373291016,4317003.0
2024-09-16 09:15:00,46.310001373291016,46.59000015258789,46.22999954223633,46.290000915527344,46.290000915527344,4996239.0
2024-09-17 09:15:00,46.439998626708984,46.59000015258789,46.08000183105469,46.349998474121094,46.349998474121094,2334318.0
2024-09-18 09:15:00,46.88999938964844,46.88999938964844,44.599998474121094,45.06999969482422,45.06999969482422,20170038.0
2024-09-19 09:15:00,45.5,46.0,44.5,44.810001373291016,44.810001373291016,18960509.0
2024-09-20 09:15:00,45.38999938964844,45.40999984741211,44.599998474121094,45.08000183105469,45.08000183105469,7265230.0
2024-09-23 09:15:00,45.06999969482422,45.34000015258789,44.720001220703125,44.939998626708984,44.939998626708984,6494074.0
2024-09-24 09:15:00,44.939998626708984,45.4900016784668,44.599998474121094,45.290000915527344,45.290000915527344,9215683.0
2024-09-25 09:15:00,45.40999984741211,45.40999984741211,44.599998474121094,44.849998474121094,44.849998474121094,6900735.0
2024-09-26 09:15:00,44.84000015258789,45.29999923706055,44.84000015258789,45.08000183105469,45.08000183105469,3266980.0
2024-09-27 09:15:00,45.41999816894531,46.29999923706055,45.279998779296875,45.34000015258789,45.34000015258789,9107798.0
2024-09-30 09:15:00,45.4900016784668,45.4900016784668,44.810001373291016,44.93000030517578,44.93000030517578,4475717.0
2024-10-01 09:15:00,44.939998626708984,45.439998626708984,44.91999816894531,45.290000915527344,45.290000915527344,4885417.0
2024-10-03 09:15:00,46.0,46.0,44.560001373291016,45.099998474121094,45.099998474121094,5534664.0
2024-10-04 09:15:00,45.84000015258789,45.84000015258789,44.540000915527344,45.279998779296875,45.279998779296875,5548798.0
2024-10-07 09:15:00,45.279998779296875,45.38999938964844,44.61000061035156,45.09000015258789,45.09000015258789,5769610.0
2024-10-08 09:15:00,45.18000030517578,45.349998474121094,44.54999923706055,45.22999954223633,45.22999954223633,4281635.0
2024-10-09 09:15:00,45.20000076293945,45.79999923706055,45.189998626708984,45.4900016784668,45.4900016784668,4715644.0
2024-10-10 09:15:00,46.0,46.0,45.0,45.060001373291016,45.060001373291016,3022087.0
2024-10-11 09:15:00,45.060001373291016,45.4900016784668,44.75,45.16999816894531,45.16999816894531,2519382.0
2024-10-14 09:15:00,45.5,45.900001525878906,45.18000030517578,45.77000045776367,45.77000045776367,3950083.0
2024-10-15 09:15:00,45.779998779296875,46.25,45.59000015258789,45.72999954223633,45.72999954223633,4582378.0
2024-10-16 09:15:00,45.72999954223633,45.790000915527344,45.16999816894531,45.22999954223633,45.22999954223633,2738694.0
2024-10-17 09:15:00,45.650001525878906,45.79999923706055,45.150001525878906,45.619998931884766,45.619998931884766,4502286.0
2024-10-18 09:15:00,45.709999084472656,45.709999084472656,44.75,45.0,45.0,4632143.0
2024-10-21 09:15:00,45.9900016784668,45.9900016784668,44.349998474121094,44.4900016784668,44.4900016784668,3299389.0
2024-10-22 09:15:00,44.9900016784668,44.9900016784668,44.0,44.060001373291016,44.060001373291016,7015820.0
2024-10-23 09:15:00,46.0,46.0,44.02000045776367,45.11000061035156,45.11000061035156,5283667.0
2024-10-24 09:15:00,45.20000076293945,45.34000015258789,44.880001068115234,45.029998779296875,45.029998779296875,2207428.0
2024-10-25 09:15:00,45.5,45.5,44.7400016784668,44.88999938964844,44.88999938964844,3425258.0
2024-10-28 09:15:00,45.5,45.5,44.45000076293945,45.11000061035156,45.11000061035156,2571605.0
2024-10-29 09:15:00,45.11000061035156,45.439998626708984,44.79999923706055,45.06999969482422,45.06999969482422,1941743.0
2024-10-30 09:15:00,45.70000076293945,45.79999923706055,44.7599983215332,44.81999969482422,44.81999969482422,2250819.0
2024-10-31 09:15:00,45.70000076293945,45.70000076293945,43.31999969482422,43.54999923706055,43.54999923706055,8912199.0
2024-11-01 09:15:00,43.54999923706055,43.54999923706055,43.54999923706055,43.54999923706055,43.54999923706055,0.0
2024-11-04 09:15:00,43.7400016784668,43.7400016784668,43.0099983215332,43.439998626708984,43.439998626708984,3409081.0
2024-11-05 09:15:00,43.439998626708984,43.7400016784668,43.25,43.470001220703125,43.470001220703125,1758965.0
2024-11-06 09:15:00,44.75,45.189998626708984,43.56999969482422,45.130001068115234,45.130001068115234,6322895.0
2024-11-07 09:15:00,45.4900016784668,45.5,44.40999984741211,44.900001525878906,44.900001525878906,3425879.0
2024-11-08 09:15:00,44.90999984741211,45.43000030517578,44.90999984741211,45.130001068115234,45.130001068115234,3242059.0
2024-11-11 09:15:00,45.47999954223633,45.939998626708984,43.79999923706055,45.849998474121094,45.849998474121094,7141122.0
2024-11-12 09:15:00,45.9900016784668,46.25,45.63999938964844,45.81999969482422,45.81999969482422,13831477.0
2024-11-13 09:15:00,46.189998626708984,46.189998626708984,45.29999923706055,45.459999084472656,45.459999084472656,4744039.0
2024-11-14 09:15:00,45.810001373291016,45.869998931884766,45.279998779296875,45.5,45.5,3226247.0
2024-11-18 09:15:00,45.5,45.779998779296875,44.119998931884766,44.459999084472656,44.459999084472656,3981057.0
2024-11-19 09:15:00,45.59000015258789,45.59000015258789,44.470001220703125,44.79999923706055,44.79999923706055,2249094.0
2024-11-21 09:15:00,44.810001373291016,45.470001220703125,44.75,45.029998779296875,45.029998779296875,2303595.0
2024-11-22 09:15:00,45.650001525878906,46.70000076293945,44.90999984741211,46.45000076293945,46.45000076293945,8012991.0
2024-11-25 09:15:00,47.400001525878906,47.45000076293945,45.400001525878906,46.970001220703125,46.970001220703125,6034416.0
2024-11-26 09:15:00,46.970001220703125,47.650001525878906,46.970001220703125,47.459999084472656,47.459999084472656,14816904.0
2024-11-27 09:15:00,47.79999923706055,48.0,47.34000015258789,47.400001525878906,47.400001525878906,4941858.0
2024-11-28 09:15:00,47.5,47.5,46.15999984741211,46.27000045776367,46.27000045776367,6675925.0
2024-11-29 09:15:00,46.72999954223633,46.790000915527344,45.9900016784668,46.459999084472656,46.459999084472656,3460809.0
2024-12-02 09:15:00,46.459999084472656,46.959999084472656,46.040000915527344,46.7400016784668,46.7400016784668,4159659.0
2024-12-03 09:15:00,47.66999816894531,47.66999816894531,46.61000061035156,46.939998626708984,46.939998626708984,4325575.0
2024-12-04 09:15:00,47.5,47.5,46.81999969482422,47.15999984741211,47.15999984741211,3312567.0
2024-12-05 09:15:00,47.18000030517578,48.310001373291016,47.16999816894531,48.06999969482422,48.06999969482422,6012974.0
2024-12-06 09:15:00,48.06999969482422,49.5,47.84000015258789,47.959999084472656,47.959999084472656,7060372.0
2024-12-09 09:15:00,48.54999923706055,48.54999923706055,47.75,48.09000015258789,48.09000015258789,3039833.0
2024-12-10 09:15:00,48.38999938964844,48.70000076293945,48.099998474121094,48.47999954223633,48.47999954223633,4252289.0
2024-12-11 09:15:00,48.47999954223633,48.959999084472656,48.40999984741211,48.650001525878906,48.650001525878906,3143881.0
2024-12-12 09:15:00,48.650001525878906,49.459999084472656,48.5,49.029998779296875,49.029998779296875,4770728.0
2024-12-13 09:15:00,49.029998779296875,49.54999923706055,48.380001068115234,49.4900016784668,49.4900016784668,5782584.0
2024-12-16 09:15:00,49.7400016784668,49.7599983215332,49.0099983215332,49.119998931884766,49.119998931884766,2553796.0
2024-12-17 09:15:00,49.130001068115234,49.290000915527344,48.650001525878906,48.869998931884766,48.869998931884766,2237355.0
2024-12-18 09:15:00,49.34000015258789,49.34000015258789,48.54999923706055,48.86000061035156,48.86000061035156,1763146.0
2024-12-19 09:15:00,48.86000061035156,48.86000061035156,47.70000076293945,48.2599983215332,48.2599983215332,10827749.0
2024-12-20 09:15:00,48.9900016784668,49.099998474121094,46.84000015258789,46.93000030517578,46.93000030517578,7395252.0
2024-12-23 09:15:00,47.630001068115234,47.630001068115234,46.880001068115234,47.0099983215332,47.0099983215332,5372976.0
2024-12-24 09:15:00,47.70000076293945,47.70000076293945,46.790000915527344,46.869998931884766,46.869998931884766,2164145.0
2024-12-26 09:15:00,47.869998931884766,48.29999923706055,46.619998931884766,46.849998474121094,46.849998474121094,2116645.0
2024-12-27 09:15:00,47.29999923706055,47.849998474121094,46.65999984741211,46.88999938964844,46.88999938964844,6690514.0
2024-12-30 09:15:00,47.84000015258789,47.84000015258789,46.40999984741211,47.189998626708984,47.189998626708984,7035690.0
2024-12-31 09:15:00,47.47999954223633,47.779998779296875,45.83000183105469,46.63999938964844,46.63999938964844,4018736.0
2025-01-01 09:15:00,47.709999084472656,47.709999084472656,46.5,46.540000915527344,46.540000915527344,2366668.0
2025-01-02 09:15:00,46.54999923706055,47.66999816894531,46.47999954223633,47.599998474121094,47.599998474121094,19278469.0
2025-01-03 09:15:00,48.04999923706055,48.04999923706055,46.900001525878906,47.08000183105469,47.08000183105469,3454604.0
2025-01-06 09:15:00,47.0,47.4900016784668,46.70000076293945,46.84000015258789,46.84000015258789,4038442.0
2025-01-07 09:15:00,48.25,48.25,46.5099983215332,46.66999816894531,46.66999816894531,3002366.0
2025-01-08 09:15:00,48.04999923706055,48.04999923706055,45.97999954223633,46.83000183105469,46.83000183105469,2845551.0
2025-01-09 09:15:00,46.97999954223633,47.04999923706055,46.279998779296875,46.369998931884766,46.369998931884766,14667351.0
2025-01-10 09:15:00,46.369998931884766,48.04999923706055,46.369998931884766,47.84000015258789,47.84000015258789,7797177.0
2025-01-13 09:15:00,47.86000061035156,48.08000183105469,47.25,47.38999938964844,47.38999938964844,13230731.0
2025-01-14 09:15:00,48.33000183105469,48.33000183105469,46.15999984741211,46.279998779296875,46.279998779296875,3492482.0
2025-01-15 09:15:00,46.290000915527344,47.16999816894531,46.16999816894531,46.52000045776367,46.52000045776367,2257040.0
2025-01-16 09:15:00,46.61000061035156,47.25,46.11000061035156,46.27000045776367,46.27000045776367,3855031.0
2025-01-17 09:15:00,46.0,46.279998779296875,45.2599983215332,45.5,45.5,11386103.0
2025-01-20 09:15:00,45.5099983215332,46.279998779296875,45.060001373291016,45.63999938964844,45.63999938964844,2454044.0
2025-01-21 09:15:00,46.09000015258789,46.09000015258789,45.0,45.04999923706055,45.04999923706055,2860833.0
2025-01-22 09:15:00,45.54999923706055,46.0,45.060001373291016,45.939998626708984,45.939998626708984,2708081.0
2025-01-23 09:15:00,45.939998626708984,47.06999969482422,45.939998626708984,46.75,46.75,3707394.0
2025-01-24 09:15:00,47.75,47.75,46.54999923706055,46.93000030517578,46.93000030517578,2593842.0
2025-01-27 09:15:00,46.290000915527344,46.93000030517578,45.27000045776367,45.380001068115234,45.380001068115234,4052244.0
2025-01-28 09:15:00,45.81999969482422,45.900001525878906,45.02000045776367,45.13999938964844,45.13999938964844,2183397.0
2025-01-29 09:15:00,45.38999938964844,46.41999816894531,45.02000045776367,46.349998474121094,46.349998474121094,2499953.0
2025-01-30 09:15:00,46.349998474121094,46.58000183105469,45.470001220703125,45.79999923706055,45.79999923706055,4981713.0
2025-01-31 09:15:00,45.91999816894531,46.36000061035156,45.900001525878906,45.959999084472656,45.959999084472656,19237360.0
2025-02-01 09:15:00,45.959999084472656,46.619998931884766,45.0,45.41999816894531,45.41999816894531,2725465.0
2025-02-03 09:15:00,45.29999923706055,45.75,44.709999084472656,45.630001068115234,45.630001068115234,2261227.0
2025-02-04 09:15:00,45.630001068115234,46.380001068115234,45.619998931884766,46.220001220703125,46.220001220703125,2745361.0
2025-02-05 09:15:00,46.220001220703125,46.689998626708984,45.97999954223633,46.2400016784668,46.2400016784668,2339295.0
2025-02-06 09:15:00,46.4900016784668,46.88999938964844,46.20000076293945,46.40999984741211,46.40999984741211,3522390.0
2025-02-07 09:15:00,46.59000015258789,46.869998931884766,45.97999954223633,46.31999969482422,46.31999969482422,2044558.0
2025-02-10 09:15:00,46.77000045776367,46.77000045776367,45.86000061035156,45.93000030517578,45.93000030517578,1745666.0
2025-02-11 09:15:00,45.939998626708984,46.16999816894531,45.150001525878906,45.25,45.25,2234015.0
2025-02-12 09:15:00,46.599998474121094,46.599998474121094,44.849998474121094,45.0,45.0,2460158.0
2025-02-13 09:15:00,45.16999816894531,45.54999923706055,44.41999816894531,44.599998474121094,44.599998474121094,3620406.0
2025-02-14 09:15:00,45.27000045776367,45.599998474121094,44.029998779296875,44.59000015258789,44.59000015258789,2480648.0
2025-02-17 09:15:00,44.849998474121094,44.900001525878906,43.810001373291016,44.279998779296875,44.279998779296875,2533926.0
2025-02-18 09:15:00,44.27000045776367,44.810001373291016,44.27000045776367,44.70000076293945,44.70000076293945,1803655.0
2025-02-19 09:15:00,44.70000076293945,45.099998474121094,44.04999923706055,44.220001220703125,44.220001220703125,2412451.0
2025-02-20 09:15:00,44.209999084472656,44.29999923706055,43.95000076293945,44.08000183105469,44.08000183105469,2208010.0
2025-02-21 09:15:00,44.08000183105469,44.290000915527344,43.599998474121094,43.72999954223633,43.72999954223633,2215294.0
2025-02-24 09:15:00,43.70000076293945,43.70000076293945,42.41999816894531,42.5099983215332,42.5099983215332,5907033.0
2025-02-25 09:15:00,42.5099983215332,42.650001525878906,42.13999938964844,42.16999816894531,42.16999816894531,3069717.0
2025-02-27 09:15:00,43.45000076293945,43.45000076293945,41.779998779296875,42.0099983215332,42.0099983215332,7521053.0
2025-02-28 09:15:00,41.970001220703125,42.0099983215332,40.099998474121094,40.22999954223633,40.22999954223633,9388560.0
2025-03-03 09:15:00,41.0099983215332,41.0099983215332,40.150001525878906,40.560001373291016,40.560001373291016,3298120.0
2025-03-04 09:15:00,40.84000015258789,40.84000015258789,39.7400016784668,40.36000061035156,40.36000061035156,5039935.0
2025-03-05 09:15:00,40.900001525878906,41.47999954223633,40.279998779296875,41.209999084472656,41.209999084472656,3440157.0
2025-03-06 09:15:00,42.45000076293945,42.45000076293945,41.029998779296875,41.25,41.25,1818165.0
2025-03-07 09:15:00,41.2599983215332,41.97999954223633,40.70000076293945,40.91999816894531,40.91999816894531,2637747.0
2025-03-10 09:15:00,44.20000076293945,44.20000076293945,39.900001525878906,40.72999954223633,40.72999954223633,1850510.0
2025-03-11 09:15:00,40.5,40.5,39.63999938964844,40.34000015258789,40.34000015258789,3706342.0
2025-03-12 09:15:00,40.34000015258789,40.400001525878906,38.70000076293945,39.15999984741211,39.15999984741211,13016801.0
2025-03-13 09:15:00,39.189998626708984,39.619998931884766,38.900001525878906,38.970001220703125,38.970001220703125,3644589.0
2025-03-17 09:15:00,39.47999954223633,39.47999954223633,38.68000030517578,38.970001220703125,38.970001220703125,4610869.0
2025-03-18 09:15:00,38.970001220703125,38.970001220703125,38.970001220703125,38.970001220703125,38.970001220703125,0.0
2025-03-19 09:15:00,39.779998779296875,39.779998779296875,38.75,39.08000183105469,39.08000183105469,8948905.0
2025-03-20 09:15:00,39.630001068115234,40.119998931884766,39.11000061035156,39.68000030517578,39.68000030517578,6472191.0
2025-03-21 09:15:00,39.75,40.0,38.61000061035156,39.70000076293945,39.70000076293945,9658361.0
2025-03-24 09:15:00,39.75,40.470001220703125,39.529998779296875,40.25,40.25,5864075.0
2025-03-25 09:15:00,40.4900016784668,41.18000030517578,40.38999938964844,40.75,40.75,8213476.0
2025-03-26 09:15:00,41.0,41.29999923706055,40.29999923706055,40.400001525878906,40.400001525878906,4586472.0
2025-03-27 09:15:00,40.400001525878906,40.619998931884766,40.150001525878906,40.41999816894531,40.41999816894531,3003280.0
2025-03-28 09:15:00,40.599998474121094,40.599998474121094,39.709999084472656,39.77000045776367,39.77000045776367,5465507.0
2025-04-01 09:15:00,39.75,39.75,38.7599983215332,38.86000061035156,38.86000061035156,7325046.0
2025-04-02 09:15:00,39.0,39.58000183105469,38.7599983215332,39.209999084472656,39.209999084472656,3054402.0
2025-04-03 09:15:00,38.20000076293945,39.70000076293945,37.47999954223633,37.619998931884766,37.619998931884766,20585919.0
2025-04-04 09:15:00,37.9900016784668,37.9900016784668,36.18000030517578,36.38999938964844,36.38999938964844,18107536.0
2025-04-07 09:15:00,35.400001525878906,36.150001525878906,33.630001068115234,35.84000015258789,35.84000015258789,22935425.0
2025-04-08 09:15:00,36.34000015258789,36.4900016784668,35.560001373291016,35.97999954223633,35.97999954223633,10400579.0
2025-04-09 09:15:00,35.97999954223633,35.97999954223633,34.849998474121094,35.20000076293945,35.20000076293945,9542794.0
2025-04-11 09:15:00,36.380001068115234,36.380001068115234,35.220001220703125,35.45000076293945,35.45000076293945,11764764.0
2025-04-15 09:15:00,37.220001220703125,37.220001220703125,35.619998931884766,35.95000076293945,35.95000076293945,10461310.0
2025-04-16 09:15:00,35.95000076293945,36.09000015258789,35.540000915527344,35.970001220703125,35.970001220703125,8045910.0
2025-04-17 09:15:00,35.650001525878906,36.27000045776367,35.150001525878906,36.11000061035156,36.11000061035156,17447191.0
2025-04-21 09:15:00,36.150001525878906,37.36000061035156,36.0,36.93000030517578,36.93000030517578,25663011.0
2025-04-22 09:15:00,36.93000030517578,36.95000076293945,36.54999923706055,36.720001220703125,36.720001220703125,9740334.0
2025-04-23 09:15:00,37.0099983215332,38.36000061035156,37.0099983215332,38.29999923706055,38.29999923706055,32819171.0
2025-04-24 09:15:00,38.29999923706055,38.4900016784668,37.959999084472656,38.08000183105469,38.08000183105469,9920086.0
2025-04-25 09:15:00,38.5,38.7400016784668,37.79999923706055,38.34000015258789,38.34000015258789,15417573.0
2025-04-28 09:15:00,38.84000015258789,38.84000015258789,37.95000076293945,38.310001373291016,38.310001373291016,7312868.0
2025-04-29 09:15:00,38.68000030517578,39.04999923706055,38.2599983215332,38.779998779296875,38.779998779296875,9765038.0
2025-04-30 09:15:00,38.779998779296875,39.099998474121094,38.40999984741211,38.599998474121094,38.599998474121094,8660554.0
2025-05-02 09:15:00,38.61000061035156,39.20000076293945,38.47999954223633,38.650001525878906,38.650001525878906,8708509.0
2025-05-05 09:15:00,38.75,39.2400016784668,38.75,38.91999816894531,38.91999816894531,6347159.0
2025-05-06 09:15:00,39.0,39.279998779296875,38.61000061035156,38.66999816894531,38.66999816894531,12055924.0
2025-05-07 09:15:00,39.150001525878906,39.150001525878906,38.22999954223633,38.790000915527344,38.790000915527344,4659187.0
2025-05-08 09:15:00,38.79999923706055,39.119998931884766,38.689998626708984,38.810001373291016,38.810001373291016,12685625.0
2025-05-09 09:15:00,38.810001373291016,38.810001373291016,38.2400016784668,38.720001220703125,38.720001220703125,5032717.0
2025-05-12 09:15:00,39.5,41.400001525878906,39.0,41.33000183105469,41.33000183105469,23231100.0
2025-05-13 09:15:00,41.29999923706055,41.459999084472656,40.400001525878906,40.45000076293945,40.45000076293945,11907933.0
2025-05-14 09:15:00,40.9900016784668,40.9900016784668,40.45000076293945,40.93000030517578,40.93000030517578,6316251.0
2025-05-15 09:15:00,40.93000030517578,41.45000076293945,40.560001373291016,41.349998474121094,41.349998474121094,13041965.0
2025-05-16 09:15:00,41.36000061035156,41.599998474121094,40.90999984741211,41.119998931884766,41.119998931884766,8277397.0
2025-05-19 09:15:00,41.2599983215332,41.880001068115234,40.5099983215332,40.59000015258789,40.59000015258789,7830327.0
2025-05-20 09:15:00,40.599998474121094,41.04999923706055,40.310001373291016,40.369998931884766,40.369998931884766,7153518.0
2025-05-21 09:15:00,40.380001068115234,40.869998931884766,40.130001068115234,40.63999938964844,40.63999938964844,4336603.0
2025-05-22 09:15:00,40.619998931884766,40.619998931884766,39.849998474121094,40.04999923706055,40.04999923706055,8054980.0
2025-05-23 09:15:00,40.04999923706055,40.91999816894531,40.04999923706055,40.47999954223633,40.47999954223633,6855310.0
2025-05-26 09:15:00,40.790000915527344,40.900001525878906,40.5099983215332,40.79999923706055,40.79999923706055,8194480.0
2025-05-27 09:15:00,40.79999923706055,40.81999969482422,40.43000030517578,40.630001068115234,40.630001068115234,4714449.0
2025-05-28 09:15:00,40.900001525878906,41.029998779296875,40.54999923706055,40.59000015258789,40.59000015258789,2765201.0
2025-05-29 09:15:00,40.650001525878906,41.150001525878906,40.650001525878906,40.81999969482422,40.81999969482422,5995814.0
2025-05-30 09:15:00,40.81999969482422,40.97999954223633,40.5,40.529998779296875,40.529998779296875,3698572.0
2025-06-02 09:15:00,40.599998474121094,40.880001068115234,40.0099983215332,40.29999923706055,40.29999923706055,5052954.0
2025-06-03 09:15:00,41.13999938964844,41.13999938964844,39.959999084472656,40.040000915527344,40.040000915527344,5187879.0
2025-06-04 09:15:00,41.040000915527344,41.040000915527344,40.0,40.150001525878906,40.150001525878906,3881029.0
2025-06-05 09:15:00,41.150001525878906,41.150001525878906,40.0,40.310001373291016,40.310001373291016,3719038.0
2025-06-06 09:15:00,41.310001373291016,41.310001373291016,39.29999923706055,40.47999954223633,40.47999954223633,4089734.0
2025-06-09 09:15:00,41.13999938964844,41.13999938964844,40.47999954223633,40.88999938964844,40.88999938964844,6145171.0
2025-06-10 09:15:00,40.88999938964844,41.93000030517578,40.88999938964844,41.79999923706055,41.79999923706055,20549171.0
2025-06-11 09:15:00,43.0,43.0,40.79999923706055,42.25,42.25,19690455.0
2025-06-12 09:15:00,42.45000076293945,42.5,41.630001068115234,41.86000061035156,41.86000061035156,15257545.0
2025-06-13 09:15:00,42.900001525878906,42.900001525878906,40.099998474121094,41.91999816894531,41.91999816894531,8634263.0
2025-06-16 09:15:00,41.9900016784668,42.75,41.220001220703125,42.540000915527344,42.540000915527344,19108060.0
2025-06-17 09:15:00,43.599998474121094,43.599998474121094,42.459999084472656,42.77000045776367,42.77000045776367,8958123.0
2025-06-18 09:15:00,43.2400016784668,43.2400016784668,42.29999923706055,42.40999984741211,42.40999984741211,9643622.0
2025-06-19 09:15:00,41.34000015258789,42.40999984741211,41.34000015258789,41.959999084472656,41.959999084472656,18117658.0
2025-06-20 09:15:00,40.90999984741211,42.38999938964844,40.90999984741211,42.310001373291016,42.310001373291016,5609741.0
2025-06-23 09:15:00,42.97999954223633,42.97999954223633,41.25,41.84000015258789,41.84000015258789,5959455.0
2025-06-24 09:15:00,42.38999938964844,42.38999938964844,41.72999954223633,41.81999969482422,41.81999969482422,7206045.0
2025-06-25 09:15:00,40.77000045776367,42.5,40.77000045776367,42.439998626708984,42.439998626708984,7542946.0
2025-06-26 09:15:00,42.439998626708984,42.560001373291016,42.15999984741211,42.400001525878906,42.400001525878906,5149821.0
2025-06-27 09:15:00,41.34000015258789,42.880001068115234,41.25,42.290000915527344,42.290000915527344,10250436.0
2025-06-30 09:15:00,43.34000015258789,43.560001373291016,42.08000183105469,42.40999984741211,42.40999984741211,6132686.0
2025-07-01 09:15:00,43.68000030517578,43.68000030517578,42.099998474121094,42.220001220703125,42.220001220703125,9455532.0
2025-07-02 09:15:00,42.68000030517578,42.88999938964844,41.77000045776367,42.25,42.25,9366954.0
2025-07-03 09:15:00,42.75,42.75,42.02000045776367,42.2400016784668,42.2400016784668,4101135.0
2025-07-04 09:15:00,43.290000915527344,43.290000915527344,42.16999816894531,42.529998779296875,42.529998779296875,4423452.0
2025-07-07 09:15:00,42.209999084472656,43.59000015258789,42.20000076293945,42.29999923706055,42.29999923706055,5112502.0
2025-07-08 09:15:00,43.349998474121094,43.349998474121094,41.400001525878906,42.36000061035156,42.36000061035156,4669314.0
2025-07-09 09:15:00,42.369998931884766,42.70000076293945,41.959999084472656,42.040000915527344,42.040000915527344,7304717.0
2025-07-10 09:15:00,41.5,42.959999084472656,40.97999954223633,41.790000915527344,41.790000915527344,5608070.0
2025-07-11 09:15:00,41.4900016784668,41.4900016784668,40.900001525878906,41.02000045776367,41.02000045776367,12168054.0
2025-07-14 09:15:00,41.47999954223633,41.47999954223633,40.29999923706055,40.4900016784668,40.4900016784668,11984085.0
2025-07-15 09:15:00,41.70000076293945,41.70000076293945,40.34000015258789,40.63999938964844,40.63999938964844,10892981.0
2025-07-16 09:15:00,41.650001525878906,41.650001525878906,40.540000915527344,41.0,41.0,7869588.0
2025-07-17 09:15:00,42.02000045776367,42.22999954223633,40.43000030517578,40.470001220703125,40.470001220703125,8619374.0
2025-07-18 09:15:00,40.470001220703125,41.0099983215332,40.279998779296875,40.5099983215332,40.5099983215332,6064382.0
2025-07-21 09:15:00,40.91999816894531,40.91999816894531,40.119998931884766,40.38999938964844,40.38999938964844,4724727.0
2025-07-22 09:15:00,41.38999938964844,41.38999938964844,40.18000030517578,40.209999084472656,40.209999084472656,5546295.0
2025-07-23 09:15:00,39.20000076293945,40.9900016784668,39.20000076293945,40.31999969482422,40.31999969482422,4977047.0
2025-07-24 09:15:00,41.31999969482422,41.31999969482422,39.310001373291016,39.400001525878906,39.400001525878906,17742433.0
2025-07-25 09:15:00,39.439998626708984,39.560001373291016,38.77000045776367,38.849998474121094,38.849998474121094,10838784.0
2025-07-28 09:15:00,38.849998474121094,39.75,38.29999923706055,38.63999938964844,38.63999938964844,14980463.0
2025-07-29 09:15:00,39.15999984741211,39.15999984741211,38.31999969482422,38.65999984741211,38.65999984741211,10801392.0
2025-07-30 09:15:00,39.619998931884766,39.619998931884766,38.52000045776367,38.77000045776367,38.77000045776367,6555771.0
2025-07-31 09:15:00,39.70000076293945,39.70000076293945,38.25,38.58000183105469,38.58000183105469,7373810.0
2025-08-01 09:15:00,39.45000076293945,39.45000076293945,37.650001525878906,37.869998931884766,37.869998931884766,10271852.0
2025-08-04 09:15:00,37.849998474121094,39.0099983215332,37.52000045776367,38.459999084472656,38.459999084472656,8202997.0
2025-08-05 09:15:00,38.099998474121094,39.41999816894531,37.52000045776367,38.290000915527344,38.290000915527344,4905083.0
2025-08-06 09:15:00,37.650001525878906,38.650001525878906,37.349998474121094,37.61000061035156,37.61000061035156,7094276.0
2025-08-07 09:15:00,38.54999923706055,38.7400016784668,37.400001525878906,37.93000030517578,37.93000030517578,6844583.0
2025-08-08 09:15:00,39.79999923706055,39.79999923706055,37.54999923706055,37.59000015258789,37.59000015258789,5791829.0
2025-08-11 09:15:00,37.02000045776367,37.97999954223633,37.02000045776367,37.75,37.75,7430170.0
2025-08-12 09:15:00,36.79999923706055,38.650001525878906,36.79999923706055,37.880001068115234,37.880001068115234,7679642.0
2025-08-13 09:15:00,37.810001373291016,38.599998474121094,37.75,37.900001525878906,37.900001525878906,4537432.0
2025-08-14 09:15:00,37.79999923706055,38.56999969482422,37.5,38.119998931884766,38.119998931884766,5452173.0
2025-08-18 09:15:00,38.70000076293945,38.79999923706055,37.70000076293945,37.83000183105469,37.83000183105469,7673783.0
2025-08-19 09:15:00,37.650001525878906,38.77000045776367,37.650001525878906,37.95000076293945,37.95000076293945,5672788.0
2025-08-20 09:15:00,38.599998474121094,39.0,37.84000015258789,38.939998626708984,38.939998626708984,19311808.0
2025-08-21 09:15:00,39.5,39.52000045776367,38.75,39.0099983215332,39.0099983215332,8154259.0
2025-08-22 09:15:00,38.11000061035156,39.97999954223633,38.11000061035156,38.720001220703125,38.720001220703125,4696189.0
2025-08-25 09:15:00,38.70000076293945,39.689998626708984,38.70000076293945,39.540000915527344,39.540000915527344,12077370.0
2025-08-26 09:15:00,39.83000183105469,39.83000183105469,38.79999923706055,39.2599983215332,39.2599983215332,12128599.0
2025-08-28 09:15:00,38.45000076293945,39.7400016784668,38.45000076293945,38.70000076293945,38.70000076293945,6950623.0
2025-08-29 09:15:00,39.65999984741211,39.65999984741211,38.369998931884766,38.41999816894531,38.41999816894531,6149663.0
2025-09-01 09:15:00,37.650001525878906,39.0,37.650001525878906,38.959999084472656,38.959999084472656,4958707.0
2025-09-02 09:15:00,39.119998931884766,39.29999923706055,38.7400016784668,39.0,39.0,4622262.0
2025-09-03 09:15:00,38.02000045776367,39.29999923706055,38.02000045776367,38.7599983215332,38.7599983215332,4991525.0
2025-09-04 09:15:00,38.7599983215332,39.0099983215332,38.310001373291016,38.380001068115234,38.380001068115234,6101554.0
2025-09-05 09:15:00,39.33000183105469,39.33000183105469,37.529998779296875,37.849998474121094,37.849998474121094,18818110.0
2025-09-08 09:15:00,38.790000915527344,38.790000915527344,37.43000030517578,37.4900016784668,37.4900016784668,9935512.0
2025-09-09 09:15:00,38.41999816894531,38.61000061035156,37.79999923706055,38.52000045776367,38.52000045776367,17538685.0
2025-09-10 09:15:00,38.560001373291016,39.540000915527344,38.5,39.43000030517578,39.43000030517578,16064146.0
2025-09-11 09:15:00,40.40999984741211,40.40999984741211,39.040000915527344,39.2400016784668,39.2400016784668,5621790.0
2025-09-12 09:15:00,40.220001220703125,40.41999816894531,39.25,39.36000061035156,39.36000061035156,5153358.0
2025-09-15 09:15:00,39.790000915527344,39.790000915527344,38.369998931884766,39.18000030517578,39.18000030517578,4912862.0
2025-09-16 09:15:00,38.619998931884766,39.790000915527344,38.619998931884766,39.47999954223633,39.47999954223633,4790630.0
2025-09-17 09:15:00,39.400001525878906,39.900001525878906,39.400001525878906,39.77000045776367,39.77000045776367,7411546.0
2025-09-18 09:15:00,39.68000030517578,40.349998474121094,39.459999084472656,40.119998931884766,40.119998931884766,11082621.0
2025-09-19 09:15:00,40.31999969482422,40.400001525878906,39.70000076293945,39.90999984741211,39.90999984741211,7172837.0
2025-09-22 09:15:00,38.849998474121094,40.0,38.369998931884766,38.779998779296875,38.779998779296875,30071128.0
2025-09-23 09:15:00,38.95000076293945,38.97999954223633,38.43000030517578,38.47999954223633,38.47999954223633,13024404.0
2025-09-24 09:15:00,39.06999969482422,39.150001525878906,38.08000183105469,38.209999084472656,38.209999084472656,8396500.0
2025-09-25 09:15:00,37.25,39.04999923706055,37.25,37.72999954223633,37.72999954223633,10130158.0
2025-09-26 09:15:00,37.72999954223633,37.7599983215332,36.75,36.83000183105469,36.83000183105469,19382458.0
2025-09-29 09:15:00,36.79999923706055,37.290000915527344,35.900001525878906,36.79999923706055,36.79999923706055,7765764.0
2025-09-30 09:15:00,37.099998474121094,37.099998474121094,35.880001068115234,36.75,36.75,4907004.0
2025-10-01 09:15:00,37.0,38.04999923706055,36.52000045776367,37.15999984741211,37.15999984741211,6982213.0
2025-10-03 09:15:00,37.650001525878906,37.650001525878906,36.880001068115234,37.08000183105469,37.08000183105469,6832500.0
2025-10-06 09:15:00,37.08000183105469,37.86000061035156,37.0,37.83000183105469,37.83000183105469,8889214.0
2025-10-07 09:15:00,37.29999923706055,38.22999954223633,37.29999923706055,37.81999969482422,37.81999969482422,5644419.0
2025-10-08 09:15:00,37.81999969482422,38.54999923706055,37.72999954223633,38.369998931884766,38.369998931884766,10652074.0
2025-10-09 09:15:00,38.709999084472656,38.849998474121094,38.349998474121094,38.790000915527344,38.790000915527344,9636078.0
2025-10-10 09:15:00,38.86000061035156,39.0,38.52000045776367,38.779998779296875,38.779998779296875,5415617.0
2025-10-13 09:15:00,38.47999954223633,38.790000915527344,38.22999954223633,38.4900016784668,38.4900016784668,5904570.0
2025-10-14 09:15:00,38.56999969482422,38.939998626708984,38.34000015258789,38.369998931884766,38.369998931884766,7057586.0
2025-10-15 09:15:00,38.40999984741211,38.79999923706055,38.40999984741211,38.63999938964844,38.63999938964844,5181928.0
2025-10-16 09:15:00,38.9900016784668,38.9900016784668,38.459999084472656,38.810001373291016,38.810001373291016,6609735.0
2025-10-17 09:15:00,38.810001373291016,38.810001373291016,38.150001525878906,38.22999954223633,38.22999954223633,15241334.0
2025-10-20 09:15:00,38.61000061035156,38.650001525878906,38.22999954223633,38.58000183105469,38.58000183105469,6744161.0
2025-10-21 09:15:00,39.70000076293945,39.70000076293945,38.560001373291016,38.70000076293945,38.70000076293945,3513072.0
2025-10-23 09:15:00,38.95000076293945,39.79999923706055,38.75,39.41999816894531,39.41999816894531,26123975.0
2025-10-27 09:15:00,39.279998779296875,40.79999923706055,39.279998779296875,39.630001068115234,39.630001068115234,8697032.0
2025-10-28 09:15:00,39.810001373291016,39.810001373291016,39.22999954223633,39.41999816894531,39.41999816894531,6605063.0
2025-10-29 09:15:00,39.41999816894531,39.95000076293945,39.349998474121094,39.65999984741211,39.65999984741211,7792406.0
2025-10-30 09:15:00,39.65999984741211,40.79999923706055,39.349998474121094,39.45000076293945,39.45000076293945,5463774.0
2025-10-31 09:15:00,39.45000076293945,39.61000061035156,39.220001220703125,39.25,39.25,4923401.0
2025-11-03 09:15:00,39.25,39.36000061035156,38.95000076293945,39.11000061035156,39.11000061035156,10179303.0
2025-11-04 09:15:00,39.0,39.25,38.130001068115234,38.790000915527344,38.790000915527344,5569098.0
2025-11-06 09:15:00,38.9900016784668,39.029998779296875,38.7400016784668,38.790000915527344,38.790000915527344,4084707.0
2025-11-07 09:15:00,38.790000915527344,38.849998474121094,38.209999084472656,38.599998474121094,38.599998474121094,5450088.0
2025-11-10 09:15:00,38.54999923706055,39.7599983215332,38.0,39.22999954223633,39.22999954223633,7118311.0
2025-11-11 09:15:00,39.400001525878906,39.779998779296875,39.189998626708984,39.72999954223633,39.72999954223633,14007612.0
2025-11-12 09:15:00,39.70000076293945,40.59000015258789,39.70000076293945,40.52000045776367,40.52000045776367,30124977.0
2025-11-13 09:15:00,40.70000076293945,40.77000045776367,40.20000076293945,40.36000061035156,40.36000061035156,17787711.0
2025-11-14 09:15:00,40.20000076293945,40.209999084472656,39.56999969482422,39.95000076293945,39.95000076293945,13380444.0
2025-11-17 09:15:00,40.40999984741211,40.40999984741211,39.709999084472656,40.02000045776367,40.02000045776367,6872958.0
2025-11-18 09:15:00,40.02000045776367,40.34000015258789,39.5099983215332,39.56999969482422,39.56999969482422,6461315.0
2025-11-19 09:15:00,39.58000183105469,40.77000045776367,39.56999969482422,40.720001220703125,40.720001220703125,27287469.0
2025-11-20 09:15:00,40.720001220703125,40.970001220703125,40.560001373291016,40.61000061035156,40.61000061035156,18675363.0
2025-11-21 09:15:00,40.900001525878906,40.900001525878906,40.31999969482422,40.439998626708984,40.439998626708984,27003669.0
2025-11-24 09:15:00,41.70000076293945,41.72999954223633,40.459999084472656,40.66999816894531,40.66999816894531,14590994.0
2025-11-25 09:15:00,40.66999816894531,41.439998626708984,40.290000915527344,40.41999816894531,40.41999816894531,9316966.0
2025-11-26 09:15:00,40.88999938964844,41.0,40.5,40.97999954223633,40.97999954223633,8516804.0
2025-11-27 09:15:00,41.75,41.75,40.83000183105469,41.06999969482422,41.06999969482422,8770195.0
2025-11-28 09:15:00,42.04999923706055,42.29999923706055,40.95000076293945,41.040000915527344,41.040000915527344,7144350.0
2025-12-01 09:15:00,41.04999923706055,41.34000015258789,41.029998779296875,41.18000030517578,41.18000030517578,9833347.0
2025-12-02 09:15:00,41.41999816894531,41.41999816894531,41.040000915527344,41.189998626708984,41.189998626708984,7058950.0
2025-12-03 09:15:00,41.189998626708984,42.0,41.02000045776367,41.630001068115234,41.630001068115234,16221762.0
2025-12-04 09:15:00,41.630001068115234,42.20000076293945,41.439998626708984,42.06999969482422,42.06999969482422,15450983.0
2025-12-05 09:15:00,42.869998931884766,42.869998931884766,42.06999969482422,42.45000076293945,42.45000076293945,14539964.0
2025-12-08 09:15:00,42.099998474121094,42.810001373291016,42.040000915527344,42.369998931884766,42.369998931884766,15777328.0
2025-12-09 09:15:00,42.369998931884766,42.369998931884766,41.650001525878906,41.88999938964844,41.88999938964844,13757646.0
2025-12-10 09:15:00,42.93000030517578,42.93000030517578,41.099998474121094,41.47999954223633,41.47999954223633,6792206.0
2025-12-11 09:15:00,42.5099983215332,42.5099983215332,40.70000076293945,41.81999969482422,41.81999969482422,8812584.0
2025-12-12 09:15:00,41.81999969482422,42.099998474121094,41.630001068115234,42.04999923706055,42.04999923706055,6250199.0
2025-12-15 09:15:00,40.9900016784668,42.400001525878906,40.9900016784668,42.13999938964844,42.13999938964844,4437380.0
2025-12-16 09:15:00,42.4900016784668,42.4900016784668,41.06999969482422,41.7599983215332,41.7599983215332,5326034.0
2025-12-17 09:15:00,42.79999923706055,42.79999923706055,41.66999816894531,41.880001068115234,41.880001068115234,4391973.0
2025-12-18 09:15:00,41.880001068115234,42.400001525878906,41.880001068115234,42.349998474121094,42.349998474121094,6736696.0
2025-12-19 09:15:00,41.290000915527344,42.900001525878906,41.290000915527344,42.41999816894531,42.41999816894531,6444191.0
2025-12-22 09:15:00,42.619998931884766,43.79999923706055,42.619998931884766,43.290000915527344,43.290000915527344,18019893.0
2025-12-23 09:15:00,43.02000045776367,43.43000030517578,42.75,42.9900016784668,42.9900016784668,9976013.0
2025-12-24 09:15:00,42.720001220703125,43.09000015258789,42.689998626708984,42.72999954223633,42.72999954223633,8339647.0
2025-12-26 09:15:00,42.72999954223633,42.900001525878906,42.29999923706055,42.34000015258789,42.34000015258789,6706847.0
2025-12-29 09:15:00,43.0,43.0,41.900001525878906,41.97999954223633,41.97999954223633,17822718.0
2025-12-30 09:15:00,41.349998474121094,42.380001068115234,41.349998474121094,41.7599983215332,41.7599983215332,6405178.0
2025-12-31 09:15:00,41.0,41.97999954223633,40.709999084472656,41.66999816894531,41.66999816894531,4812659.0
2026-01-01 09:15:00,40.75,42.29999923706055,40.75,41.970001220703125,41.970001220703125,3866387.0
2026-01-02 09:15:00,43.0099983215332,43.0099983215332,41.849998474121094,42.13999938964844,42.13999938964844,5801440.0
2026-01-05 09:15:00,42.9900016784668,42.9900016784668,41.099998474121094,41.5099983215332,41.5099983215332,14550136.0
2026-01-06 09:15:00,42.540000915527344,42.540000915527344,41.11000061035156,41.63999938964844,41.63999938964844,6668952.0
2026-01-07 09:15:00,42.88999938964844,42.88999938964844,41.5,42.43000030517578,42.43000030517578,10654719.0
2026-01-08 09:15:00,41.36000061035156,42.529998779296875,41.36000061035156,41.630001068115234,41.630001068115234,8036013.0
2026-01-09 09:15:00,41.939998626708984,41.95000076293945,41.38999938964844,41.72999954223633,41.72999954223633,6762107.0
2026-01-12 09:15:00,42.77000045776367,42.77000045776367,41.22999954223633,41.689998626708984,41.689998626708984,7380255.0
2026-01-13 09:15:00,40.63999938964844,42.13999938964844,40.63999938964844,41.93000030517578,41.93000030517578,7895396.0
2026-01-14 09:15:00,41.63999938964844,43.0,41.310001373291016,41.4900016784668,41.4900016784668,5572625.0
2026-01-15 09:00:00,41.4900016784668,41.4900016784668,41.4900016784668,41.4900016784668,41.4900016784668,0.0
2026-01-16 09:15:00,41.650001525878906,43.11000061035156,41.650001525878906,43.04999923706055,43.04999923706055,26818445.0
2026-01-19 09:15:00,43.06999969482422,43.06999969482422,42.619998931884766,42.86000061035156,42.86000061035156,11070925.0
2026-01-20 09:15:00,42.43000030517578,43.93000030517578,41.880001068115234,41.970001220703125,41.970001220703125,8285841.0
2026-01-21 09:15:00,41.970001220703125,42.04999923706055,41.27000045776367,41.849998474121094,41.849998474121094,8286724.0
2026-01-22 09:15:00,42.88999938964844,42.88999938964844,41.939998626708984,42.22999954223633,42.22999954223633,4022778.0
2026-01-23 09:15:00,43.0,43.0,42.02000045776367,42.119998931884766,42.119998931884766,6337415.0
2026-01-27 09:15:00,43.16999816894531,43.380001068115234,41.95000076293945,42.5099983215332,42.5099983215332,5022385.0
2026-01-28 09:15:00,42.54999923706055,42.75,42.369998931884766,42.650001525878906,42.650001525878906,7099924.0
2026-01-29 09:15:00,42.75,42.75,41.939998626708984,42.31999969482422,42.31999969482422,5613589.0
2026-01-30 09:15:00,42.31999969482422,42.31999969482422,41.58000183105469,41.939998626708984,41.939998626708984,5776996.0
2026-02-02 09:15:00,43.0,43.0,41.650001525878906,41.939998626708984,41.939998626708984,4022797.0
2026-02-03 09:15:00,42.36000061035156,44.27000045776367,42.36000061035156,42.59000015258789,42.59000015258789,16932381.0
2026-02-04 09:15:00,42.20000076293945,42.59000015258789,39.599998474121094,40.2400016784668,40.2400016784668,86921887.0
2026-02-05 09:15:00,40.2400016784668,40.43000030517578,39.81999969482422,39.97999954223633,39.97999954223633,38107205.0
2026-02-06 09:15:00,40.970001220703125,40.970001220703125,38.900001525878906,39.349998474121094,39.349998474121094,21031137.0
2026-02-09 09:15:00,40.33000183105469,40.33000183105469,39.25,39.290000915527344,39.290000915527344,9924762.0
2026-02-10 09:15:00,39.290000915527344,39.79999923706055,39.11000061035156,39.459999084472656,39.459999084472656,12396363.0
2026-02-11 09:15:00,39.689998626708984,39.689998626708984,38.70000076293945,38.790000915527344,38.790000915527344,17669045.0
2026-02-12 09:15:00,38.84000015258789,38.84000015258789,36.54999923706055,36.650001525878906,36.650001525878906,73106329.0
2026-02-13 09:15:00,35.20000076293945,36.43000030517578,34.7599983215332,36.11000061035156,36.11000061035156,103664693.0
2026-02-16 09:15:00,36.880001068115234,36.880001068115234,35.5,36.189998626708984,36.189998626708984,39995665.0
2026-02-17 09:15:00,36.189998626708984,37.20000076293945,36.029998779296875,36.56999969482422,36.56999969482422,45140116.0
2026-02-18 09:15:00,36.91999816894531,36.91999816894531,35.560001373291016,36.09000015258789,36.09000015258789,28226221.0
2026-02-19 09:15:00,36.599998474121094,36.650001525878906,35.599998474121094,35.709999084472656,35.709999084472656,21196085.0
2026-02-20 09:15:00,35.68000030517578,35.75,35.16999816894531,35.380001068115234,35.380001068115234,27058853.0
2026-02-23 09:15:00,35.540000915527344,35.540000915527344,34.72999954223633,34.86000061035156,34.86000061035156,28977046.0
2026-02-24 09:15:00,34.41999816894531,34.59000015258789,33.02000045776367,33.20000076293945,33.20000076293945,79791211.0
2026-02-25 09:15:00,33.5,34.20000076293945,33.29999923706055,33.72999954223633,33.72999954223633,33637615.0
2026-02-26 09:15:00,33.72999954223633,34.56999969482422,33.650001525878906,33.75,33.75,32360150.0
2026-02-27 09:15:00,34.59000015258789,34.59000015258789,32.900001525878906,33.81999969482422,33.81999969482422,20091917.0
2026-03-02 09:15:00,34.65999984741211,34.65999984741211,33.0,33.459999084472656,33.459999084472656,22199484.0
2026-03-04 09:15:00,33.560001373291016,33.7599983215332,32.70000076293945,33.47999954223633,33.47999954223633,17485565.0
2026-03-05 09:15:00,33.47999954223633,33.869998931884766,32.970001220703125,33.27000045776367,33.27000045776367,18094629.0
2026-03-06 09:15:00,33.540000915527344,33.79999923706055,33.18000030517578,33.290000915527344,33.290000915527344,10905797.0
2026-03-09 09:15:00,33.290000915527344,33.400001525878906,32.599998474121094,33.29999923706055,33.29999923706055,16948536.0
2026-03-10 09:15:00,33.29999923706055,34.34000015258789,32.779998779296875,33.09000015258789,33.09000015258789,23068422.0
2026-03-11 09:15:00,33.90999984741211,33.90999984741211,32.70000076293945,32.77000045776367,32.77000045776367,16556414.0
2026-03-12 09:15:00,33.58000183105469,33.63999938964844,32.400001525878906,32.689998626708984,32.689998626708984,15148269.0
2026-03-13 09:15:00,33.099998474121094,33.099998474121094,32.02000045776367,32.13999938964844,32.13999938964844,18259803.0
2026-03-16 09:15:00,32.939998626708984,33.09000015258789,31.549999237060547,32.0,32.0,18686247.0
2026-03-17 09:15:00,32.0099983215332,32.31999969482422,31.25,31.700000762939453,31.700000762939453,23169372.0
2026-03-18 09:15:00,31.6299991607666,33.18000030517578,31.6299991607666,32.630001068115234,32.630001068115234,29990313.0
2026-03-19 09:15:00,32.81999969482422,32.81999969482422,31.56999969482422,31.709999084472656,31.709999084472656,20070455.0
2026-03-20 09:15:00,32.439998626708984,34.29999923706055,31.809999465942383,32.15999984741211,32.15999984741211,19507080.0
2026-03-23 09:15:00,32.150001525878906,32.290000915527344,31.549999237060547,32.13999938964844,32.13999938964844,23817967.0
2026-03-24 09:15:00,32.900001525878906,33.040000915527344,32.2599983215332,32.7599983215332,32.7599983215332,25622164.0
2026-03-25 09:15:00,33.0,33.08000183105469,32.52000045776367,32.779998779296875,32.779998779296875,19539085.0
2026-03-27 09:15:00,32.779998779296875,33.06999969482422,32.45000076293945,32.529998779296875,32.529998779296875,22548550.0
2026-03-30 09:15:00,32.72999954223633,32.72999954223633,31.899999618530273,31.989999771118164,31.989999771118164,21615607.0
2026-04-01 09:15:00,31.989999771118164,33.349998474121094,31.979999542236328,32.90999984741211,32.90999984741211,15685477.0
2026-04-02 09:15:00,32.810001373291016,33.65999984741211,32.31999969482422,33.529998779296875,33.529998779296875,22154853.0
2026-04-06 09:15:00,33.88999938964844,33.970001220703125,33.529998779296875,33.790000915527344,33.790000915527344,11248133.0
2026-04-07 09:15:00,33.369998931884766,34.650001525878906,33.369998931884766,34.599998474121094,34.599998474121094,18185030.0
2026-04-08 09:15:00,35.459999084472656,35.459999084472656,34.540000915527344,34.77000045776367,34.77000045776367,22283132.0
2026-04-09 09:15:00,34.689998626708984,34.939998626708984,34.33000183105469,34.880001068115234,34.880001068115234,12801180.0
2026-04-10 09:15:00,34.95000076293945,34.97999954223633,33.90999984741211,34.209999084472656,34.209999084472656,24771005.0
2026-04-13 09:15:00,34.11000061035156,34.20000076293945,33.56999969482422,33.86000061035156,33.86000061035156,10054582.0
2026-04-15 09:15:00,34.75,34.869998931884766,34.130001068115234,34.7400016784668,34.7400016784668,15099940.0
2026-04-16 09:15:00,34.7400016784668,35.38999938964844,34.7400016784668,35.060001373291016,35.060001373291016,14859899.0
2026-04-17 09:15:00,35.060001373291016,35.20000076293945,34.63999938964844,35.09000015258789,35.09000015258789,10189484.0
2026-04-20 09:15:00,35.0,35.189998626708984,34.720001220703125,34.79999923706055,34.79999923706055,7676522.0
2026-04-21 09:15:00,35.5,35.5,34.63999938964844,34.959999084472656,34.959999084472656,8075948.0
2026-04-22 09:15:00,34.86000061035156,34.86000061035156,33.29999923706055,33.689998626708984,33.689998626708984,39384268.0
2026-04-23 09:15:00,34.09000015258789,34.09000015258789,33.20000076293945,33.279998779296875,33.279998779296875,14027901.0
2026-04-24 09:15:00,32.79999923706055,33.09000015258789,31.520000457763672,31.600000381469727,31.600000381469727,56022102.0
2026-04-27 09:15:00,31.600000381469727,32.52000045776367,31.600000381469727,32.31999969482422,32.31999969482422,21218239.0
2026-04-28 09:15:00,31.90999984741211,32.400001525878906,31.90999984741211,32.06999969482422,32.06999969482422,14275220.0
2026-04-29 09:15:00,32.08000183105469,32.61000061035156,32.06999969482422,32.369998931884766,32.369998931884766,16666157.0
2026-04-30 09:15:00,32.369998931884766,32.65999984741211,32.099998474121094,32.439998626708984,32.439998626708984,10692740.0
2026-05-01 09:15:00,32.439998626708984,32.439998626708984,32.439998626708984,32.439998626708984,32.439998626708984,0.0
2026-05-04 09:15:00,32.560001373291016,32.810001373291016,32.060001373291016,32.18000030517578,32.18000030517578,9670182.0
2026-05-05 09:15:00,32.18000030517578,32.47999954223633,31.979999542236328,32.2400016784668,32.2400016784668,6317704.0
2026-05-06 09:15:00,32.75,32.75,32.20000076293945,32.36000061035156,32.36000061035156,13272203.0
2026-05-07 09:15:00,32.790000915527344,32.790000915527344,32.130001068115234,32.16999816894531,32.16999816894531,14017689.0
2026-05-08 09:15:00,32.279998779296875,32.54999923706055,32.029998779296875,32.459999084472656,32.459999084472656,9648500.0
2026-05-11 09:15:00,32.459999084472656,32.599998474121094,31.799999237060547,32.369998931884766,32.369998931884766,9310979.0
2026-05-12 09:15:00,32.29999923706055,32.29999923706055,31.149999618530273,31.260000228881836,31.260000228881836,33921464.0
2026-05-13 09:15:00,31.260000228881836,31.360000610351562,30.829999923706055,30.899999618530273,30.899999618530273,14838824.0
2026-05-14 09:15:00,31.899999618530273,31.899999618530273,29.979999542236328,30.299999237060547,30.299999237060547,33703594.0
2026-05-15 09:15:00,31.049999237060547,31.100000381469727,30.31999969482422,30.68000030517578,30.68000030517578,15036792.0
2026-05-18 09:15:00,31.399999618530273,31.469999313354492,30.56999969482422,31.360000610351562,31.360000610351562,15665508.0
2026-05-19 09:15:00,31.899999618530273,32.790000915527344,31.56999969482422,32.45000076293945,32.45000076293945,37594615.0
2026-05-20 09:15:00,32.45000076293945,32.61000061035156,32.130001068115234,32.279998779296875,32.279998779296875,10790450.0
2026-05-21 09:15:00,32.0,32.70000076293945,31.899999618530273,32.08000183105469,32.08000183105469,6939444.0
2026-05-22 09:15:00,32.459999084472656,32.459999084472656,31.8799991607666,32.02000045776367,32.02000045776367,7958148.0
2026-05-25 09:15:00,32.040000915527344,32.38999938964844,32.0,32.150001525878906,32.150001525878906,7973577.0
2026-05-26 09:15:00,32.20000076293945,32.599998474121094,31.75,32.09000015258789,32.09000015258789,5916135.0
2026-05-27 09:15:00,32.45000076293945,32.45000076293945,31.84000015258789,32.060001373291016,32.060001373291016,6326564.0
2026-05-28 09:15:00,32.060001373291016,32.060001373291016,32.060001373291016,32.060001373291016,32.060001373291016,0.0
2026-05-29 09:15:00,32.310001373291016,32.95000076293945,32.15999984741211,32.27000045776367,32.27000045776367,19888606.0
2026-06-01 09:15:00,32.84000015258789,33.52000045776367,32.400001525878906,33.130001068115234,33.130001068115234,31769962.0
2026-06-02 09:15:00,33.31999969482422,34.650001525878906,33.31999969482422,34.529998779296875,34.529998779296875,52695766.0
2026-06-03 09:15:00,34.400001525878906,34.43000030517578,32.54999923706055,32.63999938964844,32.63999938964844,39866977.0
2026-06-04 09:15:00,32.709999084472656,32.900001525878906,32.0099983215332,32.560001373291016,32.560001373291016,12470985.0
2026-06-05 09:15:00,33.040000915527344,33.040000915527344,32.119998931884766,32.25,32.25,13008414.0
2026-06-08 09:15:00,32.20000076293945,32.22999954223633,31.520000457763672,31.729999542236328,31.729999542236328,20481375.0
2026-06-09 09:15:00,32.36000061035156,32.36000061035156,31.43000030517578,31.68000030517578,31.68000030517578,10843556.0
2026-06-10 09:15:00,32.470001220703125,32.470001220703125,31.399999618530273,31.420000076293945,31.420000076293945,10264473.0
2026-06-11 09:15:00,32.20000076293945,32.20000076293945,30.579999923706055,30.8799991607666,30.8799991607666,18847667.0
2026-06-12 09:15:00,31.40999984741211,31.40999984741211,30.739999771118164,30.889999389648438,30.889999389648438,17641741.0
2026-06-15 09:15:00,31.110000610351562,31.850000381469727,31.059999465942383,31.190000534057617,31.190000534057617,16955498.0
2026-06-16 09:15:00,31.15999984741211,31.850000381469727,31.15999984741211,31.719999313354492,31.719999313354492,22113467.0
2026-06-17 09:15:00,32.25,32.25,31.809999465942383,31.899999618530273,31.899999618530273,11091340.0
2026-06-18 09:15:00,32.689998626708984,32.689998626708984,31.3799991607666,31.6200008392334,31.6200008392334,12965657.0
2026-06-19 09:15:00,30.479999542236328,31.0,29.65999984741211,30.40999984741211,30.40999984741211,89400734.0
2026-06-22 09:15:00,30.549999237060547,30.899999618530273,30.079999923706055,30.690000534057617,30.690000534057617,16098851.0
2026-06-23 09:15:00,30.799999237060547,30.899999618530273,29.90999984741211,29.979999542236328,29.979999542236328,32748005.0
2026-06-24 09:15:00,30.440000534057617,30.770000457763672,30.0,30.610000610351562,30.610000610351562,20596949.0
2026-06-25 09:15:00,30.709999084472656,31.0,30.31999969482422,30.360000610351562,30.360000610351562,14619490.0
2026-06-26 09:15:00,30.360000610351562,30.360000610351562,30.360000610351562,30.360000610351562,30.360000610351562,0.0
2026-06-29 09:15:00,30.399999618530273,31.1200008392334,29.959999084472656,30.020000457763672,30.020000457763672,16324535.0
2026-06-30 09:15:00,30.600000381469727,30.600000381469727,29.1200008392334,29.200000762939453,29.200000762939453,37932839.0
2026-07-01 09:15:00,29.780000686645508,29.93000030517578,28.549999237060547,28.6299991607666,28.6299991607666,36810180.0
2026-07-02 09:15:00,29.350000381469727,30.030000686645508,28.90999984741211,29.940000534057617,29.940000534057617,40290563.0
2026-07-03 09:15:00,30.299999237060547,30.739999771118164,29.190000534057617,30.479999542236328,30.479999542236328,33633418.0
2026-07-06 09:15:00,30.75,30.8700008392334,30.1200008392334,30.280000686645508,30.280000686645508,12726756.0
2026-07-07 09:15:00,30.280000686645508,31.170000076293945,30.25,30.979999542236328,30.979999542236328,34230827.0
2026-07-08 09:15:00,31.0,31.149999618530273,30.40999984741211,30.510000228881836,30.510000228881836,15320259.0
2026-07-09 09:15:00,31.139999389648438,31.139999389648438,30.010000228881836,30.450000762939453,30.450000762939453,14662502.0
2026-07-10 09:15:00,30.860000610351562,31.489999771118164,30.860000610351562,31.040000915527344,31.040000915527344,17786848.0
2026-07-13 09:15:00,30.260000228881836,32.400001525878906,30.260000228881836,32.15999984741211,32.15999984741211,58417067.0
2026-07-14 09:15:00,32.959999084472656,32.959999084472656,31.709999084472656,31.850000381469727,31.850000381469727,19093885.0
2026-07-15 09:15:00,31.700000762939453,31.899999618530273,31.18000030517578,31.65999984741211,31.65999984741211,15598050.0
2026-07-16 09:15:00,31.690000534057617,33.0,31.690000534057617,31.8700008392334,31.8700008392334,14178126.0
2026-07-17 09:15:00,32.5,32.58000183105469,32.04999923706055,32.439998626708984,32.439998626708984,27689537.0
2026-07-20 09:15:00,32.540000915527344,32.79999923706055,32.33000183105469,32.380001068115234,32.380001068115234,13774555.0
2026-07-21 09:15:00,33.0,33.0,32.119998931884766,32.20000076293945,32.20000076293945,12279278.0
2026-07-22 09:15:00,33.0,33.0,31.65999984741211,31.709999084472656,31.709999084472656,10201485.0
2026-07-23 09:15:00,31.979999542236328,31.979999542236328,31.440000534057617,31.739999771118164,31.739999771118164,9135288.0
2026-07-24 09:15:00,31.940000534057617,32.06999969482422,31.31999969482422,32.0,32.0,12232521.0
2026-07-27 09:15:00,32.27000045776367,32.79999923706055,32.27000045776367,32.70000076293945,32.70000076293945,19426362.0
2026-07-28 09:15:00,32.810001373291016,34.040000915527344,32.810001373291016,33.77000045776367,33.77000045776367,49766625.0
2026-07-29 09:15:00,34.0,34.79999923706055,34.0,34.540000915527344,34.540000915527344,49334071.0
2026-07-30 09:15:00,34.52000045776367,35.349998474121094,34.52000045776367,34.619998931884766,34.619998931884766,41065319.0
2026-07-31 09:15:00,35.47999954223633,35.47999954223633,33.369998931884766,34.119998931884766,34.119998931884766,19003812.0
2026-08-03 09:15:00,34.20000076293945,35.20000076293945,34.0,34.97999954223633,34.97999954223633,19835504.0
2026-08-04 09:15:00,35.849998474121094,36.97999954223633,34.5,34.70000076293945,34.70000076293945,10508288.0
2026-08-05 09:15:00,34.70000076293945,35.119998931884766,34.5,34.720001220703125,34.720001220703125,9976133.0
2026-08-06 09:15:00,35.58000183105469,35.900001525878906,34.52000045776367,34.560001373291016,34.560001373291016,7030542.0
2026-08-07 09:15:00,35.25,35.310001373291016,34.11000061035156,34.97999954223633,34.97999954223633,14372943.0
2026-08-10 09:15:00,35.65999984741211,35.65999984741211,34.9900016784668,35.11000061035156,35.11000061035156,11894884.0
2026-08-11 09:15:00,35.04999923706055,35.97999954223633,35.04999923706055,35.2400016784668,35.2400016784668,8763409.0
2026-08-12 09:15:00,35.2400016784668,35.5099983215332,34.43000030517578,34.650001525878906,34.650001525878906,13117804.0
2026-08-13 09:15:00,35.0,35.0,34.529998779296875,34.77000045776367,34.77000045776367,6600562.0
2026-08-14 09:15:00,35.349998474121094,35.349998474121094,34.5,34.810001373291016,34.810001373291016,5521357.0
2026-08-17 09:15:00,35.68000030517578,35.68000030517578,33.93000030517578,34.2400016784668,34.2400016784668,7911866.0
2026-08-18 09:15:00,34.2400016784668,34.5,33.54999923706055,33.58000183105469,33.58000183105469,9883643.0
2026-08-19 09:15:00,33.959999084472656,34.060001373291016,33.5099983215332,33.68000030517578,33.68000030517578,6963773.0
2026-08-20 09:15:00,34.52000045776367,34.52000045776367,34.0,34.06999969482422,34.06999969482422,7079695.0
2026-08-21 09:15:00,34.599998474121094,34.599998474121094,33.709999084472656,33.869998931884766,33.869998931884766,4778867.0
2026-08-24 09:15:00,34.20000076293945,34.290000915527344,33.65999984741211,33.91999816894531,33.91999816894531,5677366.0
2026-08-25 09:15:00,34.540000915527344,34.540000915527344,33.2400016784668,33.91999816894531,33.91999816894531,5731023.0
2026-08-26 09:15:00,34.2599983215332,34.2599983215332,33.70000076293945,33.7599983215332,33.7599983215332,6508868.0
2026-08-27 09:15:00,34.099998474121094,34.599998474121094,33.599998474121094,33.709999084472656,33.709999084472656,6466719.0
2026-08-28 09:15:00,33.709999084472656,34.81999969482422,33.619998931884766,34.70000076293945,34.70000076293945,20158995.0
2026-08-31 09:15:00,34.849998474121094,34.849998474121094,34.060001373291016,34.31999969482422,34.31999969482422,8469973.0
2026-09-01 09:15:00,35.0,35.0,34.06999969482422,34.790000915527344,34.790000915527344,12800211.0
2026-09-02 09:15:00,34.189998626708984,35.0,34.119998931884766,34.38999938964844,34.38999938964844,6917685.0
2026-09-03 09:15:00,34.93000030517578,34.93000030517578,34.04999923706055,34.290000915527344,34.290000915527344,3867525.0
2026-09-04 09:15:00,34.34000015258789,34.7599983215332,34.0,34.09000015258789,34.09000015258789,8504508.0
2026-09-07 09:15:00,35.0,35.0,33.220001220703125,33.33000183105469,33.33000183105469,10631291.0
2026-09-08 09:15:00,33.63999938964844,33.63999938964844,33.0099983215332,33.27000045776367,33.27000045776367,5640650.0
2026-09-09 09:15:00,34.099998474121094,34.099998474121094,32.060001373291016,32.150001525878906,32.150001525878906,21960305.0
2026-09-10 09:15:00,32.939998626708984,32.939998626708984,32.0,32.060001373291016,32.060001373291016,8419582.0
2026-09-11 09:15:00,32.099998474121094,32.380001068115234,31.989999771118164,32.16999816894531,32.16999816894531,7008652.0
2026-09-14 09:15:00,32.16999816894531,32.16999816894531,32.16999816894531,32.16999816894531,32.16999816894531,0.0
2026-09-15 09:15:00,32.970001220703125,33.779998779296875,32.5099983215332,32.869998931884766,32.869998931884766,26293348.0
2026-09-16 09:15:00,33.349998474121094,33.349998474121094,32.25,32.29999923706055,32.29999923706055,8243115.0
2026-09-17 09:15:00,32.29999923706055,33.099998474121094,31.899999618530273,32.38999938964844,32.38999938964844,8324681.0
2026-09-18 09:15:00,33.099998474121094,33.099998474121094,31.809999465942383,31.940000534057617,31.940000534057617,13607369.0
2026-09-21 09:15:00,31.760000228881836,32.16999816894531,31.469999313354492,32.119998931884766,32.119998931884766,7886356.0
2026-09-22 09:15:00,32.34000015258789,32.34000015258789,31.549999237060547,31.770000457763672,31.770000457763672,11585503.0
2026-09-23 09:15:00,31.860000610351562,31.899999618530273,31.43000030517578,31.469999313354492,31.469999313354492,13779436.0
2026-09-24 09:15:00,32.25,32.25,31.200000762939453,31.31999969482422,31.31999969482422,6899204.0
2026-09-25 09:15:00,31.559999465942383,31.559999465942383,30.920000076293945,31.299999237060547,31.299999237060547,7822671.0
2026-09-28 09:15:00,31.600000381469727,31.600000381469727,30.959999084472656,31.229999542236328,31.229999542236328,9381992.0
2026-09-29 09:15:00,31.229999542236328,31.850000381469727,30.75,30.799999237060547,30.799999237060547,9287804.0
2026-09-30 09:15:00,31.56999969482422,31.56999969482422,30.75,30.860000610351562,30.860000610351562,11992964.0
