Date,Open,High,Low,Close,Adj_Close,Volume
2022-03-02 09:15:00,366.20001220703125,450.0,366.20001220703125,420.1000061035156,420.1000061035156,150018.0
2022-03-03 09:15:00,429.0,429.0,418.0,421.239990234375,421.239990234375,95472.0
2022-03-04 09:15:00,429.3999938964844,429.3999938964844,408.5,410.2900085449219,410.2900085449219,251072.0
2022-03-07 09:15:00,406.8999938964844,409.0,391.0,403.9700012207031,403.9700012207031,534229.0
2022-03-08 09:15:00,411.0,411.0,397.010009765625,405.75,405.75,186596.0
2022-03-09 09:15:00,415.0,415.0,405.0,412.4100036621094,412.4100036621094,393510.0
2022-03-10 09:15:00,461.29998779296875,461.29998779296875,387.70001220703125,418.4700012207031,418.4700012207031,230676.0
2022-03-11 09:15:00,472.8999938964844,472.8999938964844,393.3999938964844,420.6199951171875,420.6199951171875,90630.0
2022-03-14 09:15:00,448.70001220703125,448.70001220703125,395.3999938964844,421.05999755859375,421.05999755859375,154322.0
2022-03-15 09:15:00,427.0,427.0,411.0,416.82000732421875,416.82000732421875,134042.0
2022-03-16 09:15:00,438.70001220703125,438.70001220703125,410.5799865722656,426.20001220703125,426.20001220703125,79293.0
2022-03-17 09:15:00,445.70001220703125,445.70001220703125,400.6099853515625,431.25,431.25,62254.0
2022-03-21 09:15:00,458.70001220703125,458.70001220703125,407.1499938964844,427.5899963378906,427.5899963378906,116675.0
2022-03-22 09:15:00,463.70001220703125,463.70001220703125,402.1499938964844,427.760009765625,427.760009765625,122239.0
2022-03-23 09:15:00,436.0,436.0,421.0,428.67999267578125,428.67999267578125,198485.0
2022-03-24 09:15:00,464.70001220703125,464.70001220703125,419.9700012207031,429.79998779296875,429.79998779296875,258116.0
2022-03-25 09:15:00,468.8999938964844,468.8999938964844,404.0,428.7300109863281,428.7300109863281,221557.0
2022-03-28 09:15:00,436.0,436.0,421.0,428.2799987792969,428.2799987792969,93076.0
2022-03-29 09:15:00,464.70001220703125,464.70001220703125,427.0,430.32000732421875,430.32000732421875,79291.0
2022-03-30 09:15:00,468.70001220703125,468.70001220703125,429.9800109863281,432.9700012207031,432.9700012207031,195681.0
2022-03-31 09:15:00,464.70001220703125,464.70001220703125,430.80999755859375,434.1300048828125,434.1300048828125,57174.0
2022-04-01 09:15:00,392.1499938964844,464.67999267578125,392.1499938964844,438.2699890136719,438.2699890136719,203669.0
2022-04-04 09:15:00,445.0,463.25,434.3599853515625,447.9100036621094,447.9100036621094,164047.0
2022-04-05 09:15:00,441.0,454.1000061035156,441.0,451.239990234375,451.239990234375,164607.0
2022-04-06 09:15:00,452.25,464.0,411.54998779296875,452.29998779296875,452.29998779296875,113029.0
2022-04-07 09:15:00,411.6000061035156,511.1000061035156,411.6000061035156,451.19000244140625,451.19000244140625,121443.0
2022-04-08 09:15:00,459.0,459.1300048828125,446.0,458.29998779296875,458.29998779296875,86561.0
2022-04-11 09:15:00,461.04998779296875,468.0,453.1000061035156,463.5299987792969,463.5299987792969,93236.0
2022-04-12 09:15:00,403.29998779296875,495.0,403.29998779296875,456.0400085449219,456.0400085449219,1119101.0
2022-04-13 09:15:00,437.010009765625,485.0,437.010009765625,458.6700134277344,458.6700134277344,137689.0
2022-04-18 09:15:00,456.3500061035156,459.9800109863281,449.8699951171875,455.5799865722656,455.5799865722656,229453.0
2022-04-19 09:15:00,459.0400085449219,485.0,440.0899963378906,448.989990234375,448.989990234375,174268.0
2022-04-20 09:15:00,467.2799987792969,467.2799987792969,440.0400085449219,450.2200012207031,450.2200012207031,98732.0
2022-04-21 09:15:00,456.7799987792969,457.0,448.0400085449219,455.30999755859375,455.30999755859375,100834.0
2022-04-22 09:15:00,484.0,484.0,441.010009765625,453.1499938964844,453.1499938964844,65331.0
2022-04-25 09:15:00,453.1000061035156,453.1000061035156,421.260009765625,443.7799987792969,443.7799987792969,143030.0
2022-04-26 09:15:00,449.94000244140625,501.5,443.7799987792969,453.7699890136719,453.7699890136719,61137.0
2022-04-27 09:15:00,468.79998779296875,468.79998779296875,445.80999755859375,448.7200012207031,448.7200012207031,74502.0
2022-04-28 09:15:00,454.2300109863281,475.6000061035156,445.4599914550781,453.57000732421875,453.57000732421875,54142.0
2022-04-29 09:15:00,462.57000732421875,462.57000732421875,439.4700012207031,449.25,449.25,75695.0
2022-05-02 09:15:00,507.70001220703125,507.70001220703125,443.0,446.3900146484375,446.3900146484375,146911.0
2022-05-04 09:15:00,388.3999938964844,486.6000061035156,388.3999938964844,434.4599914550781,434.4599914550781,347068.0
2022-05-05 09:15:00,408.3999938964844,447.0,408.3999938964844,435.44000244140625,435.44000244140625,78900.0
2022-05-06 09:15:00,492.0,492.0,423.2200012207031,425.8800048828125,425.8800048828125,287190.0
2022-05-09 09:15:00,469.69000244140625,481.20001220703125,416.1000061035156,418.70001220703125,418.70001220703125,583558.0
2022-05-10 09:15:00,474.0,474.0,400.0,408.989990234375,408.989990234375,270742.0
2022-05-11 09:15:00,458.0,458.0,399.95001220703125,408.3900146484375,408.3900146484375,186072.0
2022-05-12 09:15:00,458.0,458.0,383.8999938964844,398.3399963378906,398.3399963378906,431920.0
2022-05-13 09:15:00,458.0,458.0,381.010009765625,395.9700012207031,395.9700012207031,185522.0
2022-05-16 09:15:00,458.0,458.0,392.0299987792969,401.3800048828125,401.3800048828125,99912.0
2022-05-17 09:15:00,458.0,458.0,391.1000061035156,410.4200134277344,410.4200134277344,118302.0
2022-05-18 09:15:00,468.0,468.0,392.25,412.5400085449219,412.5400085449219,80697.0
2022-05-19 09:15:00,458.0,458.0,396.0,401.3500061035156,401.3500061035156,194301.0
2022-05-20 09:15:00,444.25,444.25,400.3999938964844,406.25,406.25,72315.0
2022-05-23 09:15:00,444.0,444.0,396.1000061035156,403.9599914550781,403.9599914550781,123766.0
2022-05-24 09:15:00,442.25,442.25,398.6000061035156,400.4599914550781,400.4599914550781,99743.0
2022-05-25 09:15:00,440.0,440.0,392.0,393.8299865722656,393.8299865722656,174063.0
2022-05-26 09:15:00,400.0,400.0,385.1199951171875,398.0,398.0,132675.0
2022-05-27 09:15:00,438.0,438.0,396.260009765625,400.6300048828125,400.6300048828125,64082.0
2022-05-30 09:15:00,438.0,438.0,393.010009765625,410.57000732421875,410.57000732421875,107649.0
2022-05-31 09:15:00,438.0,438.0,405.0199890136719,411.45001220703125,411.45001220703125,94069.0
2022-06-01 09:15:00,422.4599914550781,422.4599914550781,386.79998779296875,407.6499938964844,407.6499938964844,100543.0
2022-06-02 09:15:00,420.0,420.0,404.07000732421875,409.55999755859375,409.55999755859375,53346.0
2022-06-03 09:15:00,428.0,428.0,403.0299987792969,403.9599914550781,403.9599914550781,103343.0
2022-06-06 09:15:00,400.80999755859375,428.0,390.0,402.6300048828125,402.6300048828125,144190.0
2022-06-07 09:15:00,424.0,424.0,397.0,399.3800048828125,399.3800048828125,107083.0
2022-06-08 09:15:00,415.3500061035156,415.3500061035156,396.04998779296875,399.010009765625,399.010009765625,104961.0
2022-06-09 09:15:00,399.2300109863281,404.25,395.260009765625,401.2900085449219,401.2900085449219,83305.0
2022-06-10 09:15:00,418.0,418.0,390.45001220703125,397.67999267578125,397.67999267578125,127199.0
2022-06-13 09:15:00,414.0,414.0,387.0,389.30999755859375,389.30999755859375,327374.0
2022-06-14 09:15:00,409.3999938964844,409.3999938964844,382.3500061035156,390.3599853515625,390.3599853515625,141257.0
2022-06-15 09:15:00,394.239990234375,398.6000061035156,387.4700012207031,391.2300109863281,391.2300109863281,69963.0
2022-06-16 09:15:00,417.8999938964844,417.8999938964844,381.5,383.17999267578125,383.17999267578125,276833.0
2022-06-17 09:15:00,403.8999938964844,403.8999938964844,375.55999755859375,377.239990234375,377.239990234375,229579.0
2022-06-20 09:15:00,383.5899963378906,386.0,370.25,374.260009765625,374.260009765625,198655.0
2022-06-21 09:15:00,399.95001220703125,399.95001220703125,368.0,382.739990234375,382.739990234375,177678.0
2022-06-22 09:15:00,386.8900146484375,390.0,371.1700134277344,377.6300048828125,377.6300048828125,106194.0
2022-06-23 09:15:00,384.0,384.0,372.5,380.6099853515625,380.6099853515625,87430.0
2022-06-24 09:15:00,387.1400146484375,399.989990234375,376.8599853515625,386.6600036621094,386.6600036621094,51972.0
2022-06-27 09:15:00,403.989990234375,403.989990234375,383.0,389.9800109863281,389.9800109863281,126932.0
2022-06-28 09:15:00,399.989990234375,399.989990234375,366.6000061035156,390.44000244140625,390.44000244140625,57961.0
2022-06-29 09:15:00,392.8900146484375,398.3999938964844,384.20001220703125,387.3800048828125,387.3800048828125,61303.0
2022-06-30 09:15:00,397.3999938964844,397.3999938964844,384.0,385.510009765625,385.510009765625,95309.0
2022-07-01 09:15:00,397.3999938964844,397.3999938964844,380.0,390.17999267578125,390.17999267578125,96987.0
2022-07-04 09:15:00,399.989990234375,399.989990234375,386.17999267578125,392.6400146484375,392.6400146484375,393177.0
2022-07-05 09:15:00,397.9599914550781,397.9599914550781,385.25,393.9800109863281,393.9800109863281,161099.0
2022-07-06 09:15:00,398.0,400.3399963378906,386.25,399.67999267578125,399.67999267578125,110619.0
2022-07-07 09:15:00,413.989990234375,413.989990234375,391.260009765625,404.4200134277344,404.4200134277344,146163.0
2022-07-08 09:15:00,409.489990234375,409.489990234375,401.0,405.25,405.25,217945.0
2022-07-11 09:15:00,444.0,444.0,352.6199951171875,410.4599914550781,410.4599914550781,188959.0
2022-07-12 09:15:00,410.0,412.0,401.010009765625,409.4599914550781,409.4599914550781,89277.0
2022-07-13 09:15:00,418.8800048828125,418.8800048828125,405.1199951171875,409.9800109863281,409.9800109863281,87630.0
2022-07-14 09:15:00,402.25,415.94000244140625,402.25,408.3299865722656,408.3299865722656,69338.0
2022-07-15 09:15:00,419.67999267578125,419.67999267578125,405.0,411.5,411.5,88260.0
2022-07-18 09:15:00,424.8800048828125,424.8800048828125,410.70001220703125,416.010009765625,416.010009765625,121743.0
2022-07-19 09:15:00,417.8999938964844,419.9800109863281,411.6199951171875,419.32000732421875,419.32000732421875,183221.0
2022-07-20 09:15:00,425.95001220703125,425.95001220703125,410.010009765625,420.2099914550781,420.2099914550781,71448.0
2022-07-21 09:15:00,433.8800048828125,433.8800048828125,411.2099914550781,425.1499938964844,425.1499938964844,197901.0
2022-07-22 09:15:00,428.8800048828125,428.8800048828125,421.0,424.6300048828125,424.6300048828125,113500.0
2022-07-25 09:15:00,427.9200134277344,427.9200134277344,420.8800048828125,423.760009765625,423.760009765625,194261.0
2022-07-26 09:15:00,427.05999755859375,427.05999755859375,416.80999755859375,418.3500061035156,418.3500061035156,590246.0
2022-07-27 09:15:00,421.8900146484375,422.80999755859375,413.45001220703125,420.8999938964844,420.8999938964844,93676.0
2022-07-28 09:15:00,426.0,427.0,421.0,425.8399963378906,425.8399963378906,104387.0
2022-07-29 09:15:00,431.3900146484375,432.79998779296875,424.0,432.1000061035156,432.1000061035156,111258.0
2022-08-01 09:15:00,435.69000244140625,438.5,424.8599853515625,437.5199890136719,437.5199890136719,147221.0
2022-08-02 09:15:00,440.239990234375,440.239990234375,434.5,439.3999938964844,439.3999938964844,111052.0
2022-08-03 09:15:00,443.489990234375,443.489990234375,420.010009765625,437.7200012207031,437.7200012207031,92965.0
2022-08-04 09:15:00,441.0400085449219,445.0,433.3500061035156,440.0299987792969,440.0299987792969,102023.0
2022-08-05 09:15:00,431.0299987792969,444.0,431.0299987792969,440.19000244140625,440.19000244140625,89866.0
2022-08-08 09:15:00,442.0,442.8399963378906,437.0,442.1499938964844,442.1499938964844,101137.0
2022-08-10 09:15:00,445.44000244140625,445.44000244140625,437.510009765625,441.6300048828125,441.6300048828125,142803.0
2022-08-11 09:15:00,449.5400085449219,449.5400085449219,435.010009765625,444.0899963378906,444.0899963378906,88782.0
2022-08-12 09:15:00,446.5,447.5799865722656,441.3800048828125,446.9800109863281,446.9800109863281,355828.0
2022-08-16 09:15:00,450.8399963378906,454.3999938964844,420.20001220703125,452.75,452.75,115447.0
2022-08-17 09:15:00,446.0,459.0,446.0,457.5400085449219,457.5400085449219,112497.0
2022-08-18 09:15:00,398.1000061035156,462.0,398.1000061035156,460.8399963378906,460.8399963378906,214690.0
2022-08-19 09:15:00,464.489990234375,464.489990234375,433.20001220703125,454.6199951171875,454.6199951171875,253854.0
2022-08-22 09:15:00,395.5,459.0,395.5,447.2099914550781,447.2099914550781,161212.0
2022-08-23 09:15:00,411.1099853515625,451.54998779296875,411.1099853515625,450.17999267578125,450.17999267578125,135304.0
2022-08-24 09:15:00,451.5,452.45001220703125,445.05999755859375,451.489990234375,451.489990234375,271132.0
2022-08-25 09:15:00,415.5,456.2900085449219,415.5,451.79998779296875,451.79998779296875,78897.0
2022-08-26 09:15:00,471.0,471.0,450.7099914550781,454.7699890136719,454.7699890136719,88037.0
2022-08-29 09:15:00,454.7699890136719,454.7699890136719,440.510009765625,452.92999267578125,452.92999267578125,197570.0
2022-08-30 09:15:00,456.7799987792969,462.67999267578125,451.1199951171875,462.17999267578125,462.17999267578125,119309.0
2022-09-01 09:15:00,489.8999938964844,489.8999938964844,452.1000061035156,461.19000244140625,461.19000244140625,193624.0
2022-09-02 09:15:00,484.3999938964844,484.3999938964844,453.1300048828125,460.75,460.75,132851.0
2022-09-05 09:15:00,465.0,465.0,458.6600036621094,461.04998779296875,461.04998779296875,78881.0
2022-09-06 09:15:00,464.6300048828125,468.3999938964844,458.05999755859375,464.5899963378906,464.5899963378906,168190.0
2022-09-07 09:15:00,464.94000244140625,466.5,459.3500061035156,466.010009765625,466.010009765625,50581.0
2022-09-08 09:15:00,474.70001220703125,474.70001220703125,453.739990234375,467.07000732421875,467.07000732421875,143127.0
2022-09-09 09:15:00,406.3999938964844,474.3999938964844,406.3999938964844,467.17999267578125,467.17999267578125,74672.0
2022-09-12 09:15:00,467.5,472.489990234375,460.29998779296875,472.0299987792969,472.0299987792969,93436.0
2022-09-13 09:15:00,474.8999938964844,478.0,472.04998779296875,475.239990234375,475.239990234375,85761.0
2022-09-14 09:15:00,474.94000244140625,478.44000244140625,467.25,476.6700134277344,476.6700134277344,91365.0
2022-09-15 09:15:00,480.5400085449219,480.95001220703125,475.1099853515625,480.3800048828125,480.3800048828125,83200.0
2022-09-16 09:15:00,486.0,486.0,463.9100036621094,467.1199951171875,467.1199951171875,156130.0
2022-09-19 09:15:00,469.6000061035156,471.0,462.4100036621094,468.1600036621094,468.1600036621094,113708.0
2022-09-20 09:15:00,476.0,476.5799865722656,469.510009765625,472.489990234375,472.489990234375,64145.0
2022-09-21 09:15:00,469.54998779296875,474.989990234375,465.0199890136719,466.2699890136719,466.2699890136719,84778.0
2022-09-22 09:15:00,466.8999938964844,469.2799987792969,461.3599853515625,468.1700134277344,468.1700134277344,92076.0
2022-09-23 09:15:00,469.70001220703125,469.70001220703125,459.010009765625,459.95001220703125,459.95001220703125,139187.0
2022-09-26 09:15:00,464.3999938964844,464.3999938964844,445.1099853515625,447.5199890136719,447.5199890136719,196883.0
2022-09-27 09:15:00,450.8999938964844,452.8500061035156,443.9599914550781,448.5400085449219,448.5400085449219,89131.0
2022-09-28 09:15:00,448.95001220703125,450.20001220703125,442.42999267578125,445.5,445.5,75647.0
2022-09-29 09:15:00,449.8999938964844,451.8699951171875,443.5,444.5299987792969,444.5299987792969,101009.0
2022-09-30 09:15:00,441.0,511.20001220703125,439.30999755859375,447.75,447.75,350727.0
2022-10-03 09:15:00,450.70001220703125,451.4800109863281,435.6000061035156,438.5400085449219,438.5400085449219,861872.0
2022-10-04 09:15:00,445.8900146484375,452.0,441.0,448.8299865722656,448.8299865722656,220071.0
2022-10-06 09:15:00,452.79998779296875,453.9800109863281,448.95001220703125,452.2699890136719,452.2699890136719,198153.0
2022-10-07 09:15:00,455.07000732421875,481.989990234375,393.5,451.55999755859375,451.55999755859375,140068.0
2022-10-10 09:15:00,449.0,449.70001220703125,424.510009765625,447.1600036621094,447.1600036621094,223235.0
2022-10-11 09:15:00,450.0,455.0,438.6499938964844,441.8999938964844,441.8999938964844,152530.0
2022-10-12 09:15:00,415.3999938964844,449.3999938964844,415.3999938964844,443.05999755859375,443.05999755859375,95072.0
2022-10-13 09:15:00,445.0,445.0,437.30999755859375,438.7699890136719,438.7699890136719,94977.0
2022-10-14 09:15:00,448.0,448.0,436.54998779296875,437.1400146484375,437.1400146484375,104923.0
2022-10-17 09:15:00,438.95001220703125,441.1499938964844,433.3299865722656,439.6600036621094,439.6600036621094,122372.0
2022-10-18 09:15:00,444.0,444.8399963378906,440.6600036621094,444.4200134277344,444.4200134277344,113446.0
2022-10-19 09:15:00,447.20001220703125,447.3399963378906,443.0,443.7200012207031,443.7200012207031,90112.0
2022-10-20 09:15:00,443.989990234375,449.20001220703125,441.25,448.1400146484375,448.1400146484375,49506.0
2022-10-21 09:15:00,454.3999938964844,454.3999938964844,440.510009765625,442.3999938964844,442.3999938964844,72645.0
2022-10-24 18:15:00,499.8999938964844,499.8999938964844,441.3599853515625,445.19000244140625,445.19000244140625,117303.0
2022-10-25 09:15:00,448.0,449.0,442.25,443.6499938964844,443.6499938964844,97265.0
2022-10-27 09:15:00,443.6499938964844,454.0,443.6499938964844,447.7799987792969,447.7799987792969,139368.0
2022-10-28 09:15:00,451.3999938964844,451.3999938964844,444.30999755859375,446.94000244140625,446.94000244140625,70233.0
2022-10-31 09:15:00,451.7900085449219,451.79998779296875,446.1499938964844,449.4700012207031,449.4700012207031,101784.0
2022-11-01 09:15:00,452.79998779296875,456.0,450.29998779296875,454.7699890136719,454.7699890136719,139908.0
2022-11-02 09:15:00,458.0,458.0,452.3299865722656,453.4200134277344,453.4200134277344,80444.0
2022-11-03 09:15:00,454.5,454.8999938964844,449.5,453.5,453.5,81530.0
2022-11-04 09:15:00,456.0,456.0,452.6000061035156,454.3800048828125,454.3800048828125,273723.0
2022-11-07 09:15:00,463.0,463.0,455.0,458.42999267578125,458.42999267578125,106977.0
2022-11-09 09:15:00,461.20001220703125,462.3999938964844,455.8999938964844,457.5899963378906,457.5899963378906,137217.0
2022-11-10 09:15:00,459.5,459.5,450.29998779296875,453.010009765625,453.010009765625,110838.0
2022-11-11 09:15:00,465.0,465.0,455.30999755859375,457.4599914550781,457.4599914550781,83969.0
2022-11-14 09:15:00,461.0,461.0,456.2699890136719,459.70001220703125,459.70001220703125,139399.0
2022-11-15 09:15:00,465.0,465.0,457.70001220703125,460.6099853515625,460.6099853515625,63094.0
2022-11-16 09:15:00,462.8800048828125,462.8800048828125,419.20001220703125,457.07000732421875,457.07000732421875,83342.0
2022-11-17 09:15:00,397.70001220703125,460.0,397.70001220703125,453.6099853515625,453.6099853515625,65460.0
2022-11-18 09:15:00,455.9800109863281,455.9800109863281,448.30999755859375,451.32000732421875,451.32000732421875,75850.0
2022-11-21 09:15:00,392.6000061035156,454.0,392.6000061035156,448.5799865722656,448.5799865722656,77159.0
2022-11-22 09:15:00,390.29998779296875,451.79998779296875,390.29998779296875,449.3900146484375,449.3900146484375,55404.0
2022-11-23 09:15:00,451.8999938964844,451.8999938964844,447.1199951171875,450.5299987792969,450.5299987792969,49567.0
2022-11-24 09:15:00,454.0,454.0,449.6600036621094,452.3299865722656,452.3299865722656,67377.0
2022-11-25 09:15:00,459.0,459.0,450.1099853515625,453.6000061035156,453.6000061035156,78554.0
2022-11-28 09:15:00,426.3999938964844,460.0,426.3999938964844,454.5899963378906,454.5899963378906,103572.0
2022-11-29 09:15:00,456.5,458.0,452.54998779296875,456.8900146484375,456.8900146484375,68755.0
2022-11-30 09:15:00,459.0,463.5,455.0299987792969,461.2699890136719,461.2699890136719,196360.0
2022-12-01 09:15:00,468.0,468.0,461.3500061035156,463.17999267578125,463.17999267578125,111937.0
2022-12-02 09:15:00,469.0,469.0,435.3999938964844,463.989990234375,463.989990234375,94687.0
2022-12-05 09:15:00,403.70001220703125,468.3999938964844,403.70001220703125,463.739990234375,463.739990234375,114124.0
2022-12-06 09:15:00,465.69000244140625,465.70001220703125,462.1000061035156,463.6300048828125,463.6300048828125,65164.0
2022-12-07 09:15:00,462.1000061035156,466.6099853515625,462.1000061035156,464.54998779296875,464.54998779296875,46833.0
2022-12-08 09:15:00,466.79998779296875,466.9700012207031,461.25,466.4700012207031,466.4700012207031,83802.0
2022-12-09 09:15:00,469.5,469.5,460.0,463.8699951171875,463.8699951171875,86200.0
2022-12-12 09:15:00,465.70001220703125,465.70001220703125,459.8299865722656,463.8800048828125,463.8800048828125,67134.0
2022-12-13 09:15:00,467.7900085449219,491.70001220703125,436.0,463.2300109863281,463.2300109863281,59684.0
2022-12-14 09:15:00,472.510009765625,472.510009765625,463.2300109863281,465.0899963378906,465.0899963378906,62829.0
2022-12-15 09:15:00,465.0899963378906,466.94000244140625,458.29998779296875,460.4599914550781,460.4599914550781,91309.0
2022-12-16 09:15:00,462.45001220703125,462.45001220703125,453.04998779296875,454.1700134277344,454.1700134277344,184674.0
2022-12-19 09:15:00,456.69000244140625,459.6400146484375,453.5899963378906,458.9800109863281,458.9800109863281,76747.0
2022-12-20 09:15:00,399.29998779296875,461.0,399.29998779296875,458.8900146484375,458.8900146484375,111970.0
2022-12-21 09:15:00,459.1300048828125,461.94000244140625,450.0199890136719,451.5199890136719,451.5199890136719,77118.0
2022-12-22 09:15:00,454.69000244140625,454.8699951171875,445.1700134277344,448.0799865722656,448.0799865722656,98212.0
2022-12-23 09:15:00,443.260009765625,447.8599853515625,430.3299865722656,431.8599853515625,431.8599853515625,276889.0
2022-12-26 09:15:00,434.0,443.0,430.5199890136719,441.42999267578125,441.42999267578125,142260.0
2022-12-27 09:15:00,443.8900146484375,446.0,441.44000244140625,445.010009765625,445.010009765625,99759.0
2022-12-28 09:15:00,445.989990234375,448.44000244140625,444.4200134277344,447.05999755859375,447.05999755859375,69467.0
2022-12-29 09:15:00,448.69000244140625,448.69000244140625,441.8999938964844,447.3500061035156,447.3500061035156,57754.0
2022-12-30 09:15:00,449.7900085449219,451.7300109863281,446.0,447.2300109863281,447.2300109863281,77808.0
2023-01-02 09:15:00,447.2300109863281,450.0,445.1099853515625,445.6499938964844,445.6499938964844,255683.0
2023-01-03 09:15:00,447.19000244140625,449.0,445.6400146484375,448.5799865722656,448.5799865722656,111751.0
2023-01-04 09:15:00,446.54998779296875,449.5,442.6000061035156,443.3699951171875,443.3699951171875,85234.0
2023-01-05 09:15:00,445.44000244140625,446.8599853515625,441.5299987792969,445.94000244140625,445.94000244140625,170951.0
2023-01-06 09:15:00,447.6499938964844,447.8999938964844,441.70001220703125,442.45001220703125,442.45001220703125,88498.0
2023-01-09 09:15:00,444.010009765625,447.1400146484375,443.0199890136719,446.67999267578125,446.67999267578125,228556.0
2023-01-10 09:15:00,447.9800109863281,447.9800109863281,441.1099853515625,445.1199951171875,445.1199951171875,93989.0
2023-01-11 09:15:00,431.75,447.4800109863281,431.75,442.79998779296875,442.79998779296875,77685.0
2023-01-12 09:15:00,444.79998779296875,445.19000244140625,442.1099853515625,443.760009765625,443.760009765625,60807.0
2023-01-13 09:15:00,445.69000244140625,446.70001220703125,442.6099853515625,445.739990234375,445.739990234375,61585.0
2023-01-16 09:15:00,448.79998779296875,448.9800109863281,443.3999938964844,446.0899963378906,446.0899963378906,76496.0
2023-01-17 09:15:00,447.8999938964844,447.8999938964844,443.1099853515625,446.29998779296875,446.29998779296875,48062.0
2023-01-18 09:15:00,459.70001220703125,459.70001220703125,432.8999938964844,445.489990234375,445.489990234375,138470.0
2023-01-19 09:15:00,446.45001220703125,446.45001220703125,442.1700134277344,443.7699890136719,443.7699890136719,68258.0
2023-01-20 09:15:00,443.7699890136719,445.5,442.1600036621094,442.8399963378906,442.8399963378906,62675.0
2023-01-23 09:15:00,445.69000244140625,446.70001220703125,442.5,443.8399963378906,443.8399963378906,55827.0
2023-01-24 09:15:00,447.8999938964844,447.8999938964844,442.3500061035156,442.94000244140625,442.94000244140625,61751.0
2023-01-25 09:15:00,443.8999938964844,443.8999938964844,431.1199951171875,431.9200134277344,431.9200134277344,246420.0
2023-01-27 09:15:00,444.8999938964844,444.8999938964844,409.8500061035156,415.260009765625,415.260009765625,685555.0
2023-01-30 09:15:00,425.1000061035156,427.8999938964844,406.1000061035156,410.1000061035156,410.1000061035156,284598.0
2023-01-31 09:15:00,422.3999938964844,422.3999938964844,407.1199951171875,414.67999267578125,414.67999267578125,146243.0
2023-02-01 09:15:00,427.1000061035156,427.1000061035156,402.92999267578125,408.4200134277344,408.4200134277344,253135.0
2023-02-02 09:15:00,414.0,414.0,401.0,407.07000732421875,407.07000732421875,249929.0
2023-02-03 09:15:00,419.29998779296875,419.29998779296875,394.8500061035156,405.2699890136719,405.2699890136719,403907.0
2023-02-06 09:15:00,417.45001220703125,417.45001220703125,402.1000061035156,409.5799865722656,409.5799865722656,171521.0
2023-02-07 09:15:00,413.9800109863281,413.9800109863281,406.5199890136719,409.1000061035156,409.1000061035156,157985.0
2023-02-08 09:15:00,411.8999938964844,414.4700012207031,409.1000061035156,412.8500061035156,412.8500061035156,302363.0
2023-02-09 09:15:00,425.25,425.25,408.010009765625,409.1300048828125,409.1300048828125,878108.0
2023-02-10 09:15:00,410.8999938964844,411.1499938964844,403.0,410.2300109863281,410.2300109863281,92749.0
2023-02-13 09:15:00,419.0,419.0,403.07000732421875,403.4700012207031,403.4700012207031,1435293.0
2023-02-14 09:15:00,409.8999938964844,409.8999938964844,401.7099914550781,404.1700134277344,404.1700134277344,1767395.0
2023-02-15 09:15:00,416.29998779296875,416.29998779296875,402.25,405.3800048828125,405.3800048828125,108065.0
2023-02-16 09:15:00,417.54998779296875,417.54998779296875,405.3800048828125,409.9100036621094,409.9100036621094,85735.0
2023-02-17 09:15:00,410.0,410.0,406.5,406.92999267578125,406.92999267578125,121715.0
2023-02-20 09:15:00,408.8999938964844,409.80999755859375,404.5199890136719,406.0899963378906,406.0899963378906,148727.0
2023-02-21 09:15:00,408.8999938964844,408.8999938964844,404.25,405.69000244140625,405.69000244140625,99948.0
2023-02-22 09:15:00,407.0,407.0,398.75,399.82000732421875,399.82000732421875,273887.0
2023-02-23 09:15:00,411.79998779296875,411.79998779296875,395.5,397.8900146484375,397.8900146484375,175751.0
2023-02-24 09:15:00,409.8500061035156,409.8500061035156,396.5,397.4200134277344,397.4200134277344,119001.0
2023-02-27 09:15:00,403.0,403.0,390.79998779296875,393.9599914550781,393.9599914550781,280467.0
2023-02-28 09:15:00,405.79998779296875,405.80999755859375,392.760009765625,394.4700012207031,394.4700012207031,123327.0
2023-03-01 09:15:00,406.29998779296875,406.29998779296875,393.20001220703125,398.9700012207031,398.9700012207031,135778.0
2023-03-02 09:15:00,400.739990234375,401.44000244140625,397.1099853515625,398.8800048828125,398.8800048828125,86358.0
2023-03-03 09:15:00,410.8500061035156,410.8500061035156,398.8900146484375,402.79998779296875,402.79998779296875,146262.0
2023-03-06 09:15:00,408.79998779296875,408.79998779296875,403.0400085449219,406.5199890136719,406.5199890136719,131815.0
2023-03-08 09:15:00,418.70001220703125,418.70001220703125,403.25,406.70001220703125,406.70001220703125,103269.0
2023-03-09 09:15:00,406.70001220703125,408.6000061035156,403.2799987792969,404.1499938964844,404.1499938964844,79692.0
2023-03-10 09:15:00,402.8999938964844,404.57000732421875,396.0,403.8299865722656,403.8299865722656,192552.0
2023-03-13 09:15:00,405.79998779296875,406.79998779296875,398.0,399.3399963378906,399.3399963378906,167297.0
2023-03-14 09:15:00,401.45001220703125,401.70001220703125,392.75,394.82000732421875,394.82000732421875,397957.0
2023-03-15 09:15:00,406.6499938964844,406.6499938964844,394.1000061035156,396.510009765625,396.510009765625,146043.0
2023-03-16 09:15:00,408.3999938964844,408.3999938964844,384.6000061035156,398.04998779296875,398.04998779296875,207844.0
2023-03-17 09:15:00,410.0,410.0,398.2099914550781,401.010009765625,401.010009765625,80213.0
2023-03-20 09:15:00,403.4800109863281,403.70001220703125,395.04998779296875,398.0899963378906,398.0899963378906,204267.0
2023-03-21 09:15:00,410.04998779296875,410.04998779296875,397.7099914550781,399.5,399.5,65093.0
2023-03-22 09:15:00,387.5,403.1499938964844,387.5,402.8599853515625,402.8599853515625,53331.0
2023-03-23 09:15:00,407.6600036621094,407.6600036621094,399.010009765625,400.29998779296875,400.29998779296875,78923.0
2023-03-24 09:15:00,409.8500061035156,409.8500061035156,397.79998779296875,398.2799987792969,398.2799987792969,80702.0
2023-03-27 09:15:00,401.9100036621094,401.9100036621094,395.0,395.8299865722656,395.8299865722656,150184.0
2023-03-28 09:15:00,407.70001220703125,407.70001220703125,391.0,392.1199951171875,392.1199951171875,160984.0
2023-03-29 09:15:00,393.989990234375,397.8999938964844,390.25,394.6199951171875,394.6199951171875,172537.0
2023-03-31 09:15:00,397.5,401.05999755859375,393.1000061035156,400.42999267578125,400.42999267578125,154582.0
2023-04-03 09:15:00,403.8999938964844,404.79998779296875,397.1199951171875,400.9200134277344,400.9200134277344,279193.0
2023-04-05 09:15:00,403.42999267578125,403.70001220703125,398.25,402.9100036621094,402.9100036621094,167917.0
2023-04-06 09:15:00,415.0,415.0,401.1099853515625,404.8500061035156,404.8500061035156,164847.0
2023-04-10 09:15:00,407.20001220703125,407.44000244140625,401.1199951171875,406.1199951171875,406.1199951171875,191047.0
2023-04-11 09:15:00,404.55999755859375,408.6000061035156,404.3299865722656,406.8900146484375,406.8900146484375,102948.0
2023-04-12 09:15:00,394.70001220703125,408.989990234375,394.70001220703125,408.4800109863281,408.4800109863281,77432.0
2023-04-13 09:15:00,410.29998779296875,410.29998779296875,406.2200012207031,407.4800109863281,407.4800109863281,98697.0
2023-04-17 09:15:00,404.6400146484375,411.0,404.6400146484375,409.6099853515625,409.6099853515625,115572.0
2023-04-18 09:15:00,397.29998779296875,412.3999938964844,397.29998779296875,411.3599853515625,411.3599853515625,99711.0
2023-04-19 09:15:00,412.3999938964844,412.3999938964844,406.8900146484375,407.5799865722656,407.5799865722656,69440.0
2023-04-20 09:15:00,408.7799987792969,410.9800109863281,406.510009765625,407.2099914550781,407.2099914550781,75261.0
2023-04-21 09:15:00,404.79998779296875,409.20001220703125,395.0,406.2900085449219,406.2900085449219,58280.0
2023-04-24 09:15:00,408.70001220703125,409.0899963378906,405.1600036621094,408.510009765625,408.510009765625,88806.0
2023-04-25 09:15:00,409.75,410.989990234375,407.1000061035156,410.42999267578125,410.42999267578125,137498.0
2023-04-26 09:15:00,413.5,413.5,398.1000061035156,411.30999755859375,411.30999755859375,71634.0
2023-04-27 09:15:00,412.45001220703125,413.6499938964844,409.54998779296875,413.0799865722656,413.0799865722656,96450.0
2023-04-28 09:15:00,415.6000061035156,418.94000244140625,413.20001220703125,418.3900146484375,418.3900146484375,135304.0
2023-05-02 09:15:00,419.489990234375,421.95001220703125,417.1000061035156,420.1000061035156,420.1000061035156,242888.0
2023-05-03 09:15:00,421.3999938964844,423.010009765625,417.3599853515625,421.0799865722656,421.0799865722656,106448.0
2023-05-04 09:15:00,433.70001220703125,433.70001220703125,419.25,423.8399963378906,423.8399963378906,115172.0
2023-05-05 09:15:00,423.8399963378906,425.989990234375,421.25,423.55999755859375,423.55999755859375,124365.0
2023-05-08 09:15:00,426.739990234375,427.7900085449219,422.55999755859375,427.05999755859375,427.05999755859375,177449.0
2023-05-09 09:15:00,429.489990234375,429.75,424.3500061035156,426.5400085449219,426.5400085449219,94297.0
2023-05-10 09:15:00,429.69000244140625,429.69000244140625,425.2799987792969,428.2699890136719,428.2699890136719,81222.0
2023-05-11 09:15:00,429.989990234375,432.0,427.3599853515625,431.6600036621094,431.6600036621094,105222.0
2023-05-12 09:15:00,433.2099914550781,433.5,430.0,431.1099853515625,431.1099853515625,87626.0
2023-05-15 09:15:00,432.70001220703125,435.0,429.25,433.04998779296875,433.04998779296875,141457.0
2023-05-16 09:15:00,420.04998779296875,436.0,420.04998779296875,433.5400085449219,433.5400085449219,94969.0
2023-05-17 09:15:00,428.9200134277344,435.95001220703125,428.9200134277344,431.1700134277344,431.1700134277344,136537.0
2023-05-18 09:15:00,433.8999938964844,433.989990234375,426.70001220703125,427.17999267578125,427.17999267578125,103519.0
2023-05-19 09:15:00,414.3500061035156,429.70001220703125,414.3500061035156,428.760009765625,428.760009765625,74401.0
2023-05-22 09:15:00,429.79998779296875,433.5899963378906,427.29998779296875,433.1600036621094,433.1600036621094,102590.0
2023-05-23 09:15:00,446.1499938964844,446.1499938964844,420.1499938964844,434.260009765625,434.260009765625,81482.0
2023-05-24 09:15:00,447.29998779296875,447.29998779296875,425.29998779296875,433.5,433.5,56197.0
2023-05-25 09:15:00,434.8999938964844,436.79998779296875,432.54998779296875,435.8699951171875,435.8699951171875,82151.0
2023-05-26 09:15:00,437.8599853515625,441.0,434.25,440.6300048828125,440.6300048828125,132315.0
2023-05-29 09:15:00,444.79998779296875,464.989990234375,441.0,443.1099853515625,443.1099853515625,136732.0
2023-05-30 09:15:00,445.0,445.1000061035156,442.1600036621094,443.3800048828125,443.3800048828125,68857.0
2023-05-31 09:15:00,444.5,444.79998779296875,441.0,444.2300109863281,444.2300109863281,96160.0
2023-06-01 09:15:00,442.5,447.989990234375,441.0,446.3500061035156,446.3500061035156,130023.0
2023-06-02 09:15:00,446.3500061035156,459.75,444.54998779296875,447.989990234375,447.989990234375,101399.0
2023-06-05 09:15:00,453.1300048828125,453.1300048828125,448.1099853515625,449.0799865722656,449.0799865722656,106129.0
2023-06-06 09:15:00,462.54998779296875,462.54998779296875,447.3500061035156,451.1099853515625,451.1099853515625,108930.0
2023-06-07 09:15:00,464.6499938964844,464.6499938964844,451.1099853515625,455.0299987792969,455.0299987792969,92514.0
2023-06-08 09:15:00,459.0899963378906,459.0899963378906,451.7099914550781,452.3399963378906,452.3399963378906,185959.0
2023-06-09 09:15:00,454.20001220703125,454.44000244140625,450.69000244140625,452.0799865722656,452.0799865722656,70248.0
2023-06-12 09:15:00,454.19000244140625,454.44000244140625,451.2200012207031,453.6199951171875,453.6199951171875,117582.0
2023-06-13 09:15:00,467.25,467.25,453.6199951171875,457.5899963378906,457.5899963378906,84387.0
2023-06-14 09:15:00,459.3999938964844,460.0,457.2900085449219,459.04998779296875,459.04998779296875,84555.0
2023-06-15 09:15:00,468.0,468.0,458.1000061035156,458.8900146484375,458.8900146484375,110460.0
2023-06-16 09:15:00,472.6499938964844,472.6499938964844,458.29998779296875,463.5400085449219,463.5400085449219,110574.0
2023-06-19 09:15:00,477.45001220703125,477.45001220703125,462.29998779296875,463.2799987792969,463.2799987792969,114321.0
2023-06-20 09:15:00,472.6499938964844,472.6499938964844,449.3999938964844,465.3999938964844,465.3999938964844,111599.0
2023-06-21 09:15:00,479.3500061035156,479.3500061035156,462.7699890136719,464.3800048828125,464.3800048828125,138270.0
2023-06-22 09:15:00,468.0,468.0,457.54998779296875,458.3299865722656,458.3299865722656,193830.0
2023-06-23 09:15:00,462.0199890136719,462.0199890136719,452.5,453.1099853515625,453.1099853515625,127647.0
2023-06-26 09:15:00,454.7900085449219,457.0,451.260009765625,455.07000732421875,455.07000732421875,105907.0
2023-06-27 09:15:00,468.70001220703125,468.70001220703125,450.1000061035156,456.4700012207031,456.4700012207031,92948.0
2023-06-28 09:15:00,470.1499938964844,470.1499938964844,456.4700012207031,459.760009765625,459.760009765625,88039.0
2023-06-30 09:15:00,473.54998779296875,473.54998779296875,459.1000061035156,464.260009765625,464.260009765625,188814.0
2023-07-03 09:15:00,450.3500061035156,467.29998779296875,450.3500061035156,464.7300109863281,464.7300109863281,641160.0
2023-07-04 09:15:00,478.6499938964844,478.6499938964844,462.29998779296875,463.8500061035156,463.8500061035156,143774.0
2023-07-05 09:15:00,470.95001220703125,470.95001220703125,455.1000061035156,467.8800048828125,467.8800048828125,154105.0
2023-07-06 09:15:00,475.25,475.25,465.29998779296875,470.510009765625,470.510009765625,111915.0
2023-07-07 09:15:00,472.29998779296875,472.29998779296875,465.5,466.42999267578125,466.42999267578125,159296.0
2023-07-10 09:15:00,480.3999938964844,480.3999938964844,463.1000061035156,463.8299865722656,463.8299865722656,158537.0
2023-07-11 09:15:00,449.8999938964844,468.70001220703125,449.8999938964844,466.989990234375,466.989990234375,110394.0
2023-07-12 09:15:00,472.45001220703125,472.45001220703125,465.69000244140625,468.5199890136719,468.5199890136719,73213.0
2023-07-13 09:15:00,474.0,474.0,464.30999755859375,466.17999267578125,466.17999267578125,140506.0
2023-07-14 09:15:00,473.95001220703125,473.95001220703125,465.2099914550781,469.3500061035156,469.3500061035156,100295.0
2023-07-17 09:15:00,483.45001220703125,483.45001220703125,468.1000061035156,470.5799865722656,470.5799865722656,156233.0
2023-07-18 09:15:00,484.70001220703125,484.70001220703125,467.29998779296875,468.8800048828125,468.8800048828125,77637.0
2023-07-19 09:15:00,482.95001220703125,482.95001220703125,468.8800048828125,471.05999755859375,471.05999755859375,90468.0
2023-07-20 09:15:00,485.20001220703125,485.20001220703125,465.25,470.1199951171875,470.1199951171875,110964.0
2023-07-21 09:15:00,471.20001220703125,471.20001220703125,466.25,467.510009765625,467.510009765625,232335.0
2023-07-24 09:15:00,481.54998779296875,481.54998779296875,465.79998779296875,467.70001220703125,467.70001220703125,97997.0
2023-07-25 09:15:00,481.75,481.75,453.6499938964844,469.6300048828125,469.6300048828125,90752.0
2023-07-26 09:15:00,483.70001220703125,483.70001220703125,469.1000061035156,471.5199890136719,471.5199890136719,73803.0
2023-07-27 09:15:00,457.3500061035156,488.04998779296875,457.3500061035156,472.8299865722656,472.8299865722656,116861.0
2023-07-28 09:15:00,487.0,487.0,472.5799865722656,477.8299865722656,477.8299865722656,97093.0
2023-07-31 09:15:00,492.1499938964844,492.1499938964844,477.1000061035156,480.260009765625,480.260009765625,68531.0
2023-08-01 09:15:00,494.6499938964844,494.6499938964844,478.42999267578125,479.2699890136719,479.2699890136719,140911.0
2023-08-02 09:15:00,480.8999938964844,481.0,469.1099853515625,473.5299987792969,473.5299987792969,137166.0
2023-08-03 09:15:00,459.29998779296875,475.510009765625,459.29998779296875,470.3800048828125,470.3800048828125,131766.0
2023-08-04 09:15:00,484.5,484.5,469.1600036621094,475.1400146484375,475.1400146484375,137266.0
2023-08-07 09:15:00,489.3999938964844,489.3999938964844,474.19000244140625,475.82000732421875,475.82000732421875,126848.0
2023-08-08 09:15:00,478.25,482.79998779296875,461.54998779296875,476.1199951171875,476.1199951171875,57238.0
2023-08-09 09:15:00,490.3999938964844,490.3999938964844,461.8500061035156,477.20001220703125,477.20001220703125,49589.0
2023-08-10 09:15:00,491.5,491.5,472.1499938964844,474.6400146484375,474.6400146484375,95027.0
2023-08-11 09:15:00,460.3999938964844,477.5,460.3999938964844,473.6000061035156,473.6000061035156,102831.0
2023-08-14 09:15:00,487.79998779296875,487.79998779296875,459.3999938964844,467.6600036621094,467.6600036621094,268833.0
2023-08-16 09:15:00,481.70001220703125,481.70001220703125,462.25,467.6199951171875,467.6199951171875,96973.0
2023-08-17 09:15:00,453.6000061035156,481.6499938964844,453.6000061035156,466.45001220703125,466.45001220703125,90025.0
2023-08-18 09:15:00,475.25,475.25,463.4100036621094,464.30999755859375,464.30999755859375,86987.0
2023-08-21 09:15:00,450.3999938964844,468.1499938964844,450.3999938964844,466.1600036621094,466.1600036621094,208326.0
2023-08-22 09:15:00,469.0,471.010009765625,465.260009765625,470.3699951171875,470.3699951171875,64577.0
2023-08-23 09:15:00,484.5,484.5,470.3699951171875,471.0899963378906,471.0899963378906,63119.0
2023-08-24 09:15:00,485.20001220703125,485.20001220703125,466.0,470.8500061035156,470.8500061035156,129889.0
2023-08-25 09:15:00,485.0,485.0,460.8500061035156,467.05999755859375,467.05999755859375,105204.0
2023-08-28 09:15:00,460.1499938964844,470.9700012207031,460.1499938964844,470.3599853515625,470.3599853515625,78145.0
2023-08-29 09:15:00,484.45001220703125,484.45001220703125,470.3599853515625,473.29998779296875,473.29998779296875,55516.0
2023-08-30 09:15:00,487.5,487.5,459.1000061035156,474.8999938964844,474.8999938964844,50483.0
2023-08-31 09:15:00,464.04998779296875,478.3500061035156,464.04998779296875,471.7799987792969,471.7799987792969,51602.0
2023-09-01 09:15:00,474.6499938964844,476.3500061035156,470.25,476.0199890136719,476.0199890136719,77278.0
2023-09-04 09:15:00,490.29998779296875,490.29998779296875,475.1000061035156,480.1499938964844,480.1499938964844,127796.0
2023-09-05 09:15:00,482.8500061035156,482.8500061035156,479.5,480.9800109863281,480.9800109863281,72938.0
2023-09-06 09:15:00,483.25,483.8399963378906,473.04998779296875,483.489990234375,483.489990234375,129689.0
2023-09-07 09:15:00,498.0,498.0,469.0,486.1700134277344,486.1700134277344,104411.0
2023-09-08 09:15:00,494.25,494.25,471.6000061035156,490.0799865722656,490.0799865722656,127027.0
2023-09-11 09:15:00,504.79998779296875,504.79998779296875,475.3999938964844,494.2200012207031,494.2200012207031,166583.0
2023-09-12 09:15:00,497.79998779296875,497.79998779296875,482.05999755859375,483.6600036621094,483.6600036621094,178543.0
2023-09-13 09:15:00,487.3500061035156,487.3500061035156,479.20001220703125,485.32000732421875,485.32000732421875,117466.0
2023-09-14 09:15:00,499.8999938964844,499.8999938964844,485.1499938964844,488.510009765625,488.510009765625,70919.0
2023-09-15 09:15:00,503.1499938964844,503.1499938964844,473.8500061035156,489.0299987792969,489.0299987792969,61763.0
2023-09-18 09:15:00,503.70001220703125,503.70001220703125,482.05999755859375,488.94000244140625,488.94000244140625,86920.0
2023-09-20 09:15:00,487.989990234375,489.9200134277344,484.0,484.8599853515625,484.8599853515625,94932.0
2023-09-21 09:15:00,470.29998779296875,499.3999938964844,470.29998779296875,480.489990234375,480.489990234375,90522.0
2023-09-22 09:15:00,494.8999938964844,494.8999938964844,475.6000061035156,480.2099914550781,480.2099914550781,130593.0
2023-09-25 09:15:00,494.6000061035156,494.6000061035156,476.57000732421875,478.6300048828125,478.6300048828125,136396.0
2023-09-26 09:15:00,487.25,487.25,478.1300048828125,479.5,479.5,80182.0
2023-09-27 09:15:00,469.54998779296875,493.8999938964844,469.54998779296875,479.8999938964844,479.8999938964844,98302.0
2023-09-28 09:15:00,494.29998779296875,494.29998779296875,472.6000061035156,474.80999755859375,474.80999755859375,83778.0
2023-09-29 09:15:00,478.6499938964844,480.0,474.80999755859375,478.92999267578125,478.92999267578125,61170.0
2023-10-03 09:15:00,464.54998779296875,483.0,464.54998779296875,478.2799987792969,478.2799987792969,913350.0
2023-10-04 09:15:00,492.6499938964844,492.6499938964844,467.1499938964844,472.989990234375,472.989990234375,240503.0
2023-10-05 09:15:00,487.20001220703125,487.20001220703125,471.70001220703125,473.19000244140625,473.19000244140625,138830.0
2023-10-06 09:15:00,487.3999938964844,487.3999938964844,459.0,475.8900146484375,475.8900146484375,104454.0
2023-10-09 09:15:00,490.1499938964844,490.1499938964844,461.6000061035156,470.57000732421875,470.57000732421875,135659.0
2023-10-10 09:15:00,456.45001220703125,478.3500061035156,456.45001220703125,476.5,476.5,139036.0
2023-10-11 09:15:00,482.6000061035156,482.6000061035156,465.1499938964844,477.9800109863281,477.9800109863281,94290.0
2023-10-12 09:15:00,492.29998779296875,492.29998779296875,475.9800109863281,479.3699951171875,479.3699951171875,79547.0
2023-10-13 09:15:00,465.0,480.9700012207031,465.0,479.6099853515625,479.6099853515625,77199.0
2023-10-16 09:15:00,494.0,494.0,465.0,480.9200134277344,480.9200134277344,123142.0
2023-10-17 09:15:00,493.1499938964844,493.1499938964844,466.5,482.6700134277344,482.6700134277344,65458.0
2023-10-18 09:15:00,489.0,489.0,477.0,478.6499938964844,478.6499938964844,75918.0
2023-10-19 09:15:00,464.29998779296875,489.25,464.29998779296875,477.1600036621094,477.1600036621094,60635.0
2023-10-20 09:15:00,491.45001220703125,491.45001220703125,466.5,473.44000244140625,473.44000244140625,88440.0
2023-10-23 09:15:00,487.6499938964844,487.6499938964844,463.010009765625,464.55999755859375,464.55999755859375,171639.0
2023-10-25 09:15:00,478.5,478.5,458.510009765625,460.4599914550781,460.4599914550781,199831.0
2023-10-26 09:15:00,474.25,474.25,451.0,457.2900085449219,457.2900085449219,189225.0
2023-10-27 09:15:00,471.0,471.0,443.54998779296875,465.760009765625,465.760009765625,203694.0
2023-10-30 09:15:00,479.75,479.75,460.0,466.6600036621094,466.6600036621094,75451.0
2023-10-31 09:15:00,480.6499938964844,480.6499938964844,459.29998779296875,467.7200012207031,467.7200012207031,127862.0
2023-11-01 09:15:00,481.75,481.75,453.70001220703125,465.239990234375,465.239990234375,125504.0
2023-11-02 09:15:00,479.20001220703125,479.20001220703125,454.20001220703125,471.4800109863281,471.4800109863281,115470.0
2023-11-03 09:15:00,471.4800109863281,477.0,468.0,475.79998779296875,475.79998779296875,82901.0
2023-11-06 09:15:00,480.6000061035156,480.6000061035156,469.6000061035156,479.70001220703125,479.70001220703125,92836.0
2023-11-07 09:15:00,494.1000061035156,494.1000061035156,465.29998779296875,483.70001220703125,483.70001220703125,103740.0
2023-11-08 09:15:00,486.6000061035156,487.0,471.04998779296875,486.1199951171875,486.1199951171875,96666.0
2023-11-09 09:15:00,497.3500061035156,497.3500061035156,483.70001220703125,484.1600036621094,484.1600036621094,152747.0
2023-11-10 09:15:00,498.70001220703125,498.70001220703125,479.29998779296875,485.3900146484375,485.3900146484375,92841.0
2023-11-13 09:15:00,498.3999938964844,498.3999938964844,485.2900085449219,488.5299987792969,488.5299987792969,85694.0
2023-11-15 09:15:00,473.8500061035156,503.20001220703125,473.8500061035156,493.239990234375,493.239990234375,107140.0
2023-11-16 09:15:00,502.6000061035156,502.6000061035156,491.2200012207031,494.8599853515625,494.8599853515625,118278.0
2023-11-17 09:15:00,509.70001220703125,509.70001220703125,490.1000061035156,498.20001220703125,498.20001220703125,127859.0
2023-11-20 09:15:00,500.29998779296875,500.29998779296875,495.0,496.95001220703125,496.95001220703125,100943.0
2023-11-21 09:15:00,482.04998779296875,500.5,482.04998779296875,497.0899963378906,497.0899963378906,69275.0
2023-11-22 09:15:00,499.0,499.0,493.1099853515625,495.0400085449219,495.0400085449219,61480.0
2023-11-23 09:15:00,500.0,500.0,480.20001220703125,496.5199890136719,496.5199890136719,59352.0
2023-11-24 09:15:00,502.1499938964844,502.1499938964844,481.6000061035156,495.8800048828125,495.8800048828125,54461.0
2023-11-28 09:15:00,510.75,510.75,481.0,500.0799865722656,500.0799865722656,140988.0
2023-11-29 09:15:00,515.0999755859375,515.0999755859375,488.6000061035156,504.75,504.75,103379.0
2023-11-30 09:15:00,519.9000244140625,519.9000244140625,489.6000061035156,510.260009765625,510.260009765625,85830.0
2023-12-01 09:15:00,525.5499877929688,525.5499877929688,494.95001220703125,515.5599975585938,515.5599975585938,149337.0
2023-12-04 09:15:00,531.0499877929688,531.0499877929688,518.0999755859375,525.719970703125,525.719970703125,190598.0
2023-12-05 09:15:00,531.4500122070312,538.219970703125,525.010009765625,531.75,531.75,164489.0
2023-12-06 09:15:00,529.0800170898438,537.9099731445312,515.7999877929688,537.3800048828125,537.3800048828125,127541.0
2023-12-07 09:15:00,553.5,553.5,536.1599731445312,541.4500122070312,541.4500122070312,85355.0
2023-12-08 09:15:00,551.1500244140625,551.1500244140625,525.2000122070312,537.8900146484375,537.8900146484375,142150.0
2023-12-11 09:15:00,521.75,544.219970703125,521.75,543.8400268554688,543.8400268554688,106970.0
2023-12-12 09:15:00,560.1500244140625,560.1500244140625,536.6699829101562,540.4600219726562,540.4600219726562,123670.0
2023-12-13 09:15:00,556.6500244140625,556.6500244140625,532.0,543.969970703125,543.969970703125,94043.0
2023-12-14 09:15:00,528.02001953125,552.0,527.6500244140625,550.72998046875,550.72998046875,90380.0
2023-12-15 09:15:00,562.1500244140625,562.1500244140625,550.260009765625,551.6599731445312,551.6599731445312,88659.0
2023-12-18 09:15:00,568.2000122070312,568.2000122070312,547.0,556.219970703125,556.219970703125,100236.0
2023-12-19 09:15:00,558.5,558.5,551.5499877929688,556.719970703125,556.719970703125,97011.0
2023-12-20 09:15:00,570.2999877929688,570.2999877929688,539.1300048828125,541.7100219726562,541.7100219726562,236810.0
2023-12-21 09:15:00,541.7100219726562,555.25,532.2999877929688,547.739990234375,547.739990234375,102889.0
2023-12-22 09:15:00,564.1500244140625,564.1500244140625,532.2999877929688,552.4500122070312,552.4500122070312,124029.0
2023-12-26 09:15:00,540.2999877929688,563.1500244140625,540.2999877929688,557.5900268554688,557.5900268554688,136938.0
2023-12-27 09:15:00,564.0,574.2999877929688,556.6799926757812,560.25,560.25,144712.0
2023-12-28 09:15:00,577.0499877929688,577.0499877929688,560.260009765625,562.75,562.75,92767.0
2023-12-29 09:15:00,579.6500244140625,579.6500244140625,545.8499755859375,567.3599853515625,567.3599853515625,128249.0
2024-01-01 09:15:00,582.2999877929688,582.2999877929688,550.2999877929688,568.1300048828125,568.1300048828125,366729.0
2024-01-02 09:15:00,585.1500244140625,585.1500244140625,559.3200073242188,566.6799926757812,566.6799926757812,220026.0
2024-01-03 09:15:00,568.5,575.0,564.6099853515625,571.7100219726562,571.7100219726562,162026.0
2024-01-04 09:15:00,588.8499755859375,588.8499755859375,571.72998046875,576.9299926757812,576.9299926757812,102850.0
2024-01-05 09:15:00,571.72998046875,586.0999755859375,564.5999755859375,576.3300170898438,576.3300170898438,130348.0
2024-01-08 09:15:00,578.8499755859375,579.8900146484375,570.7000122070312,571.5499877929688,571.5499877929688,201402.0
2024-01-09 09:15:00,588.2999877929688,588.2999877929688,568.0,573.9400024414062,573.9400024414062,121301.0
2024-01-10 09:15:00,569.9199829101562,576.5999755859375,559.25,574.760009765625,574.760009765625,114308.0
2024-01-11 09:15:00,587.5,587.5,562.0999755859375,580.4500122070312,580.4500122070312,76519.0
2024-01-12 09:15:00,584.5,584.5,580.2899780273438,581.1199951171875,581.1199951171875,124006.0
2024-01-15 09:15:00,585.7999877929688,585.7999877929688,578.6900024414062,582.47998046875,582.47998046875,134659.0
2024-01-16 09:15:00,599.9500122070312,599.9500122070312,570.8300170898438,581.8099975585938,581.8099975585938,82701.0
2024-01-17 09:15:00,599.25,599.25,564.3599853515625,576.1599731445312,576.1599731445312,137378.0
2024-01-18 09:15:00,592.1500244140625,592.1500244140625,561.0,573.5700073242188,573.5700073242188,141337.0
2024-01-19 09:15:00,578.7000122070312,581.97998046875,573.5700073242188,581.6199951171875,581.6199951171875,85408.0
2024-01-23 09:15:00,586.5,586.6199951171875,563.510009765625,566.9400024414062,566.9400024414062,155473.0
2024-01-24 09:15:00,569.7000122070312,576.989990234375,561.4099731445312,576.219970703125,576.219970703125,131762.0
2024-01-25 09:15:00,574.2999877929688,585.0,571.8099975585938,579.0900268554688,579.0900268554688,135932.0
2024-01-29 09:15:00,596.4500122070312,596.4500122070312,578.2999877929688,585.0399780273438,585.0399780273438,123036.0
2024-01-30 09:15:00,602.5999755859375,602.5999755859375,582.2100219726562,583.0999755859375,583.0999755859375,84117.0
2024-01-31 09:15:00,599.1500244140625,599.1500244140625,582.0,587.7000122070312,587.7000122070312,66569.0
2024-02-01 09:15:00,590.7000122070312,593.8800048828125,586.2000122070312,589.9199829101562,589.9199829101562,87232.0
2024-02-02 09:15:00,607.5999755859375,607.5999755859375,589.9199829101562,594.9199829101562,594.9199829101562,115345.0
2024-02-05 09:15:00,612.75,612.75,589.47998046875,592.280029296875,592.280029296875,176362.0
2024-02-06 09:15:00,577.02001953125,600.9600219726562,575.0999755859375,600.3699951171875,600.3699951171875,104233.0
2024-02-07 09:15:00,586.5999755859375,612.0999755859375,586.5999755859375,610.1699829101562,610.1699829101562,135880.0
2024-02-08 09:15:00,618.0,618.0,603.2000122070312,611.3099975585938,611.3099975585938,221522.0
2024-02-09 09:15:00,629.6500244140625,629.6500244140625,596.02001953125,610.6400146484375,610.6400146484375,159569.0
2024-02-12 09:15:00,610.6400146484375,615.989990234375,597.0,599.6400146484375,599.6400146484375,132535.0
2024-02-13 09:15:00,601.8499755859375,605.0,592.52001953125,603.469970703125,603.469970703125,350821.0
2024-02-14 09:15:00,602.0,613.5399780273438,593.0,611.9600219726562,611.9600219726562,78304.0
2024-02-15 09:15:00,611.9600219726562,618.5499877929688,611.9600219726562,617.8499755859375,617.8499755859375,81658.0
2024-02-16 09:15:00,636.4000244140625,636.4000244140625,617.8499755859375,622.7100219726562,622.7100219726562,108836.0
2024-02-19 09:15:00,626.7000122070312,626.7000122070312,621.9400024414062,624.1599731445312,624.1599731445312,114928.0
2024-02-20 09:15:00,642.9000244140625,642.9000244140625,610.0999755859375,624.9000244140625,624.9000244140625,105565.0
2024-02-21 09:15:00,643.6500244140625,643.6500244140625,619.3699951171875,621.1900024414062,621.1900024414062,91016.0
2024-02-22 09:15:00,624.7000122070312,628.8800048828125,617.0,627.9199829101562,627.9199829101562,69003.0
2024-02-23 09:15:00,631.5,631.5,625.6699829101562,629.5399780273438,629.5399780273438,72395.0
2024-02-26 09:15:00,631.8499755859375,632.7999877929688,621.5,630.1300048828125,630.1300048828125,156441.0
2024-02-27 09:15:00,631.9000244140625,634.489990234375,626.3499755859375,629.2899780273438,629.2899780273438,107313.0
2024-02-28 09:15:00,614.02001953125,648.1500244140625,614.02001953125,621.3099975585938,621.3099975585938,151431.0
2024-02-29 09:15:00,622.0,639.9500122070312,614.8099975585938,627.760009765625,627.760009765625,85525.0
2024-03-01 09:15:00,646.5999755859375,646.5999755859375,613.0999755859375,632.469970703125,632.469970703125,132294.0
2024-03-04 09:15:00,655.1500244140625,655.1500244140625,634.25,637.010009765625,637.010009765625,104974.0
2024-03-05 09:15:00,646.0,646.0,631.0,638.5399780273438,638.5399780273438,99389.0
2024-03-06 09:15:00,652.1500244140625,652.1500244140625,621.2999877929688,636.719970703125,636.719970703125,179722.0
2024-03-07 09:15:00,639.5,644.9000244140625,636.719970703125,642.8800048828125,642.8800048828125,104503.0
2024-03-11 09:15:00,662.1500244140625,662.1500244140625,623.5900268554688,642.489990234375,642.489990234375,149661.0
2024-03-12 09:15:00,661.75,661.75,624.5,630.3699951171875,630.3699951171875,331342.0
2024-03-13 09:15:00,633.7999877929688,634.25,603.8699951171875,609.5900268554688,609.5900268554688,379394.0
2024-03-14 09:15:00,627.9000244140625,629.8499755859375,601.0,623.1699829101562,623.1699829101562,171573.0
2024-03-15 09:15:00,641.8499755859375,641.8499755859375,609.010009765625,617.9600219726562,617.9600219726562,176196.0
2024-03-18 09:15:00,636.5,637.2000122070312,599.4000244140625,621.8099975585938,621.8099975585938,132358.0
2024-03-19 09:15:00,620.4500122070312,636.0,609.5,610.3499755859375,610.3499755859375,192443.0
2024-03-20 09:15:00,628.6500244140625,629.0,603.5,612.7999877929688,612.7999877929688,131121.0
2024-03-21 09:15:00,594.4000244140625,626.5,594.4000244140625,625.72998046875,625.72998046875,125726.0
2024-03-22 09:15:00,644.5,644.5,610.0999755859375,628.469970703125,628.469970703125,100472.0
2024-03-26 09:15:00,630.4000244140625,635.5800170898438,613.02001953125,634.4500122070312,634.4500122070312,190884.0
2024-03-27 09:15:00,619.02001953125,641.4000244140625,619.02001953125,637.1500244140625,637.1500244140625,227358.0
2024-03-28 09:15:00,656.25,656.25,630.0499877929688,643.8099975585938,643.8099975585938,184687.0
2024-04-01 09:15:00,659.0,659.0,636.0,655.780029296875,655.780029296875,274750.0
2024-04-02 09:15:00,675.4500122070312,675.4500122070312,636.0999755859375,662.719970703125,662.719970703125,186563.0
2024-04-03 09:15:00,682.5999755859375,682.5999755859375,650.0,664.77001953125,664.77001953125,212121.0
2024-04-04 09:15:00,684.7000122070312,684.7000122070312,660.0,661.6599731445312,661.6599731445312,231651.0
2024-04-05 09:15:00,681.5,681.5,644.0999755859375,666.0800170898438,666.0800170898438,187784.0
2024-04-08 09:15:00,672.0,679.0,661.0,670.3400268554688,670.3400268554688,126239.0
2024-04-09 09:15:00,675.0,675.0,665.0,668.489990234375,668.489990234375,138491.0
2024-04-10 09:15:00,688.5499877929688,688.5499877929688,653.02001953125,674.469970703125,674.469970703125,126524.0
2024-04-12 09:15:00,694.7000122070312,694.7000122070312,668.5,670.6599731445312,670.6599731445312,471836.0
2024-04-15 09:15:00,650.5499877929688,671.5,650.5499877929688,660.530029296875,660.530029296875,986754.0
2024-04-16 09:15:00,674.1500244140625,674.1500244140625,640.7000122070312,660.9299926757812,660.9299926757812,167595.0
2024-04-18 09:15:00,680.75,680.75,657.010009765625,659.719970703125,659.719970703125,229165.0
2024-04-19 09:15:00,679.5,679.5,641.5,659.4299926757812,659.4299926757812,233948.0
2024-04-22 09:15:00,666.5,668.0,662.0999755859375,667.3900146484375,667.3900146484375,119324.0
2024-04-23 09:15:00,687.4000244140625,687.4000244140625,665.0,668.97998046875,668.97998046875,162258.0
2024-04-24 09:15:00,689.0499877929688,689.0499877929688,648.9000244140625,673.8599853515625,673.8599853515625,216901.0
2024-04-25 09:15:00,694.0999755859375,694.0999755859375,658.02001953125,677.5599975585938,677.5599975585938,121210.0
2024-04-26 09:15:00,657.25,697.9000244140625,657.25,682.9199829101562,682.9199829101562,185512.0
2024-04-29 09:15:00,703.4000244140625,703.4000244140625,682.2000122070312,684.8400268554688,684.8400268554688,302013.0
2024-04-30 09:15:00,705.4000244140625,705.4000244140625,684.4299926757812,690.3300170898438,690.3300170898438,161356.0
2024-05-02 09:15:00,693.75,701.530029296875,690.3300170898438,700.5700073242188,700.5700073242188,201499.0
2024-05-03 09:15:00,705.4000244140625,708.0,694.02001953125,700.3300170898438,700.3300170898438,267806.0
2024-05-06 09:15:00,721.3499755859375,721.3499755859375,685.5,691.280029296875,691.280029296875,347197.0
2024-05-07 09:15:00,712.0,712.0,676.5999755859375,680.5700073242188,680.5700073242188,253016.0
2024-05-08 09:15:00,683.8499755859375,692.7899780273438,676.5499877929688,688.25,688.25,224047.0
2024-05-09 09:15:00,708.9000244140625,708.9000244140625,667.5999755859375,675.3200073242188,675.3200073242188,293118.0
2024-05-10 09:15:00,674.3499755859375,682.6500244140625,671.6599731445312,681.4199829101562,681.4199829101562,160103.0
2024-05-13 09:15:00,701.8499755859375,701.8499755859375,661.0,685.4500122070312,685.4500122070312,220006.0
2024-05-14 09:15:00,706.0,706.0,664.9000244140625,695.239990234375,695.239990234375,183626.0
2024-05-15 09:15:00,698.7999877929688,700.0,695.239990234375,698.969970703125,698.969970703125,233819.0
2024-05-16 09:15:00,703.7899780273438,706.0,697.0999755859375,704.0800170898438,704.0800170898438,226430.0
2024-05-17 09:15:00,725.2000122070312,725.2000122070312,701.8900146484375,714.260009765625,714.260009765625,188106.0
2024-05-21 09:15:00,741.7999877929688,741.7999877929688,705.0,726.4500122070312,726.4500122070312,173794.0
2024-05-22 09:15:00,748.25,748.25,715.5499877929688,728.2000122070312,728.2000122070312,186951.0
2024-05-23 09:15:00,731.9000244140625,732.8499755859375,726.25,732.1400146484375,732.1400146484375,154505.0
2024-05-24 09:15:00,754.0999755859375,754.0999755859375,727.3499755859375,735.8599853515625,735.8599853515625,360625.0
2024-05-27 09:15:00,740.0,740.5,720.02001953125,736.1900024414062,736.1900024414062,227509.0
2024-05-28 09:15:00,714.0999755859375,739.9000244140625,714.0999755859375,730.0499877929688,730.0499877929688,186717.0
2024-05-29 09:15:00,740.0,740.0,719.0999755859375,725.0800170898438,725.0800170898438,164030.0
2024-05-30 09:15:00,746.8499755859375,746.8499755859375,715.5499877929688,719.5399780273438,719.5399780273438,227611.0
2024-05-31 09:15:00,724.5,724.97998046875,712.3400268554688,719.9199829101562,719.9199829101562,215276.0
2024-06-03 09:15:00,741.5,751.989990234375,730.0,750.2000122070312,750.2000122070312,434759.0
2024-06-04 09:15:00,749.7000122070312,769.0,651.989990234375,740.260009765625,740.260009765625,1549840.0
2024-06-05 09:15:00,736.0,750.0,682.0499877929688,712.3499755859375,712.3499755859375,1081909.0
2024-06-06 09:15:00,724.7000122070312,732.719970703125,702.0,726.6699829101562,726.6699829101562,353016.0
2024-06-07 09:15:00,748.4500122070312,748.4500122070312,720.510009765625,736.5599975585938,736.5599975585938,302294.0
2024-06-10 09:15:00,741.5,745.0,733.5499877929688,742.9000244140625,742.9000244140625,226240.0
2024-06-11 09:15:00,747.7000122070312,747.7000122070312,741.0,742.219970703125,742.219970703125,178970.0
2024-06-12 09:15:00,736.25,748.3300170898438,736.25,747.510009765625,747.510009765625,186639.0
2024-06-13 09:15:00,754.1500244140625,754.72998046875,736.5999755859375,753.8200073242188,753.8200073242188,342093.0
2024-06-14 09:15:00,763.0999755859375,765.9199829101562,744.3099975585938,764.4000244140625,764.4000244140625,265979.0
2024-06-18 09:15:00,770.7899780273438,770.7999877929688,755.2999877929688,768.8900146484375,768.8900146484375,271496.0
2024-06-19 09:15:00,780.2999877929688,780.2999877929688,755.0999755859375,762.0999755859375,762.0999755859375,279413.0
2024-06-20 09:15:00,772.0999755859375,772.0999755859375,756.4500122070312,762.8699951171875,762.8699951171875,187545.0
2024-06-21 09:15:00,785.75,785.75,756.1300048828125,757.5800170898438,757.5800170898438,169097.0
2024-06-24 09:15:00,759.2999877929688,762.9600219726562,750.5599975585938,761.9400024414062,761.9400024414062,291966.0
2024-06-25 09:15:00,761.9400024414062,765.7000122070312,758.3499755859375,759.760009765625,759.760009765625,174941.0
2024-06-26 09:15:00,764.7999877929688,764.7999877929688,756.3499755859375,759.0999755859375,759.0999755859375,148561.0
2024-06-27 09:15:00,761.8400268554688,762.469970703125,752.3099975585938,759.0900268554688,759.0900268554688,174210.0
2024-06-28 09:15:00,764.7999877929688,764.7999877929688,758.2000122070312,761.0399780273438,761.0399780273438,165456.0
2024-07-01 09:15:00,757.260009765625,769.0,757.25,767.8699951171875,767.8699951171875,422216.0
2024-07-02 09:15:00,790.9000244140625,790.9000244140625,756.3499755859375,767.7899780273438,767.7899780273438,291238.0
2024-07-03 09:15:00,768.0999755859375,775.7899780273438,757.2999877929688,772.8599853515625,772.8599853515625,211149.0
2024-07-04 09:15:00,757.02001953125,779.0900268554688,755.0999755859375,776.9199829101562,776.9199829101562,231721.0
2024-07-05 09:15:00,779.5900268554688,783.77001953125,772.5,783.1699829101562,783.1699829101562,183325.0
2024-07-08 09:15:00,783.2000122070312,787.0,780.1400146484375,783.9199829101562,783.9199829101562,262570.0
2024-07-09 09:15:00,787.489990234375,788.8499755859375,782.0,787.0700073242188,787.0700073242188,237873.0
2024-07-10 09:15:00,810.7000122070312,810.7000122070312,770.0999755859375,787.260009765625,787.260009765625,303765.0
2024-07-11 09:15:00,790.7000122070312,790.9000244140625,776.2999877929688,789.2100219726562,789.2100219726562,121508.0
2024-07-12 09:15:00,789.25,793.0,782.9199829101562,786.1699829101562,786.1699829101562,207789.0
2024-07-15 09:15:00,809.75,809.75,774.2999877929688,792.2899780273438,792.2899780273438,169727.0
2024-07-16 09:15:00,795.5,795.5,786.7100219726562,788.239990234375,788.239990234375,227503.0
2024-07-18 09:15:00,811.9000244140625,811.9000244140625,764.5999755859375,779.489990234375,779.489990234375,352169.0
2024-07-19 09:15:00,802.8499755859375,802.8499755859375,760.0,761.4099731445312,761.4099731445312,514021.0
2024-07-22 09:15:00,779.97998046875,779.97998046875,751.0999755859375,770.1799926757812,770.1799926757812,232378.0
2024-07-23 09:15:00,772.0,774.7000122070312,736.8900146484375,764.4500122070312,764.4500122070312,474819.0
2024-07-24 09:15:00,760.0,769.52001953125,760.0,766.0399780273438,766.0399780273438,191560.0
2024-07-25 09:15:00,789.0,789.0,751.0999755859375,768.530029296875,768.530029296875,291032.0
2024-07-26 09:15:00,775.0,785.0800170898438,753.02001953125,782.52001953125,782.52001953125,411420.0
2024-07-29 09:15:00,792.5999755859375,792.5999755859375,782.8900146484375,790.1300048828125,790.1300048828125,249256.0
2024-07-30 09:15:00,775.02001953125,793.7999877929688,766.4500122070312,789.22998046875,789.22998046875,129511.0
2024-07-31 09:15:00,812.9000244140625,812.9000244140625,785.0,794.510009765625,794.510009765625,148376.0
2024-08-01 09:15:00,795.2000122070312,799.0,787.1099853515625,791.5,791.5,192589.0
2024-08-02 09:15:00,781.5499877929688,792.0,781.5499877929688,782.8699951171875,782.8699951171875,339839.0
2024-08-05 09:15:00,806.3499755859375,806.3499755859375,750.280029296875,767.489990234375,767.489990234375,800045.0
2024-08-06 09:15:00,745.02001953125,775.7999877929688,745.02001953125,749.8200073242188,749.8200073242188,510202.0
2024-08-07 09:15:00,762.0,771.030029296875,741.0,769.9400024414062,769.9400024414062,254394.0
2024-08-08 09:15:00,776.0,776.0,755.25,767.0,767.0,169102.0
2024-08-09 09:15:00,777.7999877929688,779.1599731445312,768.4299926757812,775.0399780273438,775.0399780273438,269482.0
2024-08-12 09:15:00,778.5,779.5,767.5,772.4500122070312,772.4500122070312,221899.0
2024-08-13 09:15:00,776.8499755859375,776.8499755859375,763.2000122070312,764.1699829101562,764.1699829101562,192442.0
2024-08-14 09:15:00,767.7000122070312,767.7000122070312,759.010009765625,765.1699829101562,765.1699829101562,151985.0
2024-08-16 09:15:00,773.5,779.0,767.0,776.4600219726562,776.4600219726562,207434.0
2024-08-19 09:15:00,753.1500244140625,783.5999755859375,753.1500244140625,781.4099731445312,781.4099731445312,167984.0
2024-08-20 09:15:00,789.0,789.3099975585938,773.0,788.8900146484375,788.8900146484375,155852.0
2024-08-21 09:15:00,791.9000244140625,792.0,786.3499755859375,791.3699951171875,791.3699951171875,302199.0
2024-08-22 09:15:00,791.3699951171875,797.5,790.0999755859375,796.8300170898438,796.8300170898438,372576.0
2024-08-23 09:15:00,796.7999877929688,799.5999755859375,793.75,794.52001953125,794.52001953125,280701.0
2024-08-26 09:15:00,799.5,800.5,794.52001953125,798.219970703125,798.219970703125,171308.0
2024-08-27 09:15:00,799.0,799.4299926757812,774.25,798.8800048828125,798.8800048828125,121471.0
2024-08-28 09:15:00,797.0999755859375,802.7000122070312,796.7999877929688,800.6099853515625,800.6099853515625,158950.0
2024-08-29 09:15:00,824.6500244140625,824.6500244140625,793.3499755859375,799.030029296875,799.030029296875,148185.0
2024-08-30 09:15:00,799.030029296875,803.7000122070312,775.0499877929688,801.7999877929688,801.7999877929688,148349.0
2024-09-02 09:15:00,825.8499755859375,825.8499755859375,777.75,802.489990234375,802.489990234375,203669.0
2024-09-03 09:15:00,805.5,806.5,801.1500244140625,803.5800170898438,803.5800170898438,181042.0
2024-09-04 09:15:00,804.5,806.6599731445312,790.9500122070312,805.530029296875,805.530029296875,201989.0
2024-09-05 09:15:00,808.0,829.7000122070312,781.3499755859375,803.2000122070312,803.2000122070312,507098.0
2024-09-06 09:15:00,827.2999877929688,827.2999877929688,790.0,795.7899780273438,795.7899780273438,217125.0
2024-09-09 09:15:00,798.5,798.5,785.4600219726562,796.0700073242188,796.0700073242188,246093.0
2024-09-10 09:15:00,806.0,806.0,795.510009765625,798.0999755859375,798.0999755859375,136986.0
2024-09-11 09:15:00,800.7999877929688,801.8699951171875,792.010009765625,793.8099975585938,793.8099975585938,126957.0
2024-09-12 09:15:00,799.5,804.219970703125,796.0999755859375,803.5599975585938,803.5599975585938,139739.0
2024-09-13 09:15:00,805.0,807.989990234375,803.3099975585938,804.2899780273438,804.2899780273438,135687.0
2024-09-16 09:15:00,808.7999877929688,808.7999877929688,803.3499755859375,804.2899780273438,804.2899780273438,177087.0
2024-09-17 09:15:00,780.1500244140625,809.7999877929688,780.1500244140625,803.1400146484375,803.1400146484375,138931.0
2024-09-18 09:15:00,827.25,830.0,795.25,800.1500244140625,800.1500244140625,155079.0
2024-09-19 09:15:00,791.0,809.0,782.5499877929688,794.8099975585938,794.8099975585938,414579.0
2024-09-20 09:15:00,798.7999877929688,806.5900268554688,794.0999755859375,804.5800170898438,804.5800170898438,197101.0
2024-09-23 09:15:00,805.0,817.0999755859375,786.25,816.3800048828125,816.3800048828125,310470.0
2024-09-24 09:15:00,819.8400268554688,819.8499755859375,806.2999877929688,817.280029296875,817.280029296875,181100.0
2024-09-25 09:15:00,812.0,819.7000122070312,810.9000244140625,814.8499755859375,814.8499755859375,150285.0
2024-09-26 09:15:00,817.97998046875,820.75,811.25,819.9400024414062,819.9400024414062,147066.0
2024-09-27 09:15:00,822.7000122070312,827.7999877929688,817.0,825.8599853515625,825.8599853515625,153161.0
2024-09-30 09:15:00,826.989990234375,828.6500244140625,820.010009765625,821.5999755859375,821.5999755859375,248333.0
2024-10-01 09:15:00,824.7999877929688,825.1500244140625,818.3699951171875,821.8300170898438,821.8300170898438,374051.0
2024-10-03 09:15:00,820.7999877929688,820.7999877929688,801.3900146484375,807.6300048828125,807.6300048828125,526815.0
2024-10-04 09:15:00,801.3499755859375,810.9000244140625,792.25,803.2000122070312,803.2000122070312,424012.0
2024-10-07 09:15:00,807.6900024414062,807.7000122070312,772.8599853515625,784.969970703125,784.969970703125,907931.0
2024-10-08 09:15:00,793.969970703125,797.6599731445312,773.2000122070312,796.030029296875,796.030029296875,321118.0
2024-10-09 09:15:00,801.8499755859375,810.0,786.3499755859375,804.7000122070312,804.7000122070312,248201.0
2024-10-10 09:15:00,828.8499755859375,828.8499755859375,802.0,803.2999877929688,803.2999877929688,153130.0
2024-10-11 09:15:00,806.5,806.5,779.1900024414062,804.1500244140625,804.1500244140625,106406.0
2024-10-14 09:15:00,808.5,808.5,803.260009765625,807.010009765625,807.010009765625,151410.0
2024-10-15 09:15:00,804.25,811.5,804.25,809.4500122070312,809.4500122070312,193297.0
2024-10-16 09:15:00,809.4299926757812,811.9000244140625,804.0,807.8099975585938,807.8099975585938,197453.0
2024-10-17 09:15:00,810.5,810.5,789.0,789.9099731445312,789.9099731445312,459686.0
2024-10-18 09:15:00,792.7999877929688,794.219970703125,780.510009765625,792.989990234375,792.989990234375,273906.0
2024-10-21 09:15:00,816.7999877929688,816.7999877929688,781.02001953125,781.989990234375,781.989990234375,325284.0
2024-10-22 09:15:00,784.7999877929688,786.8699951171875,758.0,759.5499877929688,759.5499877929688,680772.0
2024-10-23 09:15:00,764.5499877929688,764.8099975585938,749.6599731445312,757.3099975585938,757.3099975585938,427531.0
2024-10-24 09:15:00,762.7999877929688,762.7999877929688,752.8900146484375,753.6699829101562,753.6699829101562,387006.0
2024-10-25 09:15:00,776.2999877929688,776.2999877929688,734.3599853515625,744.489990234375,744.489990234375,535364.0
2024-10-28 09:15:00,766.7999877929688,766.7999877929688,730.02001953125,747.72998046875,747.72998046875,353822.0
2024-10-29 09:15:00,751.5,753.5999755859375,737.5,752.77001953125,752.77001953125,235014.0
2024-10-30 09:15:00,755.5,756.530029296875,747.2000122070312,749.9099731445312,749.9099731445312,199333.0
2024-10-31 09:15:00,751.7999877929688,751.7999877929688,744.1500244140625,746.5900268554688,746.5900268554688,176289.0
2024-11-01 09:15:00,746.5900268554688,746.5900268554688,746.5900268554688,746.5900268554688,746.5900268554688,0.0
2024-11-04 09:15:00,778.75,778.75,733.4000244140625,741.010009765625,741.010009765625,544329.0
2024-11-05 09:15:00,754.0,754.0,731.0,744.9600219726562,744.9600219726562,319271.0
2024-11-06 09:15:00,754.0,763.2000122070312,733.0,762.02001953125,762.02001953125,391823.0
2024-11-07 09:15:00,784.9000244140625,798.9400024414062,739.1500244140625,753.9000244140625,753.9000244140625,222106.0
2024-11-08 09:15:00,770.0,776.5,743.0,744.969970703125,744.969970703125,191280.0
2024-11-11 09:15:00,725.02001953125,753.6199951171875,725.02001953125,747.4099731445312,747.4099731445312,239459.0
2024-11-12 09:15:00,753.7000122070312,753.7000122070312,729.2100219726562,730.8499755859375,730.8499755859375,399623.0
2024-11-13 09:15:00,752.7999877929688,752.7999877929688,708.9000244140625,717.1599731445312,717.1599731445312,531016.0
2024-11-14 09:15:00,738.6500244140625,738.6500244140625,705.3499755859375,720.3900146484375,720.3900146484375,270469.0
2024-11-18 09:15:00,698.7999877929688,734.0999755859375,698.7999877929688,719.719970703125,719.719970703125,360782.0
2024-11-19 09:15:00,741.2999877929688,741.2999877929688,720.0499877929688,723.5700073242188,723.5700073242188,236325.0
2024-11-21 09:15:00,728.5,728.5,705.0999755859375,713.25,713.25,441139.0
2024-11-22 09:15:00,734.6500244140625,734.6500244140625,697.25,726.3300170898438,726.3300170898438,322547.0
2024-11-25 09:15:00,743.0,745.0700073242188,704.5499877929688,740.8400268554688,740.8400268554688,435308.0
2024-11-26 09:15:00,745.7999877929688,745.7999877929688,735.260009765625,742.52001953125,742.52001953125,214116.0
2024-11-27 09:15:00,764.7999877929688,764.7999877929688,735.1099853515625,749.3099975585938,749.3099975585938,220932.0
2024-11-28 09:15:00,753.5,756.0999755859375,745.25,750.1599731445312,750.1599731445312,200986.0
2024-11-29 09:15:00,753.7999877929688,757.4299926757812,745.5499877929688,754.97998046875,754.97998046875,133510.0
2024-12-02 09:15:00,774.2000122070312,774.2000122070312,747.0,759.9500122070312,759.9500122070312,242685.0
2024-12-03 09:15:00,764.7000122070312,768.3400268554688,755.239990234375,767.9400024414062,767.9400024414062,247786.0
2024-12-04 09:15:00,771.7000122070312,772.27001953125,763.5499877929688,771.3800048828125,771.3800048828125,212631.0
2024-12-05 09:15:00,755.0,775.5999755859375,748.25,773.469970703125,773.469970703125,208389.0
2024-12-06 09:15:00,792.4000244140625,792.4000244140625,768.25,778.5,778.5,216151.0
2024-12-09 09:15:00,782.7999877929688,782.7999877929688,772.5,776.5,776.5,200415.0
2024-12-10 09:15:00,780.5,780.9000244140625,773.5499877929688,780.6199951171875,780.6199951171875,192396.0
2024-12-11 09:15:00,780.6199951171875,783.5,757.2000122070312,782.1599731445312,782.1599731445312,177892.0
2024-12-12 09:15:00,772.2000122070312,787.969970703125,772.2000122070312,780.239990234375,780.239990234375,164570.0
2024-12-13 09:15:00,803.6500244140625,803.6500244140625,756.8499755859375,779.0599975585938,779.0599975585938,269120.0
2024-12-16 09:15:00,782.5,782.5,775.25,781.280029296875,781.280029296875,226580.0
2024-12-17 09:15:00,776.25,782.9000244140625,769.4400024414062,771.0900268554688,771.0900268554688,238899.0
2024-12-18 09:15:00,794.2000122070312,794.2000122070312,759.0,760.8900146484375,760.8900146484375,250684.0
2024-12-19 09:15:00,738.0499877929688,756.2000122070312,738.0499877929688,754.1799926757812,754.1799926757812,295978.0
2024-12-20 09:15:00,750.0999755859375,757.8200073242188,732.27001953125,734.2100219726562,734.2100219726562,328622.0
2024-12-23 09:15:00,741.9000244140625,741.9000244140625,720.02001953125,735.77001953125,735.77001953125,242772.0
2024-12-24 09:15:00,713.7000122070312,739.989990234375,713.7000122070312,736.2100219726562,736.2100219726562,161172.0
2024-12-26 09:15:00,739.7999877929688,739.9500122070312,733.8599853515625,738.219970703125,738.219970703125,214428.0
2024-12-27 09:15:00,716.0499877929688,757.3800048828125,716.0499877929688,733.0399780273438,733.0399780273438,157947.0
2024-12-30 09:15:00,755.0499877929688,755.0499877929688,720.3900146484375,727.5,727.5,241638.0
2024-12-31 09:15:00,712.02001953125,745.25,712.02001953125,726.989990234375,726.989990234375,234575.0
2025-01-01 09:15:00,748.7999877929688,748.7999877929688,724.3499755859375,729.5499877929688,729.5499877929688,336470.0
2025-01-02 09:15:00,724.27001953125,751.4500122070312,724.27001953125,738.739990234375,738.739990234375,196273.0
2025-01-03 09:15:00,716.5999755859375,750.0,716.5999755859375,739.8400268554688,739.8400268554688,158570.0
2025-01-06 09:15:00,717.6500244140625,744.7999877929688,714.0499877929688,717.1599731445312,717.1599731445312,558805.0
2025-01-07 09:15:00,738.6500244140625,738.6500244140625,712.0,715.7000122070312,715.7000122070312,256257.0
2025-01-08 09:15:00,726.0,726.0,704.3099975585938,709.7999877929688,709.7999877929688,339961.0
2025-01-09 09:15:00,713.7000122070312,713.7000122070312,688.5,700.969970703125,700.969970703125,289225.0
2025-01-10 09:15:00,705.5,705.5,685.9000244140625,687.8300170898438,687.8300170898438,587849.0
2025-01-13 09:15:00,691.0,700.0999755859375,656.010009765625,660.9099731445312,660.9099731445312,1163898.0
2025-01-14 09:15:00,671.7000122070312,676.3699951171875,661.1500244140625,674.6199951171875,674.6199951171875,515655.0
2025-01-15 09:15:00,694.8499755859375,694.8499755859375,671.2100219726562,680.27001953125,680.27001953125,334298.0
2025-01-16 09:15:00,666.0,693.6400146484375,666.0,689.3200073242188,689.3200073242188,256893.0
2025-01-17 09:15:00,692.4000244140625,699.7000122070312,684.25,695.8300170898438,695.8300170898438,230618.0
2025-01-20 09:15:00,705.0,705.0,691.760009765625,696.5700073242188,696.5700073242188,298966.0
2025-01-21 09:15:00,699.5999755859375,699.5999755859375,675.0999755859375,678.2999877929688,678.2999877929688,697277.0
2025-01-22 09:15:00,698.6500244140625,698.6500244140625,661.760009765625,672.25,672.25,525912.0
2025-01-23 09:15:00,685.2000122070312,685.2000122070312,661.0,679.0,679.0,290988.0
2025-01-24 09:15:00,682.7899780273438,682.7999877929688,667.0,668.3400268554688,668.3400268554688,390661.0
2025-01-27 09:15:00,688.4000244140625,688.4000244140625,648.0,649.719970703125,649.719970703125,817673.0
2025-01-28 09:15:00,666.0,666.0,637.5,651.510009765625,651.510009765625,529416.0
2025-01-29 09:15:00,671.0499877929688,671.0499877929688,640.0,664.3699951171875,664.3699951171875,304266.0
2025-01-30 09:15:00,684.2999877929688,684.2999877929688,655.0,664.989990234375,664.989990234375,557135.0
2025-01-31 09:15:00,678.0,680.0,650.0,676.9099731445312,676.9099731445312,354916.0
2025-02-01 09:15:00,697.2000122070312,697.2000122070312,668.9099731445312,678.72998046875,678.72998046875,363222.0
2025-02-03 09:15:00,677.7000122070312,679.2000122070312,664.1099853515625,669.6599731445312,669.6599731445312,479375.0
2025-02-04 09:15:00,685.0,685.0,670.0700073242188,680.3900146484375,680.3900146484375,288606.0
2025-02-05 09:15:00,685.0,690.0,680.4000244140625,684.5499877929688,684.5499877929688,264501.0
2025-02-06 09:15:00,705.0999755859375,705.0999755859375,677.4600219726562,679.3800048828125,679.3800048828125,270504.0
2025-02-07 09:15:00,697.0,697.0,672.77001953125,679.7100219726562,679.7100219726562,223146.0
2025-02-10 09:15:00,691.9000244140625,691.9000244140625,664.7000122070312,667.3099975585938,667.3099975585938,381669.0
2025-02-11 09:15:00,682.0,682.0,647.2899780273438,650.3800048828125,650.3800048828125,1031129.0
2025-02-12 09:15:00,654.5,654.5,632.5999755859375,650.75,650.75,772405.0
2025-02-13 09:15:00,665.0,665.0,634.0,651.9400024414062,651.9400024414062,421091.0
2025-02-14 09:15:00,663.4500122070312,663.4500122070312,632.1099853515625,637.510009765625,637.510009765625,637988.0
2025-02-17 09:15:00,640.7000122070312,640.7000122070312,624.0,635.6500244140625,635.6500244140625,667908.0
2025-02-18 09:15:00,639.5,641.0,629.0999755859375,636.8800048828125,636.8800048828125,402268.0
2025-02-19 09:15:00,656.0,656.0,621.02001953125,643.9400024414062,643.9400024414062,358229.0
2025-02-20 09:15:00,650.0,653.5399780273438,630.0,653.219970703125,653.219970703125,286368.0
2025-02-21 09:15:00,653.219970703125,672.7999877929688,633.0,647.2100219726562,647.2100219726562,361960.0
2025-02-24 09:15:00,647.0,647.0,630.0,639.760009765625,639.760009765625,429138.0
2025-02-25 09:15:00,642.7999877929688,642.7999877929688,633.6699829101562,634.8400268554688,634.8400268554688,430142.0
2025-02-27 09:15:00,620.0,650.0,620.0,629.1099853515625,629.1099853515625,401292.0
2025-02-28 09:15:00,628.0,628.0,609.25,612.0800170898438,612.0800170898438,1043197.0
2025-03-03 09:15:00,630.4500122070312,630.4500122070312,595.0,616.280029296875,616.280029296875,831868.0
2025-03-04 09:15:00,634.75,634.75,607.260009765625,620.3599853515625,620.3599853515625,655731.0
2025-03-05 09:15:00,638.9500122070312,638.9500122070312,618.1699829101562,636.1400146484375,636.1400146484375,584674.0
2025-03-06 09:15:00,655.2000122070312,655.2000122070312,617.0499877929688,643.9400024414062,643.9400024414062,445447.0
2025-03-07 09:15:00,646.8499755859375,647.8499755859375,638.8499755859375,641.0900268554688,641.0900268554688,508970.0
2025-03-10 09:15:00,646.0,646.0,630.5,631.3900146484375,631.3900146484375,433765.0
2025-03-11 09:15:00,632.4000244140625,636.5999755859375,616.0,634.77001953125,634.77001953125,437242.0
2025-03-12 09:15:00,650.0,650.0,626.780029296875,634.6099853515625,634.6099853515625,502773.0
2025-03-13 09:15:00,646.0,646.0,630.5999755859375,631.0800170898438,631.0800170898438,374371.0
2025-03-17 09:15:00,645.0,645.0,616.02001953125,635.5399780273438,635.5399780273438,411202.0
2025-03-18 09:15:00,635.5399780273438,635.5399780273438,635.5399780273438,635.5399780273438,635.5399780273438,0.0
2025-03-19 09:15:00,656.5,664.6500244140625,632.8499755859375,662.989990234375,662.989990234375,710252.0
2025-03-20 09:15:00,675.0,675.0,660.0,666.9600219726562,666.9600219726562,401090.0
2025-03-21 09:15:00,686.9500122070312,686.9500122070312,655.8499755859375,671.8300170898438,671.8300170898438,521610.0
2025-03-24 09:15:00,685.0,687.4400024414062,659.8499755859375,680.5599975585938,680.5599975585938,557688.0
2025-03-25 09:15:00,692.5,694.25,669.75,670.719970703125,670.719970703125,607446.0
2025-03-26 09:15:00,650.5999755859375,690.8499755859375,650.5999755859375,667.8900146484375,667.8900146484375,540572.0
2025-03-27 09:15:00,687.9500122070312,687.9500122070312,661.0499877929688,676.25,676.25,449816.0
2025-03-28 09:15:00,696.5499877929688,696.5499877929688,655.9500122070312,672.0800170898438,672.0800170898438,409090.0
2025-04-01 09:15:00,692.25,692.25,655.02001953125,667.8499755859375,667.8499755859375,409123.0
2025-04-02 09:15:00,687.9000244140625,687.9000244140625,662.6199951171875,675.530029296875,675.530029296875,288364.0
2025-04-03 09:15:00,692.0,692.0,660.02001953125,675.7000122070312,675.7000122070312,341105.0
2025-04-04 09:15:00,678.989990234375,680.989990234375,655.0999755859375,658.5,658.5,670078.0
2025-04-07 09:15:00,678.25,678.25,620.0,640.0,640.0,1812281.0
2025-04-08 09:15:00,659.2000122070312,659.2000122070312,640.0,651.0900268554688,651.0900268554688,530625.0
2025-04-09 09:15:00,666.4500122070312,666.4500122070312,640.0,649.8200073242188,649.8200073242188,270401.0
2025-04-11 09:15:00,669.2999877929688,672.0,655.3499755859375,658.3200073242188,658.3200073242188,486347.0
2025-04-15 09:15:00,678.25,678.25,663.7000122070312,677.2899780273438,677.2899780273438,472450.0
2025-04-16 09:15:00,697.5999755859375,697.5999755859375,673.75,681.3900146484375,681.3900146484375,345914.0
2025-04-17 09:15:00,683.7000122070312,687.3300170898438,677.6599731445312,685.5900268554688,685.5900268554688,439778.0
2025-04-21 09:15:00,690.0,706.1500244140625,677.3900146484375,698.1599731445312,698.1599731445312,553717.0
2025-04-22 09:15:00,708.3499755859375,708.3499755859375,688.3499755859375,699.2999877929688,699.2999877929688,424652.0
2025-04-23 09:15:00,699.2999877929688,711.3499755859375,694.260009765625,704.25,704.25,401694.0
2025-04-24 09:15:00,715.0,715.0,683.1199951171875,702.9199829101562,702.9199829101562,321371.0
2025-04-25 09:15:00,707.7999877929688,707.7999877929688,681.8599853515625,687.5999755859375,687.5999755859375,653269.0
2025-04-28 09:15:00,691.9500122070312,696.1300048828125,683.0999755859375,694.2000122070312,694.2000122070312,309154.0
2025-04-29 09:15:00,704.5999755859375,704.5999755859375,690.25,693.4099731445312,693.4099731445312,298491.0
2025-04-30 09:15:00,714.2100219726562,714.2100219726562,685.5,688.47998046875,688.47998046875,329940.0
2025-05-02 09:15:00,709.1300048828125,709.1300048828125,684.0999755859375,687.0999755859375,687.0999755859375,340426.0
2025-05-05 09:15:00,684.0,699.1400146484375,684.0,698.3900146484375,698.3900146484375,348555.0
2025-05-06 09:15:00,714.0,714.0,681.010009765625,683.0800170898438,683.0800170898438,559849.0
2025-05-07 09:15:00,670.0,689.9000244140625,670.0,686.3099975585938,686.3099975585938,511628.0
2025-05-08 09:15:00,699.0,699.0,669.219970703125,672.1699829101562,672.1699829101562,451604.0
2025-05-09 09:15:00,692.3400268554688,692.3400268554688,651.989990234375,670.1500244140625,670.1500244140625,455182.0
2025-05-12 09:15:00,683.4000244140625,697.5,675.3499755859375,696.77001953125,696.77001953125,667718.0
2025-05-13 09:15:00,717.6699829101562,717.6699829101562,691.1799926757812,696.72998046875,696.72998046875,421131.0
2025-05-14 09:15:00,707.0,707.0,696.010009765625,701.9099731445312,701.9099731445312,408676.0
2025-05-15 09:15:00,722.969970703125,722.969970703125,699.25,708.010009765625,708.010009765625,510126.0
2025-05-16 09:15:00,729.25,729.25,701.3499755859375,718.280029296875,718.280029296875,739392.0
2025-05-19 09:15:00,725.8499755859375,725.8499755859375,716.7000122070312,721.8400268554688,721.8400268554688,486755.0
2025-05-20 09:15:00,730.0,730.0,707.72998046875,708.5399780273438,708.5399780273438,602502.0
2025-05-21 09:15:00,715.3499755859375,717.0,706.02001953125,716.3699951171875,716.3699951171875,360637.0
2025-05-22 09:15:00,727.0,727.0,709.0,713.9199829101562,713.9199829101562,278142.0
2025-05-23 09:15:00,720.3499755859375,720.3499755859375,705.3499755859375,717.7999877929688,717.7999877929688,269910.0
2025-05-26 09:15:00,717.7999877929688,723.489990234375,717.239990234375,720.8400268554688,720.8400268554688,216825.0
2025-05-27 09:15:00,742.469970703125,742.469970703125,713.2000122070312,717.5999755859375,717.5999755859375,450453.0
2025-05-28 09:15:00,720.7000122070312,721.0,715.0,715.8900146484375,715.8900146484375,177290.0
2025-05-29 09:15:00,724.0,728.3499755859375,715.239990234375,716.9299926757812,716.9299926757812,286446.0
2025-05-30 09:15:00,730.989990234375,738.4400024414062,712.02001953125,714.9099731445312,714.9099731445312,342588.0
2025-06-02 09:15:00,736.3599853515625,736.3599853515625,700.010009765625,717.5399780273438,717.5399780273438,275526.0
2025-06-03 09:15:00,728.0,728.0,713.0999755859375,713.97998046875,713.97998046875,357557.0
2025-06-04 09:15:00,713.0999755859375,716.989990234375,700.0,716.0999755859375,716.0999755859375,252076.0
2025-06-05 09:15:00,694.6199951171875,720.9500122070312,694.6199951171875,718.6799926757812,718.6799926757812,271404.0
2025-06-06 09:15:00,740.239990234375,740.239990234375,708.510009765625,726.6099853515625,726.6099853515625,420725.0
2025-06-09 09:15:00,748.4099731445312,748.4099731445312,714.3499755859375,735.3300170898438,735.3300170898438,392386.0
2025-06-10 09:15:00,745.3499755859375,745.3499755859375,732.989990234375,737.4099731445312,737.4099731445312,330223.0
2025-06-11 09:15:00,746.0,759.530029296875,730.0599975585938,734.7100219726562,734.7100219726562,303590.0
2025-06-12 09:15:00,732.0,743.989990234375,722.0,723.469970703125,723.469970703125,464938.0
2025-06-13 09:15:00,720.3499755859375,720.3499755859375,706.3499755859375,718.0,718.0,495630.0
2025-06-16 09:15:00,728.0,750.989990234375,708.010009765625,722.760009765625,722.760009765625,381522.0
2025-06-17 09:15:00,729.8499755859375,729.8499755859375,716.6900024414062,717.3200073242188,717.3200073242188,286619.0
2025-06-18 09:15:00,729.989990234375,729.989990234375,713.5,715.3900146484375,715.3900146484375,213675.0
2025-06-19 09:15:00,723.260009765625,723.260009765625,704.4000244140625,705.5499877929688,705.5499877929688,358236.0
2025-06-20 09:15:00,698.489990234375,715.989990234375,698.489990234375,714.9400024414062,714.9400024414062,430404.0
2025-06-23 09:15:00,721.3499755859375,721.3499755859375,705.010009765625,715.1900024414062,715.1900024414062,643068.0
2025-06-24 09:15:00,724.0,726.0,715.0999755859375,721.8400268554688,721.8400268554688,428732.0
2025-06-25 09:15:00,721.8400268554688,731.3499755859375,721.6099853515625,725.030029296875,725.030029296875,271706.0
2025-06-26 09:15:00,743.0,743.0,711.0,729.77001953125,729.77001953125,295710.0
2025-06-27 09:15:00,733.8499755859375,735.9500122070312,730.7000122070312,733.9299926757812,733.9299926757812,448882.0
2025-06-30 09:15:00,726.5900268554688,739.8499755859375,726.0,736.9500122070312,736.9500122070312,319436.0
2025-07-01 09:15:00,714.8400268554688,745.0599975585938,714.8400268554688,736.47998046875,736.47998046875,243085.0
2025-07-02 09:15:00,744.3499755859375,744.3499755859375,731.010009765625,736.27001953125,736.27001953125,390733.0
2025-07-03 09:15:00,744.0,754.6699829101562,728.0,732.8900146484375,732.8900146484375,273754.0
2025-07-04 09:15:00,714.5599975585938,751.2100219726562,710.9000244140625,735.6599731445312,735.6599731445312,1052567.0
2025-07-07 09:15:00,728.2999877929688,738.0,710.9000244140625,735.6500244140625,735.6500244140625,513888.0
2025-07-08 09:15:00,735.5,742.3499755859375,726.0,736.3300170898438,736.3300170898438,261612.0
2025-07-09 09:15:00,758.4199829101562,758.4199829101562,731.0,736.219970703125,736.219970703125,230953.0
2025-07-10 09:15:00,755.989990234375,755.989990234375,729.0,734.530029296875,734.530029296875,210828.0
2025-07-11 09:15:00,756.5700073242188,756.5700073242188,727.5399780273438,728.5800170898438,728.5800170898438,375326.0
2025-07-14 09:15:00,745.0,745.0,724.5499877929688,731.9199829101562,731.9199829101562,273432.0
2025-07-15 09:15:00,731.9199829101562,736.8599853515625,724.0,736.0900268554688,736.0900268554688,228448.0
2025-07-16 09:15:00,743.3499755859375,743.3499755859375,728.7000122070312,737.3599853515625,737.3599853515625,181002.0
2025-07-17 09:15:00,745.469970703125,745.469970703125,734.1699829101562,736.3900146484375,736.3900146484375,315351.0
2025-07-18 09:15:00,717.97998046875,744.489990234375,714.2999877929688,731.7000122070312,731.7000122070312,277157.0
2025-07-21 09:15:00,753.6500244140625,753.6500244140625,718.0,734.52001953125,734.52001953125,271776.0
2025-07-22 09:15:00,753.97998046875,753.97998046875,728.280029296875,731.7999877929688,731.7999877929688,154922.0
2025-07-23 09:15:00,753.75,753.75,709.8499755859375,732.4600219726562,732.4600219726562,249810.0
2025-07-24 09:15:00,754.4299926757812,754.4299926757812,727.9600219726562,731.4500122070312,731.4500122070312,258831.0
2025-07-25 09:15:00,753.3900146484375,753.3900146484375,719.5999755859375,720.489990234375,720.489990234375,530197.0
2025-07-28 09:15:00,725.0,728.0599975585938,715.3499755859375,716.4500122070312,716.4500122070312,333048.0
2025-07-29 09:15:00,732.3499755859375,732.3499755859375,710.0,722.969970703125,722.969970703125,248719.0
2025-07-30 09:15:00,718.5,730.5,717.1900024414062,723.3499755859375,723.3499755859375,155713.0
2025-07-31 09:15:00,731.5999755859375,731.5999755859375,715.0,719.8099975585938,719.8099975585938,388785.0
2025-08-01 09:15:00,741.4000244140625,741.4000244140625,709.5800170898438,711.2000122070312,711.2000122070312,287098.0
2025-08-04 09:15:00,718.5999755859375,719.3499755859375,704.72998046875,718.989990234375,718.989990234375,259298.0
2025-08-05 09:15:00,740.5599975585938,740.5599975585938,713.7999877929688,716.75,716.75,232796.0
2025-08-06 09:15:00,723.75,728.3499755859375,709.0,711.0800170898438,711.0800170898438,303648.0
2025-08-07 09:15:00,715.0,732.4099731445312,700.4099731445312,712.72998046875,712.72998046875,381743.0
2025-08-08 09:15:00,729.0,734.1099853515625,701.0,704.1300048828125,704.1300048828125,268994.0
2025-08-11 09:15:00,718.0,718.0,697.1300048828125,711.7000122070312,711.7000122070312,261331.0
2025-08-12 09:15:00,713.989990234375,715.0,704.5800170898438,710.8800048828125,710.8800048828125,212869.0
2025-08-13 09:15:00,714.8499755859375,717.1099853515625,710.7999877929688,715.97998046875,715.97998046875,179928.0
2025-08-14 09:15:00,705.0,737.4600219726562,705.0,715.239990234375,715.239990234375,122570.0
2025-08-18 09:15:00,715.239990234375,729.0,715.239990234375,724.4099731445312,724.4099731445312,275260.0
2025-08-19 09:15:00,717.1699829101562,729.47998046875,717.1699829101562,729.0800170898438,729.0800170898438,168920.0
2025-08-20 09:15:00,730.0,733.0,726.25,732.1900024414062,732.1900024414062,195616.0
2025-08-21 09:15:00,754.1599731445312,754.1599731445312,726.3300170898438,729.7000122070312,729.7000122070312,176989.0
2025-08-22 09:15:00,736.7000122070312,737.0,723.5,725.219970703125,725.219970703125,175697.0
2025-08-25 09:15:00,719.0599975585938,734.3499755859375,703.4600219726562,727.8699951171875,727.8699951171875,122410.0
2025-08-26 09:15:00,728.9000244140625,728.9000244140625,717.52001953125,718.5700073242188,718.5700073242188,335015.0
2025-08-28 09:15:00,740.1300048828125,740.1300048828125,708.7000122070312,709.469970703125,709.469970703125,303050.0
2025-08-29 09:15:00,708.9500122070312,716.469970703125,702.2999877929688,707.47998046875,707.47998046875,338382.0
2025-09-01 09:15:00,713.0,724.3499755859375,701.469970703125,716.4600219726562,716.4600219726562,361714.0
2025-09-02 09:15:00,723.0,723.3499755859375,711.0,719.5999755859375,719.5999755859375,225075.0
2025-09-03 09:15:00,730.0,730.0,715.6500244140625,723.8699951171875,723.8699951171875,197705.0
2025-09-04 09:15:00,716.0,734.3400268554688,716.0,721.280029296875,721.280029296875,285313.0
2025-09-05 09:15:00,728.0,728.0,717.0,721.1300048828125,721.1300048828125,202395.0
2025-09-08 09:15:00,728.0,749.7000122070312,714.25,724.02001953125,724.02001953125,189824.0
2025-09-09 09:15:00,728.510009765625,728.6199951171875,721.1500244140625,724.9400024414062,724.9400024414062,106407.0
2025-09-10 09:15:00,733.3499755859375,733.3499755859375,725.5,728.6599731445312,728.6599731445312,290812.0
2025-09-11 09:15:00,732.22998046875,732.22998046875,726.3900146484375,729.8800048828125,729.8800048828125,179990.0
2025-09-12 09:15:00,735.8499755859375,735.8499755859375,730.0,732.219970703125,732.219970703125,135770.0
2025-09-15 09:15:00,725.0,739.7000122070312,725.0,736.2999877929688,736.2999877929688,231942.0
2025-09-16 09:15:00,743.0,743.0,730.5,739.8699951171875,739.8699951171875,183863.0
2025-09-17 09:15:00,743.5700073242188,745.1099853515625,734.97998046875,743.0999755859375,743.0999755859375,260953.0
2025-09-18 09:15:00,743.0999755859375,746.5499877929688,737.6500244140625,744.9299926757812,744.9299926757812,204706.0
2025-09-19 09:15:00,767.280029296875,767.280029296875,739.5,748.75,748.75,199109.0
2025-09-22 09:15:00,754.3499755859375,756.0,743.0,749.8900146484375,749.8900146484375,404323.0
2025-09-23 09:15:00,756.8900146484375,758.1099853515625,745.1799926757812,748.219970703125,748.219970703125,195576.0
2025-09-24 09:15:00,748.219970703125,754.5,738.5,740.1900024414062,740.1900024414062,216221.0
2025-09-25 09:15:00,743.8900146484375,746.8499755859375,733.5,734.7899780273438,734.7899780273438,395742.0
2025-09-26 09:15:00,737.9500122070312,737.9500122070312,721.4000244140625,722.5900268554688,722.5900268554688,447678.0
2025-09-29 09:15:00,716.0,729.7100219726562,716.0,728.9500122070312,728.9500122070312,192028.0
2025-09-30 09:15:00,734.3499755859375,734.3499755859375,723.1199951171875,729.8599853515625,729.8599853515625,212521.0
2025-10-01 09:15:00,737.3499755859375,737.3499755859375,724.02001953125,731.260009765625,731.260009765625,372893.0
2025-10-03 09:15:00,738.0,738.0,724.0,734.7899780273438,734.7899780273438,273047.0
2025-10-06 09:15:00,743.3900146484375,743.3900146484375,728.9099731445312,737.510009765625,737.510009765625,527557.0
2025-10-07 09:15:00,759.6400146484375,759.6400146484375,731.6099853515625,736.1599731445312,736.1599731445312,322704.0
2025-10-08 09:15:00,743.0,743.0,730.0499877929688,731.1099853515625,731.1099853515625,234576.0
2025-10-09 09:15:00,739.0,739.3699951171875,724.0,734.77001953125,734.77001953125,171850.0
2025-10-10 09:15:00,728.0,756.9000244140625,721.0,736.8800048828125,736.8800048828125,215425.0
2025-10-13 09:15:00,737.6099853515625,737.9000244140625,731.2100219726562,735.969970703125,735.969970703125,240905.0
2025-10-14 09:15:00,758.0499877929688,758.0499877929688,730.0800170898438,732.22998046875,732.22998046875,209280.0
2025-10-15 09:15:00,733.0,741.72998046875,730.9199829101562,741.1900024414062,741.1900024414062,289626.0
2025-10-16 09:15:00,763.4299926757812,763.4299926757812,738.780029296875,745.02001953125,745.02001953125,200354.0
2025-10-17 09:15:00,751.1300048828125,751.1300048828125,739.5,745.469970703125,745.469970703125,394356.0
2025-10-20 09:15:00,753.969970703125,754.0700073242188,741.0,746.7999877929688,746.7999877929688,277177.0
2025-10-21 09:15:00,755.0,755.0,741.4199829101562,747.739990234375,747.739990234375,126186.0
2025-10-23 09:15:00,770.1699829101562,777.0,744.5,746.6300048828125,746.6300048828125,385135.0
2025-10-27 09:15:00,768.52001953125,768.52001953125,740.5,748.72998046875,748.72998046875,230586.0
2025-10-28 09:15:00,760.0,760.0,736.0,745.0499877929688,745.0499877929688,193570.0
2025-10-29 09:15:00,745.0499877929688,754.989990234375,744.0,753.6400146484375,753.6400146484375,280254.0
2025-10-30 09:15:00,765.0,772.0,744.989990234375,751.8900146484375,751.8900146484375,542493.0
2025-10-31 09:15:00,759.0,759.0,750.0,750.9500122070312,750.9500122070312,268711.0
2025-11-03 09:15:00,761.0,763.0,742.9500122070312,757.6799926757812,757.6799926757812,294200.0
2025-11-04 09:15:00,763.3499755859375,763.3499755859375,753.489990234375,754.3900146484375,754.3900146484375,170707.0
2025-11-06 09:15:00,759.3499755859375,759.3499755859375,745.0,745.7100219726562,745.7100219726562,342814.0
2025-11-07 09:15:00,752.97998046875,752.97998046875,735.5900268554688,746.3400268554688,746.3400268554688,331370.0
2025-11-10 09:15:00,746.3900146484375,764.8499755859375,741.0,749.469970703125,749.469970703125,350221.0
2025-11-11 09:15:00,752.0900268554688,753.6900024414062,742.7999877929688,749.9099731445312,749.9099731445312,224895.0
2025-11-12 09:15:00,757.3499755859375,757.3499755859375,750.2100219726562,751.4299926757812,751.4299926757812,226514.0
2025-11-13 09:15:00,754.8900146484375,754.8900146484375,748.9500122070312,751.3300170898438,751.3300170898438,274128.0
2025-11-14 09:15:00,773.8699951171875,773.8699951171875,743.8200073242188,750.8800048828125,750.8800048828125,258929.0
2025-11-17 09:15:00,755.0,756.0,749.239990234375,754.510009765625,754.510009765625,234880.0
2025-11-18 09:15:00,758.3499755859375,758.3499755859375,748.0,749.5999755859375,749.5999755859375,271181.0
2025-11-19 09:15:00,755.0,755.0,745.6099853515625,749.4099731445312,749.4099731445312,203290.0
2025-11-20 09:15:00,755.0,755.0,747.2999877929688,748.52001953125,748.52001953125,274326.0
2025-11-21 09:15:00,750.2999877929688,750.2999877929688,738.5,739.0900268554688,739.0900268554688,379882.0
2025-11-24 09:15:00,743.989990234375,744.0,731.1500244140625,731.8499755859375,731.8499755859375,305348.0
2025-11-25 09:15:00,726.3599853515625,738.4400024414062,726.1599731445312,733.5800170898438,733.5800170898438,202459.0
2025-11-26 09:15:00,755.5900268554688,755.5900268554688,730.0,743.8200073242188,743.8200073242188,260104.0
2025-11-27 09:15:00,748.0,748.0,741.0999755859375,742.8800048828125,742.8800048828125,234579.0
2025-11-28 09:15:00,765.1699829101562,765.1699829101562,740.02001953125,744.1199951171875,744.1199951171875,176787.0
2025-12-01 09:15:00,747.2000122070312,748.5900268554688,741.5499877929688,744.8800048828125,744.8800048828125,368218.0
2025-12-02 09:15:00,751.5800170898438,751.5800170898438,740.5800170898438,744.3099975585938,744.3099975585938,214322.0
2025-12-03 09:15:00,741.5800170898438,747.1400146484375,734.0399780273438,734.489990234375,734.489990234375,619394.0
2025-12-04 09:15:00,740.72998046875,741.489990234375,732.7999877929688,737.8699951171875,737.8699951171875,227338.0
2025-12-05 09:15:00,741.0,741.0,733.5,739.6400146484375,739.6400146484375,305288.0
2025-12-08 09:15:00,742.6400146484375,744.6400146484375,721.5999755859375,724.489990234375,724.489990234375,689033.0
2025-12-09 09:15:00,727.489990234375,729.489990234375,714.7999877929688,728.77001953125,728.77001953125,430196.0
2025-12-10 09:15:00,732.0,733.8699951171875,723.8099975585938,726.9000244140625,726.9000244140625,233376.0
2025-12-11 09:15:00,730.989990234375,732.5,723.1400146484375,731.1500244140625,731.1500244140625,240011.0
2025-12-12 09:15:00,734.1500244140625,737.0,730.010009765625,736.4099731445312,736.4099731445312,295695.0
2025-12-15 09:15:00,740.0,740.5900268554688,732.0,737.3300170898438,737.3300170898438,223822.0
2025-12-16 09:15:00,740.3300170898438,740.3300170898438,728.6799926757812,735.760009765625,735.760009765625,201525.0
2025-12-17 09:15:00,731.0,738.6500244140625,731.0,732.5399780273438,732.5399780273438,212889.0
2025-12-18 09:15:00,735.530029296875,736.0,723.5800170898438,729.6799926757812,729.6799926757812,279324.0
2025-12-19 09:15:00,734.8281860351562,734.8281860351562,734.8281860351562,734.8281860351562,734.8281860351562,0.0
2025-12-22 09:15:00,737.9000244140625,740.0999755859375,734.2000122070312,738.9500122070312,738.9500122070312,345578.0
2025-12-23 09:15:00,742.0,745.0,736.0,742.7899780273438,742.7899780273438,289357.0
2025-12-24 09:15:00,742.219970703125,745.9600219726562,738.010009765625,741.4199829101562,741.4199829101562,191512.0
2025-12-26 09:15:00,744.4099731445312,744.9500122070312,738.0,741.4600219726562,741.4600219726562,261406.0
2025-12-29 09:15:00,744.5,744.5,737.1199951171875,738.5800170898438,738.5800170898438,273211.0
2025-12-30 09:15:00,741.5800170898438,741.5800170898438,734.0,739.1199951171875,739.1199951171875,285477.0
2025-12-31 09:15:00,742.0,746.280029296875,736.1199951171875,744.8800048828125,744.8800048828125,361355.0
2026-01-01 09:15:00,745.4000244140625,748.469970703125,743.52001953125,747.760009765625,747.760009765625,232825.0
2026-01-02 09:15:00,750.0,765.0,747.6900024414062,755.8599853515625,755.8599853515625,426982.0
2026-01-05 09:15:00,760.0800170898438,760.0800170898438,752.780029296875,756.1199951171875,756.1199951171875,405269.0
2026-01-06 09:15:00,760.0,760.3099975585938,752.0499877929688,759.8499755859375,759.8499755859375,778747.0
2026-01-07 09:15:00,759.0,762.989990234375,756.8599853515625,760.8400268554688,760.8400268554688,424559.0
2026-01-08 09:15:00,762.4400024414062,762.4400024414062,743.4099731445312,744.780029296875,744.780029296875,565734.0
2026-01-09 09:15:00,747.0,748.2999877929688,734.7100219726562,737.3200073242188,737.3200073242188,517148.0
2026-01-12 09:15:00,740.0,740.0,728.0599975585938,738.6699829101562,738.6699829101562,722511.0
2026-01-13 09:15:00,740.6699829101562,743.8400268554688,731.3499755859375,737.0599975585938,737.0599975585938,516660.0
2026-01-14 09:15:00,740.0,745.0,733.760009765625,741.3099975585938,741.3099975585938,465966.0
2026-01-15 09:00:00,741.3099975585938,741.3099975585938,741.3099975585938,741.3099975585938,741.3099975585938,0.0
2026-01-16 09:15:00,744.0,746.489990234375,736.7000122070312,740.6900024414062,740.6900024414062,494936.0
2026-01-19 09:15:00,742.0800170898438,744.5,737.0,738.6300048828125,738.6300048828125,546844.0
2026-01-20 09:15:00,738.6300048828125,741.1500244140625,720.010009765625,722.6400146484375,722.6400146484375,781740.0
2026-01-21 09:15:00,725.0,725.02001953125,710.1699829101562,719.0900268554688,719.0900268554688,760440.0
2026-01-22 09:15:00,722.0,730.9000244140625,716.5900268554688,727.469970703125,727.469970703125,284206.0
2026-01-23 09:15:00,730.7999877929688,730.7999877929688,711.010009765625,713.2999877929688,713.2999877929688,585613.0
2026-01-27 09:15:00,714.8200073242188,719.0,709.2000122070312,717.0599975585938,717.0599975585938,643370.0
2026-01-28 09:15:00,715.0,733.0,715.0,732.0,732.0,499784.0
2026-01-29 09:15:00,729.0,734.8099975585938,727.2899780273438,733.9500122070312,733.9500122070312,428250.0
2026-01-30 09:15:00,735.9500122070312,735.9500122070312,725.0499877929688,729.6099853515625,729.6099853515625,780267.0
2026-02-02 09:15:00,721.219970703125,723.0,705.72998046875,721.2100219726562,721.2100219726562,581845.0
2026-02-03 09:15:00,739.6699829101562,749.1900024414062,735.0,738.7899780273438,738.7899780273438,697688.0
2026-02-04 09:15:00,743.0,744.8900146484375,730.5999755859375,744.0499877929688,744.0499877929688,425652.0
2026-02-05 09:15:00,748.0,748.0,735.5999755859375,740.3300170898438,740.3300170898438,472540.0
2026-02-06 09:15:00,745.0,745.0,733.0,742.1900024414062,742.1900024414062,503509.0
2026-02-09 09:15:00,748.0,749.25,738.0,748.6599731445312,748.6599731445312,483720.0
2026-02-10 09:15:00,748.6599731445312,752.760009765625,747.7000122070312,751.6099853515625,751.6099853515625,393463.0
2026-02-11 09:15:00,756.8699951171875,756.8699951171875,749.02001953125,753.8499755859375,753.8499755859375,444562.0
2026-02-12 09:15:00,757.780029296875,757.780029296875,747.5499877929688,751.0399780273438,751.0399780273438,248297.0
2026-02-13 09:15:00,755.0,755.0,737.2100219726562,740.8900146484375,740.8900146484375,394474.0
2026-02-16 09:15:00,734.02001953125,763.1199951171875,734.02001953125,747.260009765625,747.260009765625,323804.0
2026-02-17 09:15:00,749.489990234375,751.6900024414062,743.4600219726562,751.27001953125,751.27001953125,269258.0
2026-02-18 09:15:00,758.0,758.0,744.0,755.3599853515625,755.3599853515625,297119.0
2026-02-19 09:15:00,765.0,765.0,741.0,743.4400024414062,743.4400024414062,403130.0
2026-02-20 09:15:00,745.0800170898438,749.8300170898438,739.010009765625,747.5599975585938,747.5599975585938,196205.0
2026-02-23 09:15:00,753.0,753.9500122070312,735.0,749.6699829101562,749.6699829101562,262382.0
2026-02-24 09:15:00,756.0,756.0,743.0,750.280029296875,750.280029296875,289249.0
2026-02-25 09:15:00,749.72998046875,757.2000122070312,749.72998046875,756.010009765625,756.010009765625,567721.0
2026-02-26 09:15:00,763.0,763.0,753.5399780273438,758.6699829101562,758.6699829101562,323640.0
2026-02-27 09:15:00,758.6699829101562,758.6699829101562,748.0,750.47998046875,750.47998046875,408773.0
2026-03-02 09:15:00,733.0700073242188,753.97998046875,727.0,739.9500122070312,739.9500122070312,1145821.0
2026-03-04 09:15:00,762.1500244140625,762.1500244140625,716.260009765625,719.9099731445312,719.9099731445312,1063556.0
2026-03-05 09:15:00,726.75,730.7899780273438,698.3099975585938,729.3099975585938,729.3099975585938,629291.0
2026-03-06 09:15:00,731.2100219726562,732.6599731445312,707.4299926757812,727.2000122070312,727.2000122070312,338737.0
2026-03-09 09:15:00,724.3599853515625,724.3599853515625,700.5499877929688,711.5399780273438,711.5399780273438,1262872.0
2026-03-10 09:15:00,720.0,725.7999877929688,712.5,724.260009765625,724.260009765625,486275.0
2026-03-11 09:15:00,728.5,729.0,715.2000122070312,716.6199951171875,716.6199951171875,551783.0
2026-03-12 09:15:00,718.97998046875,719.8900146484375,703.510009765625,715.8400268554688,715.8400268554688,724196.0
2026-03-13 09:15:00,717.7999877929688,717.7999877929688,696.5999755859375,699.7100219726562,699.7100219726562,1226236.0
2026-03-16 09:15:00,692.0,705.9400024414062,684.4099731445312,693.6699829101562,693.6699829101562,940865.0
2026-03-17 09:15:00,701.6500244140625,702.0,691.22998046875,700.6099853515625,700.6099853515625,593145.0
2026-03-18 09:15:00,706.780029296875,709.4500122070312,697.4299926757812,706.47998046875,706.47998046875,838725.0
2026-03-19 09:15:00,706.5499877929688,706.5499877929688,683.6099853515625,688.1400146484375,688.1400146484375,1277879.0
2026-03-20 09:15:00,692.0,699.5,685.0,688.510009765625,688.510009765625,547732.0
2026-03-23 09:15:00,688.6500244140625,688.6500244140625,660.8400268554688,662.1699829101562,662.1699829101562,1596516.0
2026-03-24 09:15:00,668.02001953125,679.0,661.7000122070312,672.2899780273438,672.2899780273438,1004778.0
2026-03-25 09:15:00,681.0,689.9000244140625,673.5,686.239990234375,686.239990234375,569676.0
2026-03-27 09:15:00,694.489990234375,694.489990234375,670.0,671.0599975585938,671.0599975585938,862625.0
2026-03-30 09:15:00,668.3099975585938,668.3099975585938,650.0999755859375,651.9000244140625,651.9000244140625,1603413.0
2026-04-01 09:15:00,640.02001953125,675.9000244140625,632.3400268554688,669.6599731445312,669.6599731445312,541499.0
2026-04-02 09:15:00,680.0,680.0,647.5,668.77001953125,668.77001953125,1040679.0
2026-04-06 09:15:00,668.4400024414062,677.6699829101562,663.4199829101562,676.8300170898438,676.8300170898438,1307896.0
2026-04-07 09:15:00,689.219970703125,689.219970703125,669.0,680.8599853515625,680.8599853515625,614444.0
2026-04-08 09:15:00,692.0,714.9500122070312,692.0,713.5399780273438,713.5399780273438,872931.0
2026-04-09 09:15:00,723.0,723.0,707.010009765625,713.9199829101562,713.9199829101562,655578.0
2026-04-10 09:15:00,720.2899780273438,730.8900146484375,714.780029296875,729.4600219726562,729.4600219726562,923386.0
2026-04-13 09:15:00,723.1099853515625,725.489990234375,707.5800170898438,723.5999755859375,723.5999755859375,714013.0
2026-04-15 09:15:00,745.3099975585938,745.3099975585938,730.2999877929688,738.6199951171875,738.6199951171875,585196.0
2026-04-16 09:15:00,745.2999877929688,747.1699829101562,739.2999877929688,746.1599731445312,746.1599731445312,604233.0
2026-04-17 09:15:00,749.7999877929688,758.9400024414062,743.489990234375,757.5999755859375,757.5999755859375,692841.0
2026-04-20 09:15:00,756.9500122070312,762.3699951171875,750.0,756.5499877929688,756.5499877929688,822748.0
2026-04-21 09:15:00,756.5499877929688,764.9000244140625,756.5499877929688,762.6099853515625,762.6099853515625,440267.0
2026-04-22 09:15:00,761.8800048828125,769.7999877929688,759.0,768.27001953125,768.27001953125,498602.0
2026-04-23 09:15:00,767.0,767.0,758.0,759.6500244140625,759.6500244140625,464203.0
2026-04-24 09:15:00,765.0,765.0,747.0,754.260009765625,754.260009765625,457599.0
2026-04-27 09:15:00,761.4299926757812,764.2999877929688,755.7999877929688,763.3800048828125,763.3800048828125,364426.0
2026-04-28 09:15:00,766.0399780273438,766.0399780273438,760.0999755859375,761.6199951171875,761.6199951171875,285565.0
2026-04-29 09:15:00,764.5599975585938,766.27001953125,758.75,759.760009765625,759.760009765625,362237.0
2026-04-30 09:15:00,757.7000122070312,759.1900024414062,745.0999755859375,752.7999877929688,752.7999877929688,434879.0
2026-05-01 09:15:00,752.7999877929688,752.7999877929688,752.7999877929688,752.7999877929688,752.7999877929688,0.0
2026-05-04 09:15:00,775.3800048828125,775.3800048828125,752.8900146484375,759.219970703125,759.219970703125,373904.0
2026-05-05 09:15:00,762.7999877929688,763.5,750.5499877929688,762.47998046875,762.47998046875,240316.0
2026-05-06 09:15:00,775.0599975585938,775.0599975585938,763.3400268554688,773.0700073242188,773.0700073242188,365966.0
2026-05-07 09:15:00,749.8800048828125,777.2999877929688,749.8800048828125,774.969970703125,774.969970703125,395842.0
2026-05-08 09:15:00,760.02001953125,777.219970703125,760.02001953125,771.72998046875,771.72998046875,313544.0
2026-05-11 09:15:00,770.719970703125,770.72998046875,756.260009765625,758.9000244140625,758.9000244140625,629827.0
2026-05-12 09:15:00,752.2999877929688,759.9500122070312,738.1500244140625,740.489990234375,740.489990234375,686292.0
2026-05-13 09:15:00,741.989990234375,750.5,732.5,745.8599853515625,745.8599853515625,510378.0
2026-05-14 09:15:00,750.2999877929688,754.9000244140625,742.0,753.2000122070312,753.2000122070312,389199.0
2026-05-15 09:15:00,755.9000244140625,755.9000244140625,746.510009765625,747.8599853515625,747.8599853515625,318629.0
2026-05-18 09:15:00,746.739990234375,746.739990234375,728.6500244140625,740.5999755859375,740.5999755859375,542569.0
2026-05-19 09:15:00,738.1199951171875,748.25,738.1099853515625,744.7999877929688,744.7999877929688,284574.0
2026-05-20 09:15:00,744.0599975585938,748.5,735.530029296875,747.489990234375,747.489990234375,225433.0
2026-05-21 09:15:00,756.2999877929688,756.2999877929688,748.1500244140625,749.5800170898438,749.5800170898438,259355.0
2026-05-22 09:15:00,748.030029296875,768.3200073242188,748.030029296875,753.3599853515625,753.3599853515625,271801.0
2026-05-25 09:15:00,755.2999877929688,767.0,755.2999877929688,764.7999877929688,764.7999877929688,517432.0
2026-05-26 09:15:00,766.7999877929688,768.7999877929688,762.510009765625,765.6799926757812,765.6799926757812,378122.0
2026-05-27 09:15:00,758.1699829101562,776.9400024414062,758.1699829101562,775.1099853515625,775.1099853515625,485830.0
2026-05-28 09:15:00,775.1099853515625,775.1099853515625,775.1099853515625,775.1099853515625,775.1099853515625,0.0
2026-05-29 09:15:00,759.6099853515625,780.8900146484375,759.6099853515625,767.8599853515625,767.8599853515625,718861.0
2026-06-01 09:15:00,772.2899780273438,772.2999877929688,754.0999755859375,755.2000122070312,755.2000122070312,818907.0
2026-06-02 09:15:00,753.0,757.8900146484375,747.0,757.3099975585938,757.3099975585938,541297.0
2026-06-03 09:15:00,761.2999877929688,761.2999877929688,746.530029296875,753.780029296875,753.780029296875,538082.0
2026-06-04 09:15:00,768.8599853515625,768.8599853515625,747.4600219726562,756.0800170898438,756.0800170898438,226193.0
2026-06-05 09:15:00,762.0,762.2999877929688,753.7999877929688,757.760009765625,757.760009765625,363807.0
2026-06-08 09:15:00,757.760009765625,768.0,741.5999755859375,744.8800048828125,744.8800048828125,593024.0
2026-06-09 09:15:00,752.0,756.0,744.72998046875,755.3499755859375,755.3499755859375,226454.0
2026-06-10 09:15:00,752.6400146484375,757.6300048828125,743.0,746.6199951171875,746.6199951171875,261961.0
2026-06-11 09:15:00,757.6300048828125,757.6300048828125,737.5599975585938,738.47998046875,738.47998046875,291787.0
2026-06-12 09:15:00,749.9000244140625,757.0,743.5,755.72998046875,755.72998046875,440665.0
2026-06-15 09:15:00,773.2999877929688,776.5499877929688,762.0,773.4199829101562,773.4199829101562,739827.0
2026-06-16 09:15:00,779.2999877929688,779.2999877929688,770.1900024414062,774.780029296875,774.780029296875,312842.0
2026-06-17 09:15:00,777.5,780.7000122070312,772.4500122070312,779.8400268554688,779.8400268554688,457488.0
2026-06-18 09:15:00,778.0800170898438,785.0,775.3200073242188,783.469970703125,783.469970703125,372772.0
2026-06-19 09:15:00,787.3099975585938,787.3099975585938,777.5,781.0399780273438,781.0399780273438,352600.0
2026-06-22 09:15:00,787.989990234375,788.0,780.1400146484375,786.8300170898438,786.8300170898438,451146.0
2026-06-23 09:15:00,774.0,789.969970703125,774.0,778.2000122070312,778.2000122070312,472118.0
2026-06-24 09:15:00,774.25,780.5,774.0,778.4000244140625,778.4000244140625,302995.0
2026-06-25 09:15:00,783.5,783.52001953125,779.0,779.6500244140625,779.6500244140625,537720.0
2026-06-26 09:15:00,779.6500244140625,779.6500244140625,779.6500244140625,779.6500244140625,779.6500244140625,0.0
2026-06-29 09:15:00,784.5999755859375,784.5999755859375,770.6599731445312,772.9600219726562,772.9600219726562,343731.0
2026-06-30 09:15:00,778.5,778.5,770.8499755859375,773.97998046875,773.97998046875,276959.0
2026-07-01 09:15:00,777.989990234375,779.52001953125,758.5,779.1500244140625,779.1500244140625,511310.0
2026-07-02 09:15:00,784.5,784.5,763.5700073242188,782.4199829101562,782.4199829101562,457530.0
2026-07-03 09:15:00,798.0700073242188,798.0700073242188,779.6099853515625,780.7100219726562,780.7100219726562,760141.0
2026-07-06 09:15:00,784.989990234375,786.0,780.7100219726562,784.8400268554688,784.8400268554688,430323.0
2026-07-07 09:15:00,787.0,787.489990234375,778.6099853515625,780.280029296875,780.280029296875,295254.0
2026-07-08 09:15:00,779.27001953125,779.5800170898438,761.1099853515625,765.8800048828125,765.8800048828125,697932.0
2026-07-09 09:15:00,763.4600219726562,774.489990234375,763.4500122070312,771.8200073242188,771.8200073242188,376074.0
2026-07-10 09:15:00,776.0,782.5,774.010009765625,781.8499755859375,781.8499755859375,390193.0
2026-07-13 09:15:00,786.0,786.0,772.0,779.1900024414062,779.1900024414062,328470.0
2026-07-14 09:15:00,779.0,779.0,772.0,776.3900146484375,776.3900146484375,297157.0
2026-07-15 09:15:00,782.280029296875,782.5,776.0,778.8400268554688,778.8400268554688,267168.0
2026-07-16 09:15:00,782.0,784.0,776.0,776.97998046875,776.97998046875,279146.0
2026-07-17 09:15:00,765.5999755859375,779.0,765.5999755859375,776.1099853515625,776.1099853515625,251285.0
2026-07-20 09:15:00,777.5,782.0,772.0399780273438,781.489990234375,781.489990234375,309091.0
2026-07-21 09:15:00,797.1199951171875,797.1199951171875,779.3699951171875,784.4299926757812,784.4299926757812,283010.0
2026-07-22 09:15:00,784.7000122070312,786.0,778.5,779.6099853515625,779.6099853515625,277542.0
2026-07-23 09:15:00,783.0,784.239990234375,774.3900146484375,776.239990234375,776.239990234375,447617.0
2026-07-24 09:15:00,775.97998046875,778.0,766.52001953125,776.2999877929688,776.2999877929688,314178.0
2026-07-27 09:15:00,780.0,784.47998046875,777.3200073242188,783.4500122070312,783.4500122070312,338305.0
2026-07-28 09:15:00,781.5,785.5,778.52001953125,779.5800170898438,779.5800170898438,271082.0
2026-07-29 09:15:00,783.7999877929688,784.1500244140625,781.0,783.510009765625,783.510009765625,249083.0
2026-07-30 09:15:00,799.1799926757812,799.1799926757812,780.0,784.3499755859375,784.3499755859375,265371.0
2026-07-31 09:15:00,784.3400268554688,796.9000244140625,783.0,795.6500244140625,795.6500244140625,608159.0
2026-08-03 09:15:00,800.0,805.0,795.0,801.5900268554688,801.5900268554688,548402.0
2026-08-04 09:15:00,805.5999755859375,810.5999755859375,801.25,802.0,802.0,308254.0
2026-08-05 09:15:00,818.0399780273438,818.0399780273438,788.0,805.739990234375,805.739990234375,376109.0
2026-08-06 09:15:00,810.5999755859375,810.5999755859375,803.7999877929688,807.25,807.25,234994.0
2026-08-07 09:15:00,812.2999877929688,812.2999877929688,803.1099853515625,807.6300048828125,807.6300048828125,361061.0
2026-08-10 09:15:00,813.5,813.5,791.47998046875,809.0,809.0,255645.0
2026-08-11 09:15:00,801.0,810.47998046875,792.8200073242188,807.7000122070312,807.7000122070312,307666.0
2026-08-12 09:15:00,813.2999877929688,813.2999877929688,802.5,806.3099975585938,806.3099975585938,258176.0
2026-08-13 09:15:00,815.2999877929688,815.2999877929688,782.1199951171875,807.6900024414062,807.6900024414062,217630.0
2026-08-14 09:15:00,815.0999755859375,815.0999755859375,794.0,807.8099975585938,807.8099975585938,586595.0
2026-08-17 09:15:00,823.969970703125,823.969970703125,804.2000122070312,808.27001953125,808.27001953125,263187.0
2026-08-18 09:15:00,815.0,815.0,805.010009765625,805.9000244140625,805.9000244140625,262809.0
2026-08-19 09:15:00,799.8599853515625,806.0599975585938,799.0999755859375,799.8499755859375,799.8499755859375,1560194.0
2026-08-20 09:15:00,808.219970703125,808.219970703125,802.2000122070312,803.1099853515625,803.1099853515625,319972.0
2026-08-21 09:15:00,800.5599975585938,805.3900146484375,799.0900268554688,800.27001953125,800.27001953125,277039.0
2026-08-24 09:15:00,807.469970703125,807.469970703125,794.27001953125,799.9400024414062,799.9400024414062,365576.0
2026-08-25 09:15:00,807.1400146484375,807.1400146484375,797.2000122070312,804.1400146484375,804.1400146484375,192124.0
2026-08-26 09:15:00,811.3800048828125,811.3800048828125,800.1099853515625,806.9000244140625,806.9000244140625,290795.0
2026-08-27 09:15:00,814.1599731445312,814.1599731445312,803.25,805.780029296875,805.780029296875,369315.0
2026-08-28 09:15:00,821.9000244140625,821.9000244140625,800.5,801.2899780273438,801.2899780273438,194210.0
2026-08-31 09:15:00,809.0999755859375,809.0999755859375,792.010009765625,793.8599853515625,793.8599853515625,371018.0
2026-09-01 09:15:00,809.739990234375,809.739990234375,786.219970703125,788.1699829101562,788.1699829101562,381093.0
2026-09-02 09:15:00,807.8699951171875,807.8699951171875,778.0,788.4000244140625,788.4000244140625,563104.0
2026-09-03 09:15:00,793.5,793.5800170898438,787.0,788.739990234375,788.739990234375,438702.0
2026-09-04 09:15:00,795.8400268554688,795.8400268554688,784.0,791.0700073242188,791.0700073242188,283994.0
2026-09-07 09:15:00,790.0,796.2999877929688,785.2000122070312,786.260009765625,786.260009765625,260292.0
2026-09-08 09:15:00,788.780029296875,790.0,783.4600219726562,787.5900268554688,787.5900268554688,233675.0
2026-09-09 09:15:00,771.8400268554688,791.989990234375,771.8400268554688,789.3699951171875,789.3699951171875,239411.0
2026-09-10 09:15:00,791.8200073242188,791.8200073242188,784.5,785.7899780273438,785.7899780273438,187309.0
2026-09-11 09:15:00,787.2999877929688,787.2999877929688,773.5,781.9600219726562,781.9600219726562,470922.0
2026-09-14 09:15:00,781.9600219726562,781.9600219726562,781.9600219726562,781.9600219726562,781.9600219726562,0.0
2026-09-15 09:15:00,797.5999755859375,797.5999755859375,757.6799926757812,762.7100219726562,762.7100219726562,586902.0
2026-09-16 09:15:00,760.0,766.7000122070312,754.4000244140625,764.8200073242188,764.8200073242188,302310.0
2026-09-17 09:15:00,767.9600219726562,773.4000244140625,761.0,771.9400024414062,771.9400024414062,212891.0
2026-09-18 09:15:00,778.2999877929688,782.0,766.1500244140625,781.1099853515625,781.1099853515625,180919.0
2026-09-21 09:15:00,787.2999877929688,787.2999877929688,777.0,782.3099975585938,782.3099975585938,240546.0
2026-09-22 09:15:00,786.0599975585938,786.0700073242188,777.0,778.5499877929688,778.5499877929688,232951.0
2026-09-23 09:15:00,782.4400024414062,785.0,778.2100219726562,784.5399780273438,784.5399780273438,258317.0
2026-09-24 09:15:00,780.6199951171875,781.5399780273438,772.0800170898438,773.760009765625,773.760009765625,322504.0
2026-09-25 09:15:00,777.2999877929688,777.77001953125,771.6099853515625,776.6900024414062,776.6900024414062,343338.0
2026-09-28 09:15:00,778.4199829101562,778.4199829101562,757.27001953125,761.9000244140625,761.9000244140625,532878.0
2026-09-29 09:15:00,765.0,765.0,753.6599731445312,761.6599731445312,761.6599731445312,412917.0
2026-09-30 09:15:00,765.2999877929688,765.2999877929688,746.4299926757812,756.3099975585938,756.3099975585938,325345.0
