Date,Open,High,Low,Close,Adj_Close,Volume
2022-03-02 09:15:00,185.0,185.0,178.3000030517578,180.10000610351562,180.10000610351562,5163914.0
2022-03-03 09:15:00,184.89999389648438,184.89999389648438,178.3000030517578,178.86000061035156,178.86000061035156,3247919.0
2022-03-04 09:15:00,178.47999572753906,178.47999572753906,175.05999755859375,176.25999450683594,176.25999450683594,8765287.0
2022-03-07 09:15:00,176.89999389648438,176.89999389648438,171.25,172.3300018310547,172.3300018310547,13669797.0
2022-03-08 09:15:00,177.5500030517578,177.5500030517578,170.25999450683594,173.39999389648438,173.39999389648438,9202552.0
2022-03-09 09:15:00,180.0,180.0,173.14999389648438,176.97999572753906,176.97999572753906,4224355.0
2022-03-10 09:15:00,177.25,183.89999389648438,177.25,179.64999389648438,179.64999389648438,4577829.0
2022-03-11 09:15:00,183.0,183.0,177.16000366210938,179.97999572753906,179.97999572753906,2724636.0
2022-03-14 09:15:00,182.0,182.99000549316406,178.35000610351562,182.61000061035156,182.61000061035156,3096236.0
2022-03-15 09:15:00,185.0,185.0,179.50999450683594,180.60000610351562,180.60000610351562,2958912.0
2022-03-16 09:15:00,183.60000610351562,183.8000030517578,181.8000030517578,183.66000366210938,183.66000366210938,2288980.0
2022-03-17 09:15:00,188.0,188.0,185.1999969482422,186.7100067138672,186.7100067138672,4130440.0
2022-03-21 09:15:00,190.0,190.0,182.0,185.3800048828125,185.3800048828125,2590277.0
2022-03-22 09:15:00,189.0,193.75,184.1999969482422,187.33999633789062,187.33999633789062,2606331.0
2022-03-23 09:15:00,190.0,190.0,185.0,186.33999633789062,186.33999633789062,2584326.0
2022-03-24 09:15:00,198.0,198.0,177.8000030517578,186.08999633789062,186.08999633789062,2232760.0
2022-03-25 09:15:00,187.1199951171875,187.1199951171875,185.0,185.82000732421875,185.82000732421875,5968779.0
2022-03-28 09:15:00,188.1999969482422,188.1999969482422,184.3000030517578,186.32000732421875,186.32000732421875,3218703.0
2022-03-29 09:15:00,190.0,190.0,184.14999389648438,187.22000122070312,187.22000122070312,2197933.0
2022-03-30 09:15:00,191.5,191.5,187.75,188.91000366210938,188.91000366210938,3621150.0
2022-03-31 09:15:00,190.5,190.5,188.14999389648438,188.8699951171875,188.8699951171875,2204741.0
2022-04-01 09:15:00,189.94000244140625,190.9600067138672,185.0,190.47000122070312,190.47000122070312,14131760.0
2022-04-04 09:15:00,190.5,195.35000610351562,190.5,195.19000244140625,195.19000244140625,10721051.0
2022-04-05 09:15:00,196.74000549316406,197.14999389648438,194.10000610351562,194.5500030517578,194.5500030517578,5835051.0
2022-04-06 09:15:00,194.24000549316406,194.24000549316406,192.6999969482422,193.0,193.0,2181412.0
2022-04-07 09:15:00,193.0,193.0,191.05999755859375,191.25999450683594,191.25999450683594,2595043.0
2022-04-08 09:15:00,195.0,195.0,189.1300048828125,192.75999450683594,192.75999450683594,2055024.0
2022-04-11 09:15:00,193.5399932861328,193.5399932861328,191.0,191.6699981689453,191.6699981689453,3910874.0
2022-04-12 09:15:00,189.86000061035156,210.0,189.1999969482422,190.4199981689453,190.4199981689453,7386091.0
2022-04-13 09:15:00,195.0,195.0,189.3300018310547,189.5399932861328,189.5399932861328,3323040.0
2022-04-18 09:15:00,188.5500030517578,188.5500030517578,185.25,186.22999572753906,186.22999572753906,6161166.0
2022-04-19 09:15:00,185.0,187.6999969482422,182.39999389648438,183.67999267578125,183.67999267578125,4548205.0
2022-04-20 09:15:00,191.88999938964844,191.88999938964844,182.1999969482422,185.86000061035156,185.86000061035156,1850293.0
2022-04-21 09:15:00,209.5500030517578,209.5500030517578,184.41000366210938,188.10000610351562,188.10000610351562,1893836.0
2022-04-22 09:15:00,188.24000549316406,188.24000549316406,184.75,186.08999633789062,186.08999633789062,1826897.0
2022-04-25 09:15:00,186.69000244140625,186.69000244140625,183.25,183.86000061035156,183.86000061035156,3788167.0
2022-04-26 09:15:00,194.8800048828125,194.8800048828125,184.47000122070312,186.11000061035156,186.11000061035156,1293913.0
2022-04-27 09:15:00,200.0,200.0,183.61000061035156,184.77999877929688,184.77999877929688,2079309.0
2022-04-28 09:15:00,188.5,194.8800048828125,184.8000030517578,186.41000366210938,186.41000366210938,2128010.0
2022-04-29 09:15:00,192.75,192.75,184.8000030517578,185.42999267578125,185.42999267578125,2139926.0
2022-05-02 09:15:00,176.25,185.25,176.25,185.1199951171875,185.1199951171875,2891664.0
2022-05-04 09:15:00,193.97999572753906,193.97999572753906,180.5,181.0500030517578,181.0500030517578,6683312.0
2022-05-05 09:15:00,194.47999572753906,194.47999572753906,180.6999969482422,181.00999450683594,181.00999450683594,2971622.0
2022-05-06 09:15:00,180.49000549316406,180.49000549316406,177.35000610351562,177.94000244140625,177.94000244140625,9509041.0
2022-05-09 09:15:00,171.0,184.8800048828125,171.0,176.9499969482422,176.9499969482422,5393087.0
2022-05-10 09:15:00,184.60000610351562,184.60000610351562,175.1999969482422,176.16000366210938,176.16000366210938,3075228.0
2022-05-11 09:15:00,153.3000030517578,181.89999389648438,153.3000030517578,175.33999633789062,175.33999633789062,5356589.0
2022-05-12 09:15:00,174.99000549316406,175.0,170.9600067138672,171.72000122070312,171.72000122070312,12227812.0
2022-05-13 09:15:00,178.89999389648438,178.89999389648438,171.00999450683594,171.39999389648438,171.39999389648438,4861805.0
2022-05-16 09:15:00,176.8000030517578,176.8000030517578,171.0,172.1300048828125,172.1300048828125,3448002.0
2022-05-17 09:15:00,176.89999389648438,176.89999389648438,171.00999450683594,176.44000244140625,176.44000244140625,3600691.0
2022-05-18 09:15:00,178.99000549316406,178.99000549316406,175.2100067138672,176.0500030517578,176.0500030517578,2871652.0
2022-05-19 09:15:00,175.99000549316406,175.99000549316406,171.5,171.6999969482422,171.6999969482422,6755953.0
2022-05-20 09:15:00,176.99000549316406,176.99000549316406,172.00999450683594,175.9199981689453,175.9199981689453,2696074.0
2022-05-23 09:15:00,178.99000549316406,178.99000549316406,174.89999389648438,175.52999877929688,175.52999877929688,3285457.0
2022-05-24 09:15:00,177.99000549316406,177.99000549316406,174.25999450683594,175.08999633789062,175.08999633789062,1629644.0
2022-05-25 09:15:00,176.8000030517578,176.8000030517578,173.25999450683594,174.1300048828125,174.1300048828125,2332641.0
2022-05-26 09:15:00,176.6999969482422,176.6999969482422,173.0,175.57000732421875,175.57000732421875,3043887.0
2022-05-27 09:15:00,179.8000030517578,179.8000030517578,175.14999389648438,177.10000610351562,177.10000610351562,2037316.0
2022-05-30 09:15:00,182.89999389648438,182.89999389648438,177.5500030517578,180.42999267578125,180.42999267578125,3814752.0
2022-05-31 09:15:00,180.99000549316406,180.99000549316406,177.25,179.8699951171875,179.8699951171875,2419814.0
2022-06-01 09:15:00,180.19000244140625,180.6999969482422,178.5500030517578,179.58999633789062,179.58999633789062,2011588.0
2022-06-02 09:15:00,180.99000549316406,180.99000549316406,178.0,180.67999267578125,180.67999267578125,1852591.0
2022-06-03 09:15:00,183.5,184.99000549316406,180.0,180.2100067138672,180.2100067138672,2096915.0
2022-06-06 09:15:00,181.99000549316406,181.99000549316406,176.25,180.14999389648438,180.14999389648438,2076981.0
2022-06-07 09:15:00,181.8800048828125,181.8800048828125,177.25,178.55999755859375,178.55999755859375,4870947.0
2022-06-08 09:15:00,181.86000061035156,181.86000061035156,177.5,178.0800018310547,178.0800018310547,3371153.0
2022-06-09 09:15:00,179.99000549316406,179.99000549316406,176.3300018310547,179.39999389648438,179.39999389648438,1756747.0
2022-06-10 09:15:00,178.99000549316406,178.99000549316406,176.13999938964844,176.4600067138672,176.4600067138672,3447645.0
2022-06-13 09:15:00,175.99000549316406,175.99000549316406,170.9499969482422,171.8699951171875,171.8699951171875,11691798.0
2022-06-14 09:15:00,172.99000549316406,172.99000549316406,170.05999755859375,171.3000030517578,171.3000030517578,4062092.0
2022-06-15 09:15:00,173.99000549316406,173.99000549316406,171.0,171.10000610351562,171.10000610351562,2578431.0
2022-06-16 09:15:00,172.89999389648438,172.89999389648438,167.30999755859375,167.55999755859375,167.55999755859375,12278413.0
2022-06-17 09:15:00,170.89999389648438,170.89999389648438,165.8699951171875,166.8699951171875,166.8699951171875,7864469.0
2022-06-20 09:15:00,169.89999389648438,169.89999389648438,165.6999969482422,167.30999755859375,167.30999755859375,3305437.0
2022-06-21 09:15:00,169.5,170.89999389648438,167.47000122070312,170.25999450683594,170.25999450683594,3266551.0
2022-06-22 09:15:00,171.99000549316406,171.99000549316406,167.8000030517578,168.0800018310547,168.0800018310547,3538333.0
2022-06-23 09:15:00,169.99000549316406,170.27000427246094,166.11000061035156,169.7100067138672,169.7100067138672,3924398.0
2022-06-24 09:15:00,172.99000549316406,172.99000549316406,169.89999389648438,171.16000366210938,171.16000366210938,2402113.0
2022-06-27 09:15:00,171.0,173.89999389648438,171.0,172.6199951171875,172.6199951171875,3876553.0
2022-06-28 09:15:00,173.99000549316406,173.99000549316406,171.3000030517578,172.64999389648438,172.64999389648438,2233374.0
2022-06-29 09:15:00,172.99000549316406,172.99000549316406,170.3000030517578,171.86000061035156,171.86000061035156,2225141.0
2022-06-30 09:15:00,172.99000549316406,172.99000549316406,170.0,171.60000610351562,171.60000610351562,3002593.0
2022-07-01 09:15:00,172.3800048828125,172.3800048828125,169.0,171.63999938964844,171.63999938964844,3629619.0
2022-07-04 09:15:00,172.89999389648438,172.89999389648438,170.64999389648438,172.6300048828125,172.6300048828125,3249155.0
2022-07-05 09:15:00,175.0,175.99000549316406,170.11000061035156,172.0399932861328,172.0399932861328,4628550.0
2022-07-06 09:15:00,174.67999267578125,174.67999267578125,170.91000366210938,174.1199951171875,174.1199951171875,3536136.0
2022-07-07 09:15:00,175.35000610351562,175.6999969482422,174.39999389648438,175.5399932861328,175.5399932861328,4128319.0
2022-07-08 09:15:00,178.99000549316406,178.99000549316406,175.5800018310547,176.27999877929688,176.27999877929688,2797277.0
2022-07-11 09:15:00,178.8800048828125,178.8800048828125,175.0800018310547,176.22999572753906,176.22999572753906,3234345.0
2022-07-12 09:15:00,175.89999389648438,176.0,174.6999969482422,175.10000610351562,175.10000610351562,3180084.0
2022-07-13 09:15:00,177.99000549316406,177.99000549316406,173.9499969482422,174.05999755859375,174.05999755859375,2719238.0
2022-07-14 09:15:00,176.44000244140625,176.44000244140625,172.11000061035156,173.92999267578125,173.92999267578125,2693779.0
2022-07-15 09:15:00,176.97000122070312,176.97000122070312,171.11000061035156,175.02000427246094,175.02000427246094,1883447.0
2022-07-18 09:15:00,176.6999969482422,177.5,175.5500030517578,177.38999938964844,177.38999938964844,3244564.0
2022-07-19 09:15:00,176.8000030517578,178.19000244140625,175.89999389648438,177.8800048828125,177.8800048828125,3104562.0
2022-07-20 09:15:00,182.8000030517578,182.8000030517578,178.6999969482422,179.52999877929688,179.52999877929688,6831455.0
2022-07-21 09:15:00,180.97000122070312,180.97000122070312,178.1999969482422,180.5399932861328,180.5399932861328,3246465.0
2022-07-22 09:15:00,177.11000061035156,182.8699951171875,177.11000061035156,181.88999938964844,181.88999938964844,4042684.0
2022-07-25 09:15:00,182.9499969482422,184.50999450683594,180.3000030517578,181.4600067138672,181.4600067138672,2877584.0
2022-07-26 09:15:00,176.10000610351562,181.9499969482422,176.10000610351562,179.91000366210938,179.91000366210938,2484141.0
2022-07-27 09:15:00,180.88999938964844,181.8000030517578,178.60000610351562,181.60000610351562,181.60000610351562,3065858.0
2022-07-28 09:15:00,184.5,184.5,180.11000061035156,184.17999267578125,184.17999267578125,4186901.0
2022-07-29 09:15:00,185.0,186.8000030517578,184.25,186.5399932861328,186.5399932861328,5387909.0
2022-08-01 09:15:00,186.5399932861328,190.0,186.5399932861328,188.6300048828125,188.6300048828125,4377216.0
2022-08-02 09:15:00,199.99000549316406,199.99000549316406,183.0,188.6199951171875,188.6199951171875,4921260.0
2022-08-03 09:15:00,188.89999389648438,189.39999389648438,180.00999450683594,189.11000061035156,189.11000061035156,4471989.0
2022-08-04 09:15:00,190.25,190.67999267578125,187.02999877929688,189.1699981689453,189.1699981689453,5968154.0
2022-08-05 09:15:00,180.00999450683594,191.0500030517578,180.00999450683594,189.25,189.25,2653504.0
2022-08-08 09:15:00,189.75,191.0399932861328,188.3000030517578,190.7899932861328,190.7899932861328,3810443.0
2022-08-10 09:15:00,199.8000030517578,199.99000549316406,189.97999572753906,191.0399932861328,191.0399932861328,3095220.0
2022-08-11 09:15:00,193.97000122070312,193.97000122070312,191.5,192.33999633789062,192.33999633789062,3668655.0
2022-08-12 09:15:00,199.99000549316406,199.99000549316406,191.7100067138672,192.86000061035156,192.86000061035156,3145464.0
2022-08-16 09:15:00,199.74000549316406,199.74000549316406,192.89999389648438,194.08999633789062,194.08999633789062,3334064.0
2022-08-17 09:15:00,198.1999969482422,198.1999969482422,194.1999969482422,195.5500030517578,195.5500030517578,3137343.0
2022-08-18 09:15:00,196.5,196.88999938964844,194.1999969482422,195.7100067138672,195.7100067138672,2704745.0
2022-08-19 09:15:00,196.6300048828125,196.6300048828125,193.1199951171875,193.61000061035156,193.61000061035156,3331050.0
2022-08-22 09:15:00,168.39999389648438,194.05999755859375,168.39999389648438,190.9499969482422,190.9499969482422,4313595.0
2022-08-23 09:15:00,190.74000549316406,192.6999969482422,189.52999877929688,192.19000244140625,192.19000244140625,3058581.0
2022-08-24 09:15:00,192.89999389648438,192.89999389648438,191.1999969482422,192.6300048828125,192.6300048828125,2424213.0
2022-08-25 09:15:00,194.89999389648438,195.3300018310547,191.3000030517578,191.77999877929688,191.77999877929688,6427666.0
2022-08-26 09:15:00,192.89999389648438,193.39999389648438,191.41000366210938,191.9199981689453,191.9199981689453,3251054.0
2022-08-29 09:15:00,191.72000122070312,191.72000122070312,187.5500030517578,189.44000244140625,189.44000244140625,4760712.0
2022-08-30 09:15:00,187.5500030517578,194.19000244140625,187.5500030517578,193.9199981689453,193.9199981689453,4642129.0
2022-09-01 09:15:00,193.6999969482422,193.6999969482422,190.85000610351562,191.82000732421875,191.82000732421875,4624714.0
2022-09-02 09:15:00,192.4499969482422,199.16000366210938,182.0,191.61000061035156,191.61000061035156,2395807.0
2022-09-05 09:15:00,192.89999389648438,193.10000610351562,190.8699951171875,192.97999572753906,192.97999572753906,2254231.0
2022-09-06 09:15:00,194.44000244140625,194.8800048828125,191.9499969482422,192.47999572753906,192.47999572753906,2859680.0
2022-09-07 09:15:00,192.39999389648438,192.64999389648438,188.02000427246094,192.3699951171875,192.3699951171875,1934621.0
2022-09-08 09:15:00,199.8800048828125,199.8800048828125,192.50999450683594,194.0,194.0,5317112.0
2022-09-09 09:15:00,195.44000244140625,195.50999450683594,194.17999267578125,194.60000610351562,194.60000610351562,4205205.0
2022-09-12 09:15:00,195.99000549316406,196.10000610351562,194.0,195.63999938964844,195.63999938964844,2293757.0
2022-09-13 09:15:00,196.8000030517578,197.19000244140625,195.6999969482422,196.9499969482422,196.9499969482422,2522993.0
2022-09-14 09:15:00,196.74000549316406,197.1999969482422,193.10000610351562,196.27000427246094,196.27000427246094,3582553.0
2022-09-15 09:15:00,197.47000122070312,197.47000122070312,195.0,195.69000244140625,195.69000244140625,4888170.0
2022-09-16 09:15:00,195.64999389648438,195.64999389648438,191.55999755859375,191.89999389648438,191.89999389648438,5325137.0
2022-09-19 09:15:00,195.5,195.5,190.72000122070312,192.75,192.75,2293767.0
2022-09-20 09:15:00,194.9499969482422,195.49000549316406,193.1999969482422,194.44000244140625,194.44000244140625,2278101.0
2022-09-21 09:15:00,195.22000122070312,195.22000122070312,192.72999572753906,193.5,193.5,1636057.0
2022-09-22 09:15:00,193.49000549316406,193.91000366210938,191.89999389648438,192.9199981689453,192.9199981689453,2708403.0
2022-09-23 09:15:00,197.49000549316406,197.49000549316406,189.5,189.63999938964844,189.63999938964844,4921522.0
2022-09-26 09:15:00,194.5,194.5,185.83999633789062,186.2100067138672,186.2100067138672,7436755.0
2022-09-27 09:15:00,188.44000244140625,188.44000244140625,185.25999450683594,186.0500030517578,186.0500030517578,3441924.0
2022-09-28 09:15:00,185.9499969482422,186.22000122070312,183.8000030517578,184.47000122070312,184.47000122070312,3516093.0
2022-09-29 09:15:00,186.85000610351562,186.85000610351562,183.7100067138672,184.07000732421875,184.07000732421875,3635933.0
2022-09-30 09:15:00,189.8800048828125,189.8800048828125,181.8000030517578,186.8300018310547,186.8300018310547,4013074.0
2022-10-03 09:15:00,184.60000610351562,187.92999267578125,183.97000122070312,184.25,184.25,6396852.0
2022-10-04 09:15:00,186.8000030517578,188.5,185.36000061035156,188.2899932861328,188.2899932861328,3000236.0
2022-10-06 09:15:00,188.30999755859375,194.8800048828125,188.30999755859375,188.94000244140625,188.94000244140625,2974260.0
2022-10-07 09:15:00,193.8800048828125,193.8800048828125,187.91000366210938,189.19000244140625,189.19000244140625,2649450.0
2022-10-10 09:15:00,188.94000244140625,189.0500030517578,186.6300048828125,188.75,188.75,3446075.0
2022-10-11 09:15:00,190.75,190.75,185.4499969482422,185.8699951171875,185.8699951171875,3380501.0
2022-10-12 09:15:00,176.11000061035156,187.69000244140625,176.11000061035156,187.2100067138672,187.2100067138672,1869801.0
2022-10-13 09:15:00,187.58999633789062,187.60000610351562,185.61000061035156,186.22999572753906,186.22999572753906,2569015.0
2022-10-14 09:15:00,192.1999969482422,192.1999969482422,187.6999969482422,188.02000427246094,188.02000427246094,3543010.0
2022-10-17 09:15:00,188.60000610351562,189.0,186.05999755859375,188.8300018310547,188.8300018310547,3270253.0
2022-10-18 09:15:00,190.3000030517578,190.99000549316406,189.25,190.63999938964844,190.63999938964844,2767074.0
2022-10-19 09:15:00,194.5,194.5,190.17999267578125,190.8300018310547,190.8300018310547,2327685.0
2022-10-20 09:15:00,191.5,191.67999267578125,188.91000366210938,191.44000244140625,191.44000244140625,2191179.0
2022-10-21 09:15:00,191.97000122070312,192.5500030517578,190.64999389648438,191.52000427246094,191.52000427246094,2630619.0
2022-10-24 18:15:00,194.3000030517578,194.39999389648438,192.50999450683594,193.1699981689453,193.1699981689453,1953310.0
2022-10-25 09:15:00,195.1699981689453,195.1699981689453,191.57000732421875,192.49000549316406,192.49000549316406,1716854.0
2022-10-27 09:15:00,192.61000061035156,194.14999389648438,192.61000061035156,193.4499969482422,193.4499969482422,2769911.0
2022-10-28 09:15:00,194.6999969482422,194.6999969482422,193.00999450683594,193.9600067138672,193.9600067138672,3761604.0
2022-10-31 09:15:00,195.6999969482422,196.5,194.5,196.27000427246094,196.27000427246094,8882827.0
2022-11-01 09:15:00,197.8000030517578,198.24000549316406,196.36000061035156,197.97999572753906,197.97999572753906,3943610.0
2022-11-02 09:15:00,198.8000030517578,198.8000030517578,197.07000732421875,197.41000366210938,197.41000366210938,1911519.0
2022-11-03 09:15:00,197.39999389648438,197.82000732421875,194.60000610351562,197.38999938964844,197.38999938964844,2800681.0
2022-11-04 09:15:00,198.60000610351562,198.60000610351562,196.6999969482422,197.77000427246094,197.77000427246094,1577276.0
2022-11-07 09:15:00,199.0,199.39999389648438,197.4199981689453,198.6199951171875,198.6199951171875,2821469.0
2022-11-09 09:15:00,203.49000549316406,203.49000549316406,198.14999389648438,198.32000732421875,198.32000732421875,2373360.0
2022-11-10 09:15:00,198.1999969482422,198.1999969482422,196.25,196.86000061035156,196.86000061035156,3993577.0
2022-11-11 09:15:00,199.3699951171875,200.35000610351562,198.4499969482422,200.22000122070312,200.22000122070312,4245671.0
2022-11-14 09:15:00,200.6999969482422,200.9600067138672,199.02000427246094,200.1699981689453,200.1699981689453,2067441.0
2022-11-15 09:15:00,201.6699981689453,201.6699981689453,199.8000030517578,200.91000366210938,200.91000366210938,1776273.0
2022-11-16 09:15:00,201.9499969482422,201.9499969482422,200.27999877929688,200.8699951171875,200.8699951171875,1886431.0
2022-11-17 09:15:00,201.25,201.25,199.4499969482422,200.1999969482422,200.1999969482422,1304936.0
2022-11-18 09:15:00,201.25,201.25,199.05999755859375,199.9199981689453,199.9199981689453,1728259.0
2022-11-21 09:15:00,199.99000549316406,199.99000549316406,198.39999389648438,198.5500030517578,198.5500030517578,1737709.0
2022-11-22 09:15:00,199.72999572753906,199.72999572753906,198.00999450683594,199.22999572753906,199.22999572753906,1091138.0
2022-11-23 09:15:00,200.52000427246094,200.52000427246094,199.1699981689453,199.50999450683594,199.50999450683594,840243.0
2022-11-24 09:15:00,200.72000122070312,202.22000122070312,199.4499969482422,201.72000122070312,201.72000122070312,2727692.0
2022-11-25 09:15:00,202.3699951171875,202.63999938964844,201.44000244140625,202.35000610351562,202.35000610351562,1925380.0
2022-11-28 09:15:00,203.52000427246094,203.52000427246094,200.91000366210938,203.0399932861328,203.0399932861328,1977790.0
2022-11-29 09:15:00,207.49000549316406,207.49000549316406,201.91000366210938,203.42999267578125,203.42999267578125,1317579.0
2022-11-30 09:15:00,207.47999572753906,207.47999572753906,202.75,204.6999969482422,204.6999969482422,1923386.0
2022-12-01 09:15:00,207.49000549316406,207.49000549316406,204.72999572753906,205.5399932861328,205.5399932861328,2261605.0
2022-12-02 09:15:00,207.49000549316406,207.49000549316406,203.89999389648438,204.80999755859375,204.80999755859375,2370387.0
2022-12-05 09:15:00,207.49000549316406,207.49000549316406,203.64999389648438,204.44000244140625,204.44000244140625,1627546.0
2022-12-06 09:15:00,206.47999572753906,206.47999572753906,203.5,204.13999938964844,204.13999938964844,1902955.0
2022-12-07 09:15:00,203.8699951171875,207.24000549316406,202.60000610351562,202.8699951171875,202.8699951171875,1710285.0
2022-12-08 09:15:00,176.5,203.8000030517578,176.5,203.6199951171875,203.6199951171875,1374081.0
2022-12-09 09:15:00,207.49000549316406,207.49000549316406,201.7100067138672,202.47999572753906,202.47999572753906,2109284.0
2022-12-12 09:15:00,204.8000030517578,205.8000030517578,200.5500030517578,202.61000061035156,202.61000061035156,1734167.0
2022-12-13 09:15:00,207.49000549316406,207.49000549316406,202.30999755859375,203.77000427246094,203.77000427246094,1196576.0
2022-12-14 09:15:00,204.99000549316406,204.99000549316406,203.77000427246094,204.35000610351562,204.35000610351562,1172749.0
2022-12-15 09:15:00,204.75,204.75,201.32000732421875,201.5800018310547,201.5800018310547,2332679.0
2022-12-16 09:15:00,202.35000610351562,202.35000610351562,200.0,200.16000366210938,200.16000366210938,2171653.0
2022-12-19 09:15:00,201.4199981689453,201.7899932861328,198.66000366210938,201.6699981689453,201.6699981689453,1720911.0
2022-12-20 09:15:00,203.85000610351562,203.85000610351562,199.25,201.2100067138672,201.2100067138672,2308276.0
2022-12-21 09:15:00,203.9499969482422,203.9499969482422,199.0,199.39999389648438,199.39999389648438,2461367.0
2022-12-22 09:15:00,199.39999389648438,202.30999755859375,197.89999389648438,198.5500030517578,198.5500030517578,3234997.0
2022-12-23 09:15:00,201.42999267578125,201.42999267578125,194.8000030517578,195.14999389648438,195.14999389648438,8961067.0
2022-12-26 09:15:00,198.50999450683594,198.50999450683594,194.8000030517578,197.22999572753906,197.22999572753906,3648955.0
2022-12-27 09:15:00,198.91000366210938,198.91000366210938,196.5800018310547,198.0,198.0,2669146.0
2022-12-28 09:15:00,198.9499969482422,198.9499969482422,197.00999450683594,197.99000549316406,197.99000549316406,1880252.0
2022-12-29 09:15:00,197.89999389648438,199.0800018310547,196.75999450683594,198.77999877929688,198.77999877929688,2374539.0
2022-12-30 09:15:00,199.89999389648438,200.13999938964844,197.6999969482422,198.0399932861328,198.0399932861328,1739603.0
2023-01-02 09:15:00,200.99000549316406,201.0,197.49000549316406,199.33999633789062,199.33999633789062,2493866.0
2023-01-03 09:15:00,199.9499969482422,199.9499969482422,198.38999938964844,199.67999267578125,199.67999267578125,1940837.0
2023-01-04 09:15:00,200.89999389648438,200.89999389648438,197.39999389648438,197.6699981689453,197.6699981689453,4078852.0
2023-01-05 09:15:00,198.9499969482422,198.9499969482422,195.0,197.07000732421875,197.07000732421875,3469951.0
2023-01-06 09:15:00,198.14999389648438,198.14999389648438,194.99000549316406,195.72000122070312,195.72000122070312,4510923.0
2023-01-09 09:15:00,195.75999450683594,199.0,195.72000122070312,198.27999877929688,198.27999877929688,4956377.0
2023-01-10 09:15:00,198.27999877929688,199.17999267578125,195.6199951171875,196.1300048828125,196.1300048828125,4208652.0
2023-01-11 09:15:00,195.8800048828125,198.99000549316406,195.25,196.1300048828125,196.1300048828125,3138094.0
2023-01-12 09:15:00,202.0,202.0,194.5500030517578,195.61000061035156,195.61000061035156,4091350.0
2023-01-13 09:15:00,196.89999389648438,197.14999389648438,194.72999572753906,196.61000061035156,196.61000061035156,5526052.0
2023-01-16 09:15:00,196.61000061035156,198.5,195.60000610351562,196.05999755859375,196.05999755859375,7648402.0
2023-01-17 09:15:00,196.0,198.0,195.80999755859375,197.47000122070312,197.47000122070312,1991902.0
2023-01-18 09:15:00,199.0,199.0,197.17999267578125,198.64999389648438,198.64999389648438,2287113.0
2023-01-19 09:15:00,199.41000366210938,199.41000366210938,197.6699981689453,198.42999267578125,198.42999267578125,2708429.0
2023-01-20 09:15:00,199.88999938964844,199.88999938964844,197.30999755859375,197.4499969482422,197.4499969482422,2223368.0
2023-01-23 09:15:00,198.58999633789062,199.0,197.61000061035156,198.44000244140625,198.44000244140625,2094688.0
2023-01-24 09:15:00,199.94000244140625,199.94000244140625,198.0,198.4199981689453,198.4199981689453,2565279.0
2023-01-25 09:15:00,199.44000244140625,199.44000244140625,195.60000610351562,196.0399932861328,196.0399932861328,6494563.0
2023-01-27 09:15:00,196.9499969482422,197.1999969482422,191.58999633789062,193.0,193.0,9584276.0
2023-01-30 09:15:00,194.89999389648438,194.89999389648438,190.5,193.25,193.25,5730169.0
2023-01-31 09:15:00,196.49000549316406,196.49000549316406,192.2100067138672,193.44000244140625,193.44000244140625,3329551.0
2023-02-01 09:15:00,196.99000549316406,196.99000549316406,190.60000610351562,193.1300048828125,193.1300048828125,8057541.0
2023-02-02 09:15:00,194.60000610351562,194.60000610351562,191.11000061035156,192.91000366210938,192.91000366210938,3791585.0
2023-02-03 09:15:00,198.6999969482422,203.5,190.00999450683594,195.1199951171875,195.1199951171875,3016836.0
2023-02-06 09:15:00,199.89999389648438,201.0,193.91000366210938,194.47999572753906,194.47999572753906,3620105.0
2023-02-07 09:15:00,196.16000366210938,196.16000366210938,193.39999389648438,194.0399932861328,194.0399932861328,2395912.0
2023-02-08 09:15:00,194.1999969482422,195.8000030517578,189.10000610351562,195.5399932861328,195.5399932861328,2609453.0
2023-02-09 09:15:00,201.39999389648438,201.39999389648438,194.61000061035156,195.88999938964844,195.88999938964844,1549469.0
2023-02-10 09:15:00,197.97000122070312,197.97000122070312,194.38999938964844,195.49000549316406,195.49000549316406,2023921.0
2023-02-13 09:15:00,195.49000549316406,198.1999969482422,193.92999267578125,194.60000610351562,194.60000610351562,2212140.0
2023-02-14 09:15:00,197.88999938964844,197.88999938964844,194.60000610351562,195.97999572753906,195.97999572753906,1787208.0
2023-02-15 09:15:00,196.97999572753906,197.3699951171875,194.1300048828125,197.0800018310547,197.0800018310547,2993357.0
2023-02-16 09:15:00,198.47999572753906,198.47999572753906,196.60000610351562,197.35000610351562,197.35000610351562,6236138.0
2023-02-17 09:15:00,198.88999938964844,198.88999938964844,195.75,196.3000030517578,196.3000030517578,2173248.0
2023-02-20 09:15:00,198.69000244140625,198.69000244140625,195.35000610351562,195.58999633789062,195.58999633789062,2447234.0
2023-02-21 09:15:00,196.25,196.52000427246094,193.25,195.25999450683594,195.25999450683594,1372747.0
2023-02-22 09:15:00,196.88999938964844,196.88999938964844,192.2100067138672,192.50999450683594,192.50999450683594,5800058.0
2023-02-23 09:15:00,194.49000549316406,194.49000549316406,191.44000244140625,192.00999450683594,192.00999450683594,3169952.0
2023-02-24 09:15:00,193.99000549316406,195.0,191.0500030517578,191.4600067138672,191.4600067138672,3398062.0
2023-02-27 09:15:00,192.8699951171875,192.8699951171875,189.72999572753906,190.55999755859375,190.55999755859375,5767403.0
2023-02-28 09:15:00,192.47999572753906,192.47999572753906,189.1999969482422,189.6999969482422,189.6999969482422,4381495.0
2023-03-01 09:15:00,191.88999938964844,191.88999938964844,189.80999755859375,191.27999877929688,191.27999877929688,3076476.0
2023-03-02 09:15:00,192.64999389648438,196.5,189.75999450683594,189.92999267578125,189.92999267578125,2987464.0
2023-03-03 09:15:00,193.14999389648438,193.14999389648438,190.3300018310547,192.50999450683594,192.50999450683594,2667912.0
2023-03-06 09:15:00,193.88999938964844,194.39999389648438,192.61000061035156,193.6300048828125,193.6300048828125,3539187.0
2023-03-08 09:15:00,194.6300048828125,194.6300048828125,190.60000610351562,193.9499969482422,193.9499969482422,2484812.0
2023-03-09 09:15:00,188.14999389648438,194.64999389648438,188.14999389648438,192.63999938964844,192.63999938964844,1880541.0
2023-03-10 09:15:00,191.91000366210938,191.9199981689453,190.0,190.75,190.75,4412613.0
2023-03-13 09:15:00,192.64999389648438,192.64999389648438,187.64999389648438,188.1199951171875,188.1199951171875,6256213.0
2023-03-14 09:15:00,189.44000244140625,189.6999969482422,186.30999755859375,186.91000366210938,186.91000366210938,6706987.0
2023-03-15 09:15:00,192.5,192.5,185.75999450683594,186.10000610351562,186.10000610351562,4642899.0
2023-03-16 09:15:00,188.52000427246094,188.52000427246094,184.8000030517578,186.22999572753906,186.22999572753906,6662192.0
2023-03-17 09:15:00,189.52000427246094,189.52000427246094,185.89999389648438,187.4199981689453,187.4199981689453,3874547.0
2023-03-20 09:15:00,188.39999389648438,188.39999389648438,184.50999450683594,186.1999969482422,186.1999969482422,6338005.0
2023-03-21 09:15:00,187.88999938964844,187.89999389648438,186.00999450683594,187.4600067138672,187.4600067138672,3095592.0
2023-03-22 09:15:00,188.75,188.75,187.4600067138672,187.8800048828125,187.8800048828125,1690955.0
2023-03-23 09:15:00,189.7899932861328,189.7899932861328,186.6699981689453,186.91000366210938,186.91000366210938,2184996.0
2023-03-24 09:15:00,187.89999389648438,187.89999389648438,185.36000061035156,185.67999267578125,185.67999267578125,2913376.0
2023-03-27 09:15:00,186.63999938964844,187.14999389648438,185.60000610351562,186.17999267578125,186.17999267578125,4064269.0
2023-03-28 09:15:00,187.52999877929688,187.52999877929688,185.25,185.7100067138672,185.7100067138672,2453607.0
2023-03-29 09:15:00,187.49000549316406,187.49000549316406,185.00999450683594,187.08999633789062,187.08999633789062,4340723.0
2023-03-31 09:15:00,187.22000122070312,190.0,187.22000122070312,189.86000061035156,189.86000061035156,4565764.0
2023-04-03 09:15:00,191.49000549316406,191.49000549316406,189.44000244140625,190.55999755859375,190.55999755859375,3116133.0
2023-04-05 09:15:00,191.55999755859375,192.47000122070312,189.77000427246094,192.19000244140625,192.19000244140625,3722034.0
2023-04-06 09:15:00,189.1999969482422,193.25,189.1999969482422,192.94000244140625,192.94000244140625,3850733.0
2023-04-10 09:15:00,194.38999938964844,194.38999938964844,192.4499969482422,192.63999938964844,192.63999938964844,3616730.0
2023-04-11 09:15:00,193.91000366210938,193.91000366210938,192.6999969482422,193.75999450683594,193.75999450683594,2803718.0
2023-04-12 09:15:00,193.88999938964844,194.8000030517578,193.57000732421875,194.63999938964844,194.63999938964844,3379714.0
2023-04-13 09:15:00,194.6300048828125,195.10000610351562,193.8000030517578,194.77000427246094,194.77000427246094,2325172.0
2023-04-17 09:15:00,196.0,196.0,192.5,193.91000366210938,193.91000366210938,3607785.0
2023-04-18 09:15:00,194.91000366210938,194.91000366210938,192.66000366210938,193.24000549316406,193.24000549316406,2337292.0
2023-04-19 09:15:00,194.0,194.0,192.5800018310547,192.86000061035156,192.86000061035156,1589928.0
2023-04-20 09:15:00,194.0,194.0,192.47999572753906,192.99000549316406,192.99000549316406,1462582.0
2023-04-21 09:15:00,192.5,194.1999969482422,192.39999389648438,192.85000610351562,192.85000610351562,2343908.0
2023-04-24 09:15:00,194.39999389648438,194.39999389648438,192.8000030517578,193.9499969482422,193.9499969482422,2133367.0
2023-04-25 09:15:00,194.58999633789062,194.60000610351562,193.58999633789062,194.1300048828125,194.1300048828125,1919289.0
2023-04-26 09:15:00,194.5,194.75,193.5,194.6199951171875,194.6199951171875,2094677.0
2023-04-27 09:15:00,195.1999969482422,196.35000610351562,193.86000061035156,195.92999267578125,195.92999267578125,2989666.0
2023-04-28 09:15:00,196.8000030517578,197.72000122070312,195.74000549316406,197.2899932861328,197.2899932861328,3403218.0
2023-05-02 09:15:00,198.5,199.6999969482422,196.11000061035156,198.38999938964844,198.38999938964844,3544119.0
2023-05-03 09:15:00,199.7899932861328,199.7899932861328,197.27999877929688,197.67999267578125,197.67999267578125,2129998.0
2023-05-04 09:15:00,199.4499969482422,199.61000061035156,197.02999877929688,199.44000244140625,199.44000244140625,3692955.0
2023-05-05 09:15:00,199.88999938964844,199.88999938964844,197.6699981689453,197.83999633789062,197.83999633789062,2599608.0
2023-05-08 09:15:00,197.9499969482422,199.99000549316406,197.83999633789062,199.7100067138672,199.7100067138672,3809627.0
2023-05-09 09:15:00,200.39999389648438,200.49000549316406,199.0500030517578,199.6999969482422,199.6999969482422,2707305.0
2023-05-10 09:15:00,200.1999969482422,200.3699951171875,199.0800018310547,200.0,200.0,2638312.0
2023-05-11 09:15:00,200.99000549316406,200.99000549316406,199.9600067138672,200.35000610351562,200.35000610351562,2372007.0
2023-05-12 09:15:00,200.27000427246094,200.4499969482422,199.05999755859375,200.25999450683594,200.25999450683594,2056983.0
2023-05-15 09:15:00,200.25999450683594,201.7899932861328,199.94000244140625,201.33999633789062,201.33999633789062,3684085.0
2023-05-16 09:15:00,200.25,202.25,200.25,200.50999450683594,200.50999450683594,3197335.0
2023-05-17 09:15:00,201.25,201.49000549316406,199.0,199.75999450683594,199.75999450683594,3548756.0
2023-05-18 09:15:00,201.38999938964844,201.49000549316406,198.8000030517578,199.0500030517578,199.0500030517578,3150576.0
2023-05-19 09:15:00,205.0,205.0,198.25,199.82000732421875,199.82000732421875,3295080.0
2023-05-22 09:15:00,200.49000549316406,200.92999267578125,199.0500030517578,200.74000549316406,200.74000549316406,2330996.0
2023-05-23 09:15:00,200.0500030517578,201.6999969482422,200.0500030517578,201.02000427246094,201.02000427246094,2612792.0
2023-05-24 09:15:00,201.49000549316406,201.5,199.80999755859375,200.24000549316406,200.24000549316406,2413489.0
2023-05-25 09:15:00,200.9499969482422,200.9499969482422,199.25999450683594,200.6999969482422,200.6999969482422,2891537.0
2023-05-26 09:15:00,201.88999938964844,203.27000427246094,200.0500030517578,202.85000610351562,202.85000610351562,4684612.0
2023-05-29 09:15:00,202.85000610351562,204.8000030517578,202.85000610351562,204.13999938964844,204.13999938964844,3856380.0
2023-05-30 09:15:00,205.49000549316406,205.49000549316406,202.52999877929688,204.36000061035156,204.36000061035156,2613440.0
2023-05-31 09:15:00,205.49000549316406,205.49000549316406,203.05999755859375,203.66000366210938,203.66000366210938,2588389.0
2023-06-01 09:15:00,205.38999938964844,205.38999938964844,202.11000061035156,202.99000549316406,202.99000549316406,3330182.0
2023-06-02 09:15:00,204.89999389648438,204.89999389648438,203.0800018310547,203.83999633789062,203.83999633789062,2174215.0
2023-06-05 09:15:00,205.38999938964844,205.47999572753906,203.99000549316406,204.27999877929688,204.27999877929688,1707187.0
2023-06-06 09:15:00,205.38999938964844,205.38999938964844,203.4499969482422,204.0399932861328,204.0399932861328,1618597.0
2023-06-07 09:15:00,205.38999938964844,205.4499969482422,203.9199981689453,205.33999633789062,205.33999633789062,2134360.0
2023-06-08 09:15:00,203.9199981689453,206.2100067138672,203.9199981689453,204.50999450683594,204.50999450683594,4515873.0
2023-06-09 09:15:00,205.89999389648438,205.89999389648438,203.85000610351562,204.02999877929688,204.02999877929688,1786159.0
2023-06-12 09:15:00,204.89999389648438,205.4499969482422,203.8300018310547,204.4600067138672,204.4600067138672,1361814.0
2023-06-13 09:15:00,205.47999572753906,205.52000427246094,204.3000030517578,205.4499969482422,205.4499969482422,1563108.0
2023-06-14 09:15:00,211.60000610351562,211.60000610351562,205.0800018310547,205.85000610351562,205.85000610351562,1880167.0
2023-06-15 09:15:00,206.38999938964844,206.38999938964844,204.69000244140625,205.30999755859375,205.30999755859375,2674084.0
2023-06-16 09:15:00,206.38999938964844,207.10000610351562,205.41000366210938,206.69000244140625,206.69000244140625,2770332.0
2023-06-19 09:15:00,206.69000244140625,208.97999572753906,205.50999450683594,205.8699951171875,205.8699951171875,3140978.0
2023-06-20 09:15:00,205.75,206.75,204.94000244140625,206.5,206.5,3088294.0
2023-06-21 09:15:00,206.0399932861328,207.4600067138672,206.0399932861328,206.8699951171875,206.8699951171875,2408169.0
2023-06-22 09:15:00,206.8699951171875,207.47000122070312,206.0800018310547,206.24000549316406,206.24000549316406,2007192.0
2023-06-23 09:15:00,212.4499969482422,212.4499969482422,204.8000030517578,204.97999572753906,204.97999572753906,2129175.0
2023-06-26 09:15:00,206.25,206.25,204.52000427246094,205.1699981689453,205.1699981689453,2217566.0
2023-06-27 09:15:00,207.36000061035156,207.36000061035156,205.36000061035156,206.4600067138672,206.4600067138672,2018085.0
2023-06-28 09:15:00,207.39999389648438,208.55999755859375,206.27999877929688,208.17999267578125,208.17999267578125,3989975.0
2023-06-30 09:15:00,209.60000610351562,210.91000366210938,208.08999633789062,210.61000061035156,210.61000061035156,4671280.0
2023-07-03 09:15:00,213.4499969482422,213.4499969482422,210.89999389648438,212.3000030517578,212.3000030517578,4245579.0
2023-07-04 09:15:00,218.64999389648438,218.64999389648438,212.0,213.05999755859375,213.05999755859375,2517660.0
2023-07-05 09:15:00,218.0,218.0,212.3000030517578,212.9199981689453,212.9199981689453,1743789.0
2023-07-06 09:15:00,218.0,219.3000030517578,212.0500030517578,213.9600067138672,213.9600067138672,1919961.0
2023-07-07 09:15:00,220.39999389648438,220.39999389648438,212.5,212.72000122070312,212.72000122070312,3326931.0
2023-07-10 09:15:00,218.39999389648438,218.39999389648438,210.14999389648438,212.63999938964844,212.63999938964844,2815814.0
2023-07-11 09:15:00,219.0,219.0,212.66000366210938,213.4499969482422,213.4499969482422,1986082.0
2023-07-12 09:15:00,214.9499969482422,214.9499969482422,213.0,213.25,213.25,1703058.0
2023-07-13 09:15:00,215.0,215.0,213.25,213.69000244140625,213.69000244140625,2336555.0
2023-07-14 09:15:00,215.4600067138672,215.4600067138672,213.55999755859375,214.8300018310547,214.8300018310547,1678860.0
2023-07-17 09:15:00,216.13999938964844,216.89999389648438,214.82000732421875,216.52999877929688,216.52999877929688,2220209.0
2023-07-18 09:15:00,216.91000366210938,217.8000030517578,216.10000610351562,217.02000427246094,217.02000427246094,2344009.0
2023-07-19 09:15:00,219.9499969482422,219.9499969482422,216.75999450683594,217.97000122070312,217.97000122070312,3764043.0
2023-07-20 09:15:00,219.89999389648438,219.89999389648438,217.16000366210938,219.50999450683594,219.50999450683594,3166150.0
2023-07-21 09:15:00,219.44000244140625,219.44000244140625,216.99000549316406,217.47999572753906,217.47999572753906,3612348.0
2023-07-24 09:15:00,219.3800048828125,219.3800048828125,216.5399932861328,216.72999572753906,216.72999572753906,2006947.0
2023-07-25 09:15:00,219.9499969482422,219.9499969482422,216.05999755859375,216.63999938964844,216.63999938964844,1462278.0
2023-07-26 09:15:00,219.6999969482422,219.6999969482422,213.64999389648438,217.72000122070312,217.72000122070312,3164932.0
2023-07-27 09:15:00,219.6999969482422,219.6999969482422,211.1999969482422,216.6300048828125,216.6300048828125,2936838.0
2023-07-28 09:15:00,218.77999877929688,218.77999877929688,215.5,216.33999633789062,216.33999633789062,2463367.0
2023-07-31 09:15:00,218.77999877929688,218.77999877929688,216.0,217.5800018310547,217.5800018310547,1792693.0
2023-08-01 09:15:00,218.0,218.39999389648438,217.02000427246094,217.22999572753906,217.22999572753906,1914323.0
2023-08-02 09:15:00,217.22000122070312,217.4499969482422,214.0,215.10000610351562,215.10000610351562,5585468.0
2023-08-03 09:15:00,216.52000427246094,216.52000427246094,212.14999389648438,213.55999755859375,213.55999755859375,4739271.0
2023-08-04 09:15:00,215.85000610351562,215.85000610351562,212.77000427246094,215.0399932861328,215.0399932861328,1535406.0
2023-08-07 09:15:00,216.2100067138672,216.2100067138672,215.0500030517578,215.9499969482422,215.9499969482422,2240935.0
2023-08-08 09:15:00,216.47000122070312,216.6999969482422,209.4499969482422,215.7899932861328,215.7899932861328,2002806.0
2023-08-09 09:15:00,216.85000610351562,216.85000610351562,212.8000030517578,216.49000549316406,216.49000549316406,2025167.0
2023-08-10 09:15:00,217.27000427246094,217.27000427246094,215.00999450683594,215.3300018310547,215.3300018310547,2100995.0
2023-08-11 09:15:00,217.2100067138672,217.2100067138672,214.25,214.39999389648438,214.39999389648438,2385921.0
2023-08-14 09:15:00,217.82000732421875,217.82000732421875,211.64999389648438,214.50999450683594,214.50999450683594,2878972.0
2023-08-16 09:15:00,218.47000122070312,218.47000122070312,212.67999267578125,214.57000732421875,214.57000732421875,1604526.0
2023-08-17 09:15:00,218.1699981689453,218.1699981689453,208.14999389648438,213.6999969482422,213.6999969482422,1582007.0
2023-08-18 09:15:00,218.19000244140625,218.19000244140625,212.30999755859375,213.0,213.0,2486828.0
2023-08-21 09:15:00,213.69000244140625,213.97999572753906,212.0,213.5,213.5,2977924.0
2023-08-22 09:15:00,218.11000061035156,218.11000061035156,213.10000610351562,213.42999267578125,213.42999267578125,1983391.0
2023-08-23 09:15:00,216.39999389648438,216.39999389648438,212.77999877929688,214.3699951171875,214.3699951171875,1550674.0
2023-08-24 09:15:00,218.47000122070312,218.47000122070312,213.3300018310547,213.77000427246094,213.77000427246094,2526797.0
2023-08-25 09:15:00,207.35000610351562,214.47999572753906,207.35000610351562,212.75999450683594,212.75999450683594,2646009.0
2023-08-28 09:15:00,217.47000122070312,217.47000122070312,211.0,212.8699951171875,212.8699951171875,1548577.0
2023-08-29 09:15:00,217.47000122070312,217.47000122070312,212.8000030517578,213.16000366210938,213.16000366210938,1314371.0
2023-08-30 09:15:00,217.47000122070312,217.47000122070312,207.64999389648438,213.5399932861328,213.5399932861328,1583782.0
2023-08-31 09:15:00,207.14999389648438,217.47000122070312,207.14999389648438,212.77000427246094,212.77000427246094,2821233.0
2023-09-01 09:15:00,216.8699951171875,216.8699951171875,212.0,214.27000427246094,214.27000427246094,1929234.0
2023-09-04 09:15:00,217.47000122070312,217.47000122070312,207.85000610351562,215.58999633789062,215.58999633789062,1925839.0
2023-09-05 09:15:00,216.97999572753906,216.97999572753906,215.1300048828125,215.83999633789062,215.83999633789062,2333420.0
2023-09-06 09:15:00,217.1699981689453,217.1699981689453,215.0800018310547,216.22000122070312,216.22000122070312,2516081.0
2023-09-07 09:15:00,217.1699981689453,217.5,209.75,217.2899932861328,217.2899932861328,1670195.0
2023-09-08 09:15:00,218.47000122070312,218.77999877929688,215.4199981689453,218.41000366210938,218.41000366210938,1886253.0
2023-09-11 09:15:00,219.5500030517578,220.5,217.17999267578125,220.3800048828125,220.3800048828125,2865226.0
2023-09-12 09:15:00,221.97999572753906,221.97999572753906,219.39999389648438,220.19000244140625,220.19000244140625,2429267.0
2023-09-13 09:15:00,221.58999633789062,221.8000030517578,219.4499969482422,221.42999267578125,221.42999267578125,2777591.0
2023-09-14 09:15:00,222.72999572753906,222.72999572753906,221.0,221.52999877929688,221.52999877929688,3991183.0
2023-09-15 09:15:00,222.72999572753906,222.80999755859375,221.11000061035156,222.57000732421875,222.57000732421875,2369619.0
2023-09-18 09:15:00,222.25,222.57000732421875,216.0,221.9199981689453,221.9199981689453,2315850.0
2023-09-20 09:15:00,220.99000549316406,221.0,219.3000030517578,219.60000610351562,219.60000610351562,3324262.0
2023-09-21 09:15:00,213.0,226.1999969482422,213.0,217.6300048828125,217.6300048828125,3045078.0
2023-09-22 09:15:00,219.6300048828125,219.6300048828125,216.3800048828125,216.80999755859375,216.80999755859375,4109713.0
2023-09-25 09:15:00,218.7899932861328,218.7899932861328,216.0800018310547,216.8000030517578,216.8000030517578,2239994.0
2023-09-26 09:15:00,217.9199981689453,217.9199981689453,215.17999267578125,216.57000732421875,216.57000732421875,1330688.0
2023-09-27 09:15:00,218.47000122070312,218.47000122070312,210.0500030517578,217.55999755859375,217.55999755859375,2257394.0
2023-09-28 09:15:00,218.97999572753906,218.97999572753906,215.4499969482422,215.77000427246094,215.77000427246094,3456589.0
2023-09-29 09:15:00,222.25,222.25,209.3000030517578,216.75,216.75,2265919.0
2023-10-03 09:15:00,223.25,223.25,210.25,215.57000732421875,215.57000732421875,4369754.0
2023-10-04 09:15:00,222.0500030517578,222.0500030517578,213.52999877929688,214.39999389648438,214.39999389648438,5188713.0
2023-10-05 09:15:00,220.85000610351562,220.85000610351562,214.41000366210938,215.52999877929688,215.52999877929688,2006257.0
2023-10-06 09:15:00,214.0,218.6999969482422,214.0,216.6199951171875,216.6199951171875,3125000.0
2023-10-09 09:15:00,223.10000610351562,223.10000610351562,214.7100067138672,215.47999572753906,215.47999572753906,2314698.0
2023-10-10 09:15:00,221.9499969482422,221.9499969482422,215.00999450683594,217.1300048828125,217.1300048828125,1610545.0
2023-10-11 09:15:00,214.64999389648438,220.38999938964844,214.64999389648438,218.75999450683594,218.75999450683594,2773486.0
2023-10-12 09:15:00,225.3000030517578,225.3000030517578,216.63999938964844,218.60000610351562,218.60000610351562,1480102.0
2023-10-13 09:15:00,220.75,220.75,216.6300048828125,218.07000732421875,218.07000732421875,2232611.0
2023-10-16 09:15:00,222.0,222.0,216.07000732421875,217.89999389648438,217.89999389648438,1472154.0
2023-10-17 09:15:00,224.4499969482422,224.4499969482422,212.25,218.5500030517578,218.5500030517578,1266306.0
2023-10-18 09:15:00,219.58999633789062,219.58999633789062,216.9199981689453,217.1999969482422,217.1999969482422,1761105.0
2023-10-19 09:15:00,220.5,223.6999969482422,210.6999969482422,216.6699981689453,216.6699981689453,2193608.0
2023-10-20 09:15:00,219.6999969482422,219.6999969482422,213.64999389648438,215.3000030517578,215.3000030517578,2642139.0
2023-10-23 09:15:00,221.75,221.75,212.64999389648438,213.1699981689453,213.1699981689453,4473325.0
2023-10-25 09:15:00,215.0,216.60000610351562,210.9499969482422,211.47999572753906,211.47999572753906,6626525.0
2023-10-26 09:15:00,213.0,214.49000549316406,208.36000061035156,208.74000549316406,208.74000549316406,11342653.0
2023-10-27 09:15:00,210.49000549316406,215.0,208.5,210.57000732421875,210.57000732421875,4091227.0
2023-10-30 09:15:00,211.39999389648438,211.99000549316406,209.41000366210938,211.52000427246094,211.52000427246094,2918057.0
2023-10-31 09:15:00,212.0,214.0,210.6999969482422,210.97999572753906,210.97999572753906,2951982.0
2023-11-01 09:15:00,213.9499969482422,213.9499969482422,209.5800018310547,209.99000549316406,209.99000549316406,2999324.0
2023-11-02 09:15:00,213.99000549316406,213.99000549316406,210.0,211.63999938964844,211.63999938964844,3051034.0
2023-11-03 09:15:00,212.25999450683594,213.77000427246094,212.0500030517578,212.69000244140625,212.69000244140625,1992691.0
2023-11-06 09:15:00,218.6999969482422,218.6999969482422,212.10000610351562,214.55999755859375,214.55999755859375,2167020.0
2023-11-07 09:15:00,215.24000549316406,215.25,212.77999877929688,214.49000549316406,214.49000549316406,1597162.0
2023-11-08 09:15:00,215.0,215.1999969482422,213.80999755859375,214.8300018310547,214.8300018310547,2392335.0
2023-11-09 09:15:00,215.99000549316406,217.0,214.02999877929688,214.3000030517578,214.3000030517578,2842726.0
2023-11-10 09:15:00,214.99000549316406,214.99000549316406,213.25,214.24000549316406,214.24000549316406,3287453.0
2023-11-13 09:15:00,215.89999389648438,215.99000549316406,214.3000030517578,214.5500030517578,214.5500030517578,2354220.0
2023-11-15 09:15:00,215.3000030517578,217.22999572753906,213.6999969482422,216.97000122070312,216.97000122070312,4368209.0
2023-11-16 09:15:00,217.99000549316406,219.25,216.60000610351562,218.16000366210938,218.16000366210938,2694681.0
2023-11-17 09:15:00,224.0,224.0,216.0,218.02000427246094,218.02000427246094,1471094.0
2023-11-20 09:15:00,218.99000549316406,218.99000549316406,217.07000732421875,217.35000610351562,217.35000610351562,1971539.0
2023-11-21 09:15:00,219.25,219.25,214.0,218.38999938964844,218.38999938964844,2121413.0
2023-11-22 09:15:00,219.3000030517578,219.3000030517578,216.0,218.52999877929688,218.52999877929688,1531757.0
2023-11-23 09:15:00,219.0,219.1999969482422,216.00999450683594,218.55999755859375,218.55999755859375,2711176.0
2023-11-24 09:15:00,225.10000610351562,225.10000610351562,218.19000244140625,218.47999572753906,218.47999572753906,2228129.0
2023-11-28 09:15:00,225.0500030517578,225.0500030517578,211.9499969482422,219.55999755859375,219.55999755859375,3374192.0
2023-11-29 09:15:00,221.99000549316406,221.99000549316406,219.30999755859375,221.66000366210938,221.66000366210938,4692734.0
2023-11-30 09:15:00,228.3000030517578,228.3000030517578,220.3800048828125,222.1300048828125,222.1300048828125,4565515.0
2023-12-01 09:15:00,223.99000549316406,223.99000549316406,221.0,223.75,223.75,3756906.0
2023-12-04 09:15:00,230.4499969482422,230.4499969482422,225.5,228.17999267578125,228.17999267578125,5441571.0
2023-12-05 09:15:00,228.4499969482422,230.27999877929688,228.38999938964844,230.05999755859375,230.05999755859375,2577043.0
2023-12-06 09:15:00,231.99000549316406,231.99000549316406,229.8000030517578,230.94000244140625,230.94000244140625,3116228.0
2023-12-07 09:15:00,231.99000549316406,231.99000549316406,228.14999389648438,230.8300018310547,230.8300018310547,2882798.0
2023-12-08 09:15:00,231.99000549316406,231.99000549316406,228.0,231.36000061035156,231.36000061035156,1918130.0
2023-12-11 09:15:00,229.00999450683594,232.10000610351562,229.00999450683594,231.7899932861328,231.7899932861328,2202370.0
2023-12-12 09:15:00,232.99000549316406,232.99000549316406,230.5,230.9600067138672,230.9600067138672,2237630.0
2023-12-13 09:15:00,231.99000549316406,231.99000549316406,229.6300048828125,231.14999389648438,231.14999389648438,2758600.0
2023-12-14 09:15:00,232.0,234.5,231.50999450683594,233.99000549316406,233.99000549316406,2943517.0
2023-12-15 09:15:00,236.25,237.0,234.00999450683594,236.6199951171875,236.6199951171875,3418211.0
2023-12-18 09:15:00,236.97999572753906,237.0,233.64999389648438,236.57000732421875,236.57000732421875,2068813.0
2023-12-19 09:15:00,237.99000549316406,237.99000549316406,235.3300018310547,236.6999969482422,236.6999969482422,2900959.0
2023-12-20 09:15:00,237.99000549316406,238.8800048828125,233.0,233.25,233.25,4692122.0
2023-12-21 09:15:00,226.25,238.0,226.25,234.60000610351562,234.60000610351562,4151474.0
2023-12-22 09:15:00,235.99000549316406,236.35000610351562,232.00999450683594,235.5,235.5,2920568.0
2023-12-26 09:15:00,236.99000549316406,237.3000030517578,234.8800048828125,236.92999267578125,236.92999267578125,1774284.0
2023-12-27 09:15:00,239.6999969482422,239.6999969482422,236.17999267578125,238.91000366210938,238.91000366210938,4385669.0
2023-12-28 09:15:00,240.0,240.5,238.8800048828125,240.16000366210938,240.16000366210938,2495578.0
2023-12-29 09:15:00,247.35000610351562,247.35000610351562,238.0,239.64999389648438,239.64999389648438,4342820.0
2024-01-01 09:15:00,240.99000549316406,241.13999938964844,238.00999450683594,240.35000610351562,240.35000610351562,3301679.0
2024-01-02 09:15:00,241.0,241.0,238.0,239.2100067138672,239.2100067138672,2724450.0
2024-01-03 09:15:00,240.0,240.0,237.5,237.74000549316406,237.74000549316406,2253252.0
2024-01-04 09:15:00,237.6999969482422,239.58999633789062,237.19000244140625,239.3000030517578,239.3000030517578,2592068.0
2024-01-05 09:15:00,239.8000030517578,240.0,238.00999450683594,239.74000549316406,239.74000549316406,3017800.0
2024-01-08 09:15:00,242.0,242.0,237.5,237.67999267578125,237.67999267578125,3109332.0
2024-01-09 09:15:00,239.99000549316406,239.99000549316406,237.5,237.77999877929688,237.77999877929688,2263399.0
2024-01-10 09:15:00,238.99000549316406,238.99000549316406,236.75999450683594,238.75999450683594,238.75999450683594,2557090.0
2024-01-11 09:15:00,239.6999969482422,239.6999969482422,238.00999450683594,238.8699951171875,238.8699951171875,2228747.0
2024-01-12 09:15:00,239.00999450683594,242.35000610351562,239.00999450683594,241.72999572753906,241.72999572753906,3829943.0
2024-01-15 09:15:00,241.72999572753906,244.3000030517578,241.72999572753906,244.07000732421875,244.07000732421875,3098957.0
2024-01-16 09:15:00,244.60000610351562,244.99000549316406,242.41000366210938,243.24000549316406,243.24000549316406,3055350.0
2024-01-17 09:15:00,240.99000549316406,243.0,238.10000610351562,238.3800048828125,238.3800048828125,6128145.0
2024-01-18 09:15:00,237.99000549316406,238.2100067138672,233.3000030517578,237.50999450683594,237.50999450683594,6170369.0
2024-01-19 09:15:00,239.99000549316406,239.99000549316406,237.75,239.14999389648438,239.14999389648438,2714133.0
2024-01-23 09:15:00,241.89999389648438,241.89999389648438,234.5,234.8699951171875,234.8699951171875,5382816.0
2024-01-24 09:15:00,235.67999267578125,237.58999633789062,233.5,237.2899932861328,237.2899932861328,2914009.0
2024-01-25 09:15:00,238.0,238.0,235.10000610351562,236.14999389648438,236.14999389648438,2328302.0
2024-01-29 09:15:00,238.0,240.39999389648438,236.14999389648438,240.0500030517578,240.0500030517578,2671344.0
2024-01-30 09:15:00,241.99000549316406,241.99000549316406,237.9499969482422,238.1300048828125,238.1300048828125,3429480.0
2024-01-31 09:15:00,238.77999877929688,240.47999572753906,237.5,240.25999450683594,240.25999450683594,1870884.0
2024-02-01 09:15:00,241.99000549316406,241.99000549316406,239.47999572753906,240.02999877929688,240.02999877929688,3203160.0
2024-02-02 09:15:00,243.39999389648438,244.27999877929688,240.00999450683594,241.3000030517578,241.3000030517578,4954136.0
2024-02-05 09:15:00,248.5500030517578,248.5500030517578,239.89999389648438,240.24000549316406,240.24000549316406,2862183.0
2024-02-06 09:15:00,247.4499969482422,247.4499969482422,237.64999389648438,242.00999450683594,242.00999450683594,1690100.0
2024-02-07 09:15:00,249.25,249.25,234.75,242.35000610351562,242.35000610351562,2235426.0
2024-02-08 09:15:00,242.35000610351562,243.3800048828125,239.89999389648438,240.27999877929688,240.27999877929688,3757539.0
2024-02-09 09:15:00,240.89999389648438,241.02000427246094,239.0,240.77999877929688,240.77999877929688,1752604.0
2024-02-12 09:15:00,241.0,242.5,238.97000122070312,239.32000732421875,239.32000732421875,3449448.0
2024-02-13 09:15:00,246.5,246.5,238.6999969482422,240.58999633789062,240.58999633789062,1615065.0
2024-02-14 09:15:00,239.89999389648438,241.99000549316406,237.5500030517578,241.5500030517578,241.5500030517578,3343750.0
2024-02-15 09:15:00,242.99000549316406,243.0,241.1999969482422,242.72000122070312,242.72000122070312,1820990.0
2024-02-16 09:15:00,244.0,244.22999572753906,242.5800018310547,243.99000549316406,243.99000549316406,4134646.0
2024-02-19 09:15:00,244.5,245.75,243.5800018310547,245.0399932861328,245.0399932861328,2511055.0
2024-02-20 09:15:00,246.99000549316406,246.99000549316406,243.00999450683594,245.3699951171875,245.3699951171875,2109871.0
2024-02-21 09:15:00,246.0,246.2899932861328,243.5,243.8699951171875,243.8699951171875,3326839.0
2024-02-22 09:15:00,244.5,246.2100067138672,242.4499969482422,245.7899932861328,245.7899932861328,2973123.0
2024-02-23 09:15:00,246.88999938964844,246.88999938964844,245.16000366210938,245.69000244140625,245.69000244140625,2414813.0
2024-02-26 09:15:00,245.5,246.5,244.02000427246094,244.8699951171875,244.8699951171875,1931771.0
2024-02-27 09:15:00,245.0,245.7100067138672,244.0,245.5,245.5,2412089.0
2024-02-28 09:15:00,242.3000030517578,246.8800048828125,242.3000030517578,243.07000732421875,243.07000732421875,2553115.0
2024-02-29 09:15:00,244.99000549316406,244.99000549316406,241.00999450683594,243.25,243.25,3210232.0
2024-03-01 09:15:00,244.5800018310547,246.99000549316406,243.0500030517578,246.85000610351562,246.85000610351562,2174184.0
2024-03-04 09:15:00,248.99000549316406,249.97999572753906,247.0800018310547,247.8300018310547,247.8300018310547,3278496.0
2024-03-05 09:15:00,248.8699951171875,248.8699951171875,246.7100067138672,247.33999633789062,247.33999633789062,1909620.0
2024-03-06 09:15:00,248.99000549316406,248.99000549316406,246.10000610351562,248.6199951171875,248.6199951171875,2452874.0
2024-03-07 09:15:00,248.6999969482422,249.0,248.1300048828125,248.6699981689453,248.6699981689453,2481075.0
2024-03-11 09:15:00,248.6699981689453,249.8000030517578,247.02000427246094,247.4499969482422,247.4499969482422,2665347.0
2024-03-12 09:15:00,248.99000549316406,248.99000549316406,246.00999450683594,247.4199981689453,247.4199981689453,3423643.0
2024-03-13 09:15:00,248.88999938964844,248.88999938964844,242.75,243.7100067138672,243.7100067138672,6405176.0
2024-03-14 09:15:00,244.3800048828125,245.89999389648438,242.27999877929688,245.38999938964844,245.38999938964844,5265364.0
2024-03-15 09:15:00,244.89999389648438,245.3800048828125,242.66000366210938,243.8000030517578,243.8000030517578,4300512.0
2024-03-18 09:15:00,251.10000610351562,251.10000610351562,242.5800018310547,243.97999572753906,243.97999572753906,2498791.0
2024-03-19 09:15:00,243.97000122070312,243.97999572753906,241.3699951171875,241.60000610351562,241.60000610351562,5084257.0
2024-03-20 09:15:00,242.99000549316406,242.99000549316406,240.5399932861328,241.5800018310547,241.5800018310547,3185502.0
2024-03-21 09:15:00,243.8000030517578,248.85000610351562,242.17999267578125,243.99000549316406,243.99000549316406,2700220.0
2024-03-22 09:15:00,244.77999877929688,245.39999389648438,242.5,244.74000549316406,244.74000549316406,2791975.0
2024-03-26 09:15:00,243.25,246.10000610351562,241.75,243.7899932861328,243.7899932861328,2081929.0
2024-03-27 09:15:00,247.0,247.0,240.75,244.9600067138672,244.9600067138672,2872065.0
2024-03-28 09:15:00,246.10000610351562,248.69000244140625,243.8800048828125,246.9600067138672,246.9600067138672,6478348.0
2024-04-01 09:15:00,254.35000610351562,254.35000610351562,246.47999572753906,248.19000244140625,248.19000244140625,3790598.0
2024-04-02 09:15:00,248.97000122070312,249.47999572753906,246.64999389648438,248.64999389648438,248.64999389648438,3149309.0
2024-04-03 09:15:00,248.99000549316406,249.47999572753906,246.17999267578125,248.58999633789062,248.58999633789062,3198165.0
2024-04-04 09:15:00,249.58999633789062,250.60000610351562,247.22999572753906,249.22999572753906,249.22999572753906,4608393.0
2024-04-05 09:15:00,248.11000061035156,250.1699981689453,248.10000610351562,249.0500030517578,249.0500030517578,3465548.0
2024-04-08 09:15:00,250.47000122070312,250.9499969482422,248.17999267578125,250.75,250.75,3969874.0
2024-04-09 09:15:00,251.8000030517578,252.5800018310547,250.3800048828125,250.74000549316406,250.74000549316406,2377677.0
2024-04-10 09:15:00,254.69000244140625,254.69000244140625,246.1999969482422,251.57000732421875,251.57000732421875,1965414.0
2024-04-12 09:15:00,251.99000549316406,253.10000610351562,249.2100067138672,249.55999755859375,249.55999755859375,4396942.0
2024-04-15 09:15:00,249.47999572753906,249.99000549316406,245.99000549316406,246.8699951171875,246.8699951171875,6430760.0
2024-04-16 09:15:00,246.99000549316406,246.99000549316406,244.64999389648438,245.52000427246094,245.52000427246094,3797719.0
2024-04-18 09:15:00,252.89999389648438,252.89999389648438,243.35000610351562,243.94000244140625,243.94000244140625,5926321.0
2024-04-19 09:15:00,243.47999572753906,245.6999969482422,241.30999755859375,245.52999877929688,245.52999877929688,5776197.0
2024-04-22 09:15:00,246.08999633789062,247.89999389648438,245.67999267578125,247.30999755859375,247.30999755859375,2726803.0
2024-04-23 09:15:00,249.99000549316406,249.99000549316406,246.5,247.82000732421875,247.82000732421875,3366922.0
2024-04-24 09:15:00,249.75,249.75,247.52000427246094,247.94000244140625,247.94000244140625,2884108.0
2024-04-25 09:15:00,248.99000549316406,249.9499969482422,246.27999877929688,249.27000427246094,249.27000427246094,2917065.0
2024-04-26 09:15:00,248.5800018310547,250.8800048828125,248.0500030517578,248.44000244140625,248.44000244140625,2966668.0
2024-04-29 09:15:00,246.3000030517578,251.39999389648438,246.3000030517578,250.58999633789062,250.58999633789062,2488639.0
2024-04-30 09:15:00,252.99000549316406,252.99000549316406,247.00999450683594,250.05999755859375,250.05999755859375,4222247.0
2024-05-02 09:15:00,250.99000549316406,251.3000030517578,249.0500030517578,250.83999633789062,250.83999633789062,2207630.0
2024-05-03 09:15:00,252.57000732421875,252.5800018310547,247.66000366210938,248.75,248.75,5320196.0
2024-05-06 09:15:00,250.99000549316406,250.99000549316406,248.0,248.3699951171875,248.3699951171875,3073791.0
2024-05-07 09:15:00,253.88999938964844,253.88999938964844,245.25,247.11000061035156,247.11000061035156,4133952.0
2024-05-08 09:15:00,249.88999938964844,249.88999938964844,245.1199951171875,247.24000549316406,247.24000549316406,3689202.0
2024-05-09 09:15:00,247.8699951171875,247.8699951171875,243.1999969482422,243.49000549316406,243.49000549316406,7256780.0
2024-05-10 09:15:00,244.00999450683594,245.6699981689453,243.0800018310547,244.97000122070312,244.97000122070312,4616640.0
2024-05-13 09:15:00,252.3000030517578,252.3000030517578,242.27000427246094,245.16000366210938,245.16000366210938,5278644.0
2024-05-14 09:15:00,249.88999938964844,249.88999938964844,243.6999969482422,246.61000061035156,246.61000061035156,2697896.0
2024-05-15 09:15:00,249.58999633789062,249.58999633789062,245.0,246.4199981689453,246.4199981689453,3575694.0
2024-05-16 09:15:00,247.99000549316406,248.5,244.91000366210938,248.17999267578125,248.17999267578125,5522327.0
2024-05-17 09:15:00,249.99000549316406,249.99000549316406,247.00999450683594,248.72999572753906,248.72999572753906,2252484.0
2024-05-21 09:15:00,247.47999572753906,250.25,247.47999572753906,249.74000549316406,249.74000549316406,2440079.0
2024-05-22 09:15:00,250.99000549316406,250.99000549316406,249.2899932861328,250.36000061035156,250.36000061035156,2004555.0
2024-05-23 09:15:00,251.99000549316406,254.74000549316406,249.5500030517578,254.2899932861328,254.2899932861328,4372965.0
2024-05-24 09:15:00,254.6699981689453,255.7100067138672,253.0800018310547,254.97999572753906,254.97999572753906,3997986.0
2024-05-27 09:15:00,254.17999267578125,256.760009765625,254.00999450683594,254.72000122070312,254.72000122070312,4692320.0
2024-05-28 09:15:00,255.57000732421875,255.5800018310547,254.0,254.1999969482422,254.1999969482422,3948285.0
2024-05-29 09:15:00,253.8800048828125,253.97999572753906,252.10000610351562,252.3699951171875,252.3699951171875,9056708.0
2024-05-30 09:15:00,253.85000610351562,253.85000610351562,249.50999450683594,250.35000610351562,250.35000610351562,11938743.0
2024-05-31 09:15:00,251.6699981689453,252.1199951171875,250.0,251.14999389648438,251.14999389648438,9390922.0
2024-06-03 09:15:00,258.70001220703125,265.0,252.3000030517578,258.1400146484375,258.1400146484375,12024096.0
2024-06-04 09:15:00,259.8699951171875,260.2799987792969,246.5,250.47999572753906,250.47999572753906,32496763.0
2024-06-05 09:15:00,253.99000549316406,254.35000610351562,242.1300048828125,251.3000030517578,251.3000030517578,12906944.0
2024-06-06 09:15:00,252.99000549316406,254.10000610351562,250.00999450683594,252.97999572753906,252.97999572753906,10376673.0
2024-06-07 09:15:00,253.8800048828125,258.80999755859375,252.19000244140625,258.4200134277344,258.4200134277344,10360501.0
2024-06-10 09:15:00,259.45001220703125,259.6199951171875,257.3999938964844,257.94000244140625,257.94000244140625,6736253.0
2024-06-11 09:15:00,258.3500061035156,259.6199951171875,257.0199890136719,258.79998779296875,258.79998779296875,5202122.0
2024-06-12 09:15:00,261.989990234375,261.989990234375,257.8500061035156,259.3900146484375,259.3900146484375,4455590.0
2024-06-13 09:15:00,260.0,260.739990234375,259.2799987792969,260.29998779296875,260.29998779296875,3390549.0
2024-06-14 09:15:00,260.6499938964844,261.0,259.4599914550781,260.6499938964844,260.6499938964844,3245931.0
2024-06-18 09:15:00,260.67999267578125,262.5,260.6499938964844,261.55999755859375,261.55999755859375,3818320.0
2024-06-19 09:15:00,262.5,262.67999267578125,260.1099853515625,261.3800048828125,261.3800048828125,3672586.0
2024-06-20 09:15:00,261.95001220703125,262.3500061035156,260.4800109863281,261.7200012207031,261.7200012207031,3072246.0
2024-06-21 09:15:00,263.989990234375,263.989990234375,260.010009765625,260.8699951171875,260.8699951171875,2541648.0
2024-06-24 09:15:00,260.489990234375,261.94000244140625,259.1000061035156,261.6600036621094,261.6600036621094,3509413.0
2024-06-25 09:15:00,262.3500061035156,263.8999938964844,255.0,263.5899963378906,263.5899963378906,3082603.0
2024-06-26 09:15:00,264.7799987792969,265.25,262.17999267578125,265.010009765625,265.010009765625,4730569.0
2024-06-27 09:15:00,264.760009765625,267.44000244140625,264.3999938964844,266.95001220703125,266.95001220703125,4384721.0
2024-06-28 09:15:00,267.8800048828125,268.5,266.95001220703125,267.4800109863281,267.4800109863281,3080540.0
2024-07-01 09:15:00,267.989990234375,269.0,267.0,268.29998779296875,268.29998779296875,2611003.0
2024-07-02 09:15:00,271.989990234375,271.989990234375,268.04998779296875,269.0299987792969,269.0299987792969,3063439.0
2024-07-03 09:15:00,269.3800048828125,271.3800048828125,269.1499938964844,270.2300109863281,270.2300109863281,2095570.0
2024-07-04 09:15:00,271.489990234375,271.70001220703125,270.17999267578125,270.5299987792969,270.5299987792969,2563485.0
2024-07-05 09:15:00,271.989990234375,271.989990234375,269.30999755859375,270.5299987792969,270.5299987792969,3971873.0
2024-07-08 09:15:00,270.1199951171875,271.45001220703125,269.6000061035156,270.0400085449219,270.0400085449219,2632351.0
2024-07-09 09:15:00,270.19000244140625,271.489990234375,269.6199951171875,271.3800048828125,271.3800048828125,2627020.0
2024-07-10 09:15:00,272.2799987792969,272.2799987792969,268.6099853515625,270.9200134277344,270.9200134277344,3795056.0
2024-07-11 09:15:00,274.989990234375,274.989990234375,269.5199890136719,270.75,270.75,1888571.0
2024-07-12 09:15:00,271.5899963378906,273.0,270.6199951171875,271.94000244140625,271.94000244140625,3530285.0
2024-07-15 09:15:00,271.5,273.8800048828125,271.5,273.0899963378906,273.0899963378906,2427339.0
2024-07-16 09:15:00,273.19000244140625,274.1499938964844,272.3999938964844,273.54998779296875,273.54998779296875,1824955.0
2024-07-18 09:15:00,274.989990234375,275.82000732421875,272.1000061035156,275.510009765625,275.510009765625,3867728.0
2024-07-19 09:15:00,276.4800109863281,276.4800109863281,273.0,273.2900085449219,273.2900085449219,3324928.0
2024-07-22 09:15:00,273.29998779296875,273.989990234375,271.1099853515625,272.45001220703125,272.45001220703125,3006223.0
2024-07-23 09:15:00,272.75,273.5,268.1099853515625,272.6400146484375,272.6400146484375,4876326.0
2024-07-24 09:15:00,272.7699890136719,272.7799987792969,270.75,271.8900146484375,271.8900146484375,2548487.0
2024-07-25 09:15:00,270.7799987792969,272.29998779296875,269.2799987792969,271.9200134277344,271.9200134277344,2319944.0
2024-07-26 09:15:00,272.29998779296875,276.25,271.5,276.05999755859375,276.05999755859375,3223740.0
2024-07-29 09:15:00,276.8999938964844,278.20001220703125,276.1000061035156,276.67999267578125,276.67999267578125,4617813.0
2024-07-30 09:15:00,268.3999938964844,277.9599914550781,268.3999938964844,277.1000061035156,277.1000061035156,2437790.0
2024-07-31 09:15:00,277.20001220703125,278.0899963378906,276.79998779296875,277.75,277.75,2269854.0
2024-08-01 09:15:00,273.010009765625,279.1099853515625,273.010009765625,278.3299865722656,278.3299865722656,2168947.0
2024-08-02 09:15:00,276.6700134277344,277.2799987792969,275.5,275.69000244140625,275.69000244140625,4084372.0
2024-08-05 09:15:00,272.989990234375,273.0,266.55999755859375,269.4800109863281,269.4800109863281,13751283.0
2024-08-06 09:15:00,271.8800048828125,272.94000244140625,267.20001220703125,267.6099853515625,267.6099853515625,6302805.0
2024-08-07 09:15:00,269.5,271.44000244140625,269.17999267578125,271.1000061035156,271.1000061035156,3838129.0
2024-08-08 09:15:00,270.75,271.17999267578125,268.75,269.3299865722656,269.3299865722656,4551976.0
2024-08-09 09:15:00,271.5,272.3299865722656,270.80999755859375,271.5899963378906,271.5899963378906,2441768.0
2024-08-12 09:15:00,271.7699890136719,272.79998779296875,270.25,271.44000244140625,271.44000244140625,2920334.0
2024-08-13 09:15:00,271.8699951171875,271.95001220703125,269.1000061035156,269.5199890136719,269.5199890136719,2549565.0
2024-08-14 09:15:00,269.95001220703125,270.5,269.1000061035156,269.3399963378906,269.3399963378906,2010384.0
2024-08-16 09:15:00,271.7799987792969,274.1400146484375,270.29998779296875,273.80999755859375,273.80999755859375,3604925.0
2024-08-19 09:15:00,274.3900146484375,275.4800109863281,273.8999938964844,274.42999267578125,274.42999267578125,3056786.0
2024-08-20 09:15:00,274.95001220703125,276.25,274.3800048828125,275.8299865722656,275.8299865722656,2983519.0
2024-08-21 09:15:00,275.95001220703125,276.3399963378906,275.0199890136719,276.1199951171875,276.1199951171875,2775651.0
2024-08-22 09:15:00,276.989990234375,277.489990234375,276.0799865722656,276.4800109863281,276.4800109863281,2065644.0
2024-08-23 09:15:00,275.7799987792969,277.1499938964844,275.7799987792969,276.6000061035156,276.6000061035156,2028374.0
2024-08-26 09:15:00,278.0,279.1099853515625,276.7799987792969,278.8399963378906,278.8399963378906,5516458.0
2024-08-27 09:15:00,279.1499938964844,279.3500061035156,278.0899963378906,278.70001220703125,278.70001220703125,2003702.0
2024-08-28 09:15:00,278.3900146484375,280.0199890136719,278.29998779296875,278.94000244140625,278.94000244140625,2895486.0
2024-08-29 09:15:00,280.6000061035156,280.6000061035156,278.3800048828125,280.1000061035156,280.1000061035156,3033605.0
2024-08-30 09:15:00,281.3699951171875,281.75,279.8800048828125,281.0799865722656,281.0799865722656,3094823.0
2024-09-02 09:15:00,280.010009765625,283.989990234375,280.010009765625,281.45001220703125,281.45001220703125,3219489.0
2024-09-03 09:15:00,281.7300109863281,282.20001220703125,281.25,281.7200012207031,281.7200012207031,1419607.0
2024-09-04 09:15:00,281.3999938964844,281.5,278.7799987792969,281.2799987792969,281.2799987792969,3292407.0
2024-09-05 09:15:00,282.0,282.3500061035156,280.260009765625,280.42999267578125,280.42999267578125,2636615.0
2024-09-06 09:15:00,280.2799987792969,280.5799865722656,277.20001220703125,277.82000732421875,277.82000732421875,4557515.0
2024-09-09 09:15:00,277.8800048828125,278.44000244140625,276.4800109863281,277.67999267578125,277.67999267578125,4745366.0
2024-09-10 09:15:00,278.3500061035156,279.9599914550781,277.25,279.20001220703125,279.20001220703125,1989349.0
2024-09-11 09:15:00,279.5799865722656,279.7900085449219,277.19000244140625,277.5400085449219,277.5400085449219,2708614.0
2024-09-12 09:15:00,278.4800109863281,283.20001220703125,278.260009765625,282.7099914550781,282.7099914550781,5102965.0
2024-09-13 09:15:00,283.6499938964844,283.75,281.7099914550781,283.19000244140625,283.19000244140625,3190792.0
2024-09-16 09:15:00,283.5,284.1499938964844,283.0,283.2699890136719,283.2699890136719,1735697.0
2024-09-17 09:15:00,283.4700012207031,284.1000061035156,282.8299865722656,283.8900146484375,283.8900146484375,1608792.0
2024-09-18 09:15:00,284.2799987792969,284.5199890136719,282.20001220703125,283.3599853515625,283.3599853515625,3653989.0
2024-09-19 09:15:00,283.3800048828125,285.70001220703125,283.3800048828125,283.9200134277344,283.9200134277344,3644271.0
2024-09-20 09:15:00,284.3500061035156,287.70001220703125,283.75,287.1000061035156,287.1000061035156,4783991.0
2024-09-23 09:15:00,288.05999755859375,290.1000061035156,287.4100036621094,289.3399963378906,289.3399963378906,10001956.0
2024-09-24 09:15:00,289.7699890136719,289.8800048828125,288.5,289.29998779296875,289.29998779296875,2246891.0
2024-09-25 09:15:00,289.3800048828125,290.42999267578125,288.510009765625,290.0899963378906,290.0899963378906,2051116.0
2024-09-26 09:15:00,290.3900146484375,291.9100036621094,289.3800048828125,291.54998779296875,291.54998779296875,12493484.0
2024-09-27 09:15:00,291.95001220703125,292.5,291.3500061035156,291.9700012207031,291.9700012207031,2748665.0
2024-09-30 09:15:00,283.20001220703125,293.989990234375,283.20001220703125,288.3800048828125,288.3800048828125,6402198.0
2024-10-01 09:15:00,288.7799987792969,289.32000732421875,287.5,288.2699890136719,288.2699890136719,5076492.0
2024-10-03 09:15:00,286.4800109863281,286.9700012207031,282.04998779296875,282.69000244140625,282.69000244140625,14022327.0
2024-10-04 09:15:00,283.19000244140625,284.510009765625,279.3500061035156,280.1499938964844,280.1499938964844,11510706.0
2024-10-07 09:15:00,281.45001220703125,281.5799865722656,276.0799865722656,278.010009765625,278.010009765625,10673683.0
2024-10-08 09:15:00,278.989990234375,279.8500061035156,276.6600036621094,279.3999938964844,279.3999938964844,6795305.0
2024-10-09 09:15:00,281.989990234375,281.989990234375,278.2300109863281,278.7200012207031,278.7200012207031,5937406.0
2024-10-10 09:15:00,280.989990234375,280.989990234375,279.0,279.29998779296875,279.29998779296875,3029027.0
2024-10-11 09:15:00,282.0,287.70001220703125,277.510009765625,278.7200012207031,278.7200012207031,2633798.0
2024-10-14 09:15:00,280.989990234375,280.989990234375,278.0,280.760009765625,280.760009765625,2561956.0
2024-10-15 09:15:00,282.0,282.0899963378906,279.3299865722656,279.8299865722656,279.8299865722656,2761766.0
2024-10-16 09:15:00,281.989990234375,281.989990234375,278.1600036621094,278.5,278.5,3740046.0
2024-10-17 09:15:00,279.239990234375,279.3500061035156,276.29998779296875,276.69000244140625,276.69000244140625,4321550.0
2024-10-18 09:15:00,278.989990234375,278.989990234375,274.5,277.5299987792969,277.5299987792969,5554110.0
2024-10-21 09:15:00,279.989990234375,279.989990234375,275.44000244140625,276.4700012207031,276.4700012207031,3907822.0
2024-10-22 09:15:00,276.2799987792969,277.7300109863281,273.2300109863281,273.55999755859375,273.55999755859375,6822604.0
2024-10-23 09:15:00,274.04998779296875,274.94000244140625,272.3900146484375,273.0899963378906,273.0899963378906,4257913.0
2024-10-24 09:15:00,273.7799987792969,273.7799987792969,271.9200134277344,272.1199951171875,272.1199951171875,4052229.0
2024-10-25 09:15:00,271.79998779296875,275.0,269.0,270.4800109863281,270.4800109863281,7731361.0
2024-10-28 09:15:00,272.989990234375,273.7300109863281,269.79998779296875,271.9700012207031,271.9700012207031,3506121.0
2024-10-29 09:15:00,272.70001220703125,273.79998779296875,270.010009765625,273.5899963378906,273.5899963378906,3287228.0
2024-10-30 09:15:00,273.9800109863281,273.9800109863281,271.82000732421875,272.1600036621094,272.1600036621094,3688258.0
2024-10-31 09:15:00,273.989990234375,273.989990234375,270.3999938964844,270.6400146484375,270.6400146484375,4258360.0
2024-11-01 09:15:00,270.6400146484375,270.6400146484375,270.6400146484375,270.6400146484375,270.6400146484375,0.0
2024-11-04 09:15:00,273.989990234375,273.989990234375,266.3299865722656,268.4700012207031,268.4700012207031,11591641.0
2024-11-05 09:15:00,268.67999267578125,271.0,266.7099914550781,270.7900085449219,270.7900085449219,6535461.0
2024-11-06 09:15:00,272.17999267578125,274.3999938964844,270.67999267578125,273.9100036621094,273.9100036621094,5400702.0
2024-11-07 09:15:00,274.0,274.3900146484375,270.4100036621094,270.70001220703125,270.70001220703125,6401638.0
2024-11-08 09:15:00,271.17999267578125,271.4800109863281,269.1700134277344,270.0299987792969,270.0299987792969,3450036.0
2024-11-11 09:15:00,272.9800109863281,272.9800109863281,268.42999267578125,269.9599914550781,269.9599914550781,2992617.0
2024-11-12 09:15:00,272.9800109863281,272.989990234375,266.80999755859375,267.17999267578125,267.17999267578125,5341383.0
2024-11-13 09:15:00,268.9800109863281,268.989990234375,263.0,263.6400146484375,263.6400146484375,8889949.0
2024-11-14 09:15:00,265.6499938964844,265.6499938964844,255.75,263.57000732421875,263.57000732421875,5120603.0
2024-11-18 09:15:00,264.989990234375,265.0799865722656,261.25,262.4700012207031,262.4700012207031,8197295.0
2024-11-19 09:15:00,264.989990234375,265.989990234375,262.3800048828125,263.07000732421875,263.07000732421875,4609280.0
2024-11-21 09:15:00,264.95001220703125,264.95001220703125,260.5199890136719,261.2900085449219,261.2900085449219,6590027.0
2024-11-22 09:15:00,262.989990234375,267.3399963378906,261.05999755859375,266.8599853515625,266.8599853515625,4698150.0
2024-11-25 09:15:00,270.989990234375,271.79998779296875,269.30999755859375,270.7300109863281,270.7300109863281,5638169.0
2024-11-26 09:15:00,273.989990234375,273.989990234375,269.8999938964844,270.5400085449219,270.5400085449219,2784763.0
2024-11-27 09:15:00,272.989990234375,272.989990234375,270.0,271.5400085449219,271.5400085449219,2965669.0
2024-11-28 09:15:00,273.989990234375,273.989990234375,267.2099914550781,267.67999267578125,267.67999267578125,7297078.0
2024-11-29 09:15:00,269.989990234375,270.55999755859375,267.0,269.8800048828125,269.8800048828125,2914887.0
2024-12-02 09:15:00,271.989990234375,271.989990234375,267.5,271.3800048828125,271.3800048828125,3658932.0
2024-12-03 09:15:00,271.9800109863281,273.20001220703125,271.2200012207031,272.9800109863281,272.9800109863281,4476267.0
2024-12-04 09:15:00,273.94000244140625,274.1000061035156,272.1000061035156,273.42999267578125,273.42999267578125,4346149.0
2024-12-05 09:15:00,273.45001220703125,277.5299987792969,271.79998779296875,275.9200134277344,275.9200134277344,9175178.0
2024-12-06 09:15:00,277.989990234375,277.989990234375,275.0400085449219,275.8800048828125,275.8800048828125,2961505.0
2024-12-09 09:15:00,276.989990234375,276.989990234375,274.69000244140625,275.1400146484375,275.1400146484375,2967859.0
2024-12-10 09:15:00,276.7799987792969,276.7799987792969,274.1099853515625,274.67999267578125,274.67999267578125,3415307.0
2024-12-11 09:15:00,275.989990234375,275.989990234375,273.010009765625,274.9700012207031,274.9700012207031,2833637.0
2024-12-12 09:15:00,275.989990234375,276.239990234375,273.010009765625,274.1000061035156,274.1000061035156,1908359.0
2024-12-13 09:15:00,274.8800048828125,276.3900146484375,269.8999938964844,276.0799865722656,276.0799865722656,7700562.0
2024-12-16 09:15:00,276.8900146484375,276.8900146484375,274.79998779296875,275.4800109863281,275.4800109863281,2865850.0
2024-12-17 09:15:00,275.8900146484375,275.8900146484375,271.79998779296875,272.2200012207031,272.2200012207031,6074128.0
2024-12-18 09:15:00,271.6099853515625,272.989990234375,270.1499938964844,270.70001220703125,270.70001220703125,3250492.0
2024-12-19 09:15:00,269.989990234375,276.4200134277344,266.2200012207031,268.3900146484375,268.3900146484375,5761931.0
2024-12-20 09:15:00,267.1099853515625,269.32000732421875,263.70001220703125,264.1499938964844,264.1499938964844,8707518.0
2024-12-23 09:15:00,266.989990234375,269.0,264.54998779296875,265.6600036621094,265.6600036621094,3259504.0
2024-12-24 09:15:00,264.6199951171875,266.8800048828125,264.6199951171875,265.489990234375,265.489990234375,2225487.0
2024-12-26 09:15:00,257.54998779296875,269.8500061035156,257.54998779296875,265.6700134277344,265.6700134277344,2230343.0
2024-12-27 09:15:00,265.04998779296875,267.5,265.04998779296875,266.3900146484375,266.3900146484375,1920316.0
2024-12-30 09:15:00,267.7699890136719,267.7699890136719,263.95001220703125,264.3699951171875,264.3699951171875,3231585.0
2024-12-31 09:15:00,262.70001220703125,265.0,262.510009765625,264.4700012207031,264.4700012207031,3333212.0
2025-01-01 09:15:00,264.4700012207031,266.2799987792969,263.5,265.5899963378906,265.5899963378906,2402521.0
2025-01-02 09:15:00,266.989990234375,270.2300109863281,265.20001220703125,269.8900146484375,269.8900146484375,4665341.0
2025-01-03 09:15:00,270.0,270.989990234375,268.05999755859375,268.4100036621094,268.4100036621094,5421954.0
2025-01-06 09:15:00,268.04998779296875,269.6000061035156,263.6099853515625,264.4800109863281,264.4800109863281,8357958.0
2025-01-07 09:15:00,266.25,266.25,263.7099914550781,265.1600036621094,265.1600036621094,3881642.0
2025-01-08 09:15:00,265.95001220703125,266.0400085449219,262.79998779296875,264.9200134277344,264.9200134277344,5056466.0
2025-01-09 09:15:00,264.75,265.5,262.8999938964844,263.1499938964844,263.1499938964844,3929443.0
2025-01-10 09:15:00,263.25,263.8699951171875,261.1499938964844,262.2200012207031,262.2200012207031,4496919.0
2025-01-13 09:15:00,261.5,261.8999938964844,258.010009765625,258.3999938964844,258.3999938964844,11388279.0
2025-01-14 09:15:00,260.95001220703125,260.95001220703125,258.45001220703125,259.260009765625,259.260009765625,4342336.0
2025-01-15 09:15:00,260.25,260.4800109863281,258.7699890136719,259.5799865722656,259.5799865722656,3630304.0
2025-01-16 09:15:00,260.95001220703125,261.70001220703125,260.010009765625,260.7200012207031,260.7200012207031,3410394.0
2025-01-17 09:15:00,260.79998779296875,260.79998779296875,258.6000061035156,259.7699890136719,259.7699890136719,3351166.0
2025-01-20 09:15:00,259.7699890136719,261.8800048828125,259.4100036621094,261.2900085449219,261.2900085449219,4871545.0
2025-01-21 09:15:00,262.2900085449219,262.4700012207031,257.3399963378906,257.9100036621094,257.9100036621094,8501767.0
2025-01-22 09:15:00,259.79998779296875,259.79998779296875,257.17999267578125,258.8500061035156,258.8500061035156,5660999.0
2025-01-23 09:15:00,259.0,260.32000732421875,257.67999267578125,259.510009765625,259.510009765625,3506635.0
2025-01-24 09:15:00,260.29998779296875,260.95001220703125,257.70001220703125,258.19000244140625,258.19000244140625,5458441.0
2025-01-27 09:15:00,257.489990234375,257.67999267578125,255.13999938964844,255.69000244140625,255.69000244140625,10984113.0
2025-01-28 09:15:00,257.0,259.1400146484375,255.9499969482422,257.3299865722656,257.3299865722656,6575668.0
2025-01-29 09:15:00,258.5,259.5,257.20001220703125,259.3800048828125,259.3800048828125,4481256.0
2025-01-30 09:15:00,259.04998779296875,260.9800109863281,259.0,260.2200012207031,260.2200012207031,6330889.0
2025-01-31 09:15:00,261.0,263.1700134277344,259.70001220703125,263.0,263.0,5527550.0
2025-02-01 09:15:00,261.010009765625,264.70001220703125,261.0,262.1300048828125,262.1300048828125,9097872.0
2025-02-03 09:15:00,261.6499938964844,261.6499938964844,260.0,261.4700012207031,261.4700012207031,4023172.0
2025-02-04 09:15:00,263.0,265.2200012207031,261.489990234375,265.04998779296875,265.04998779296875,7392693.0
2025-02-05 09:15:00,265.95001220703125,265.95001220703125,265.0,265.25,265.25,3446888.0
2025-02-06 09:15:00,265.20001220703125,267.989990234375,263.8500061035156,264.3699951171875,264.3699951171875,3291441.0
2025-02-07 09:15:00,265.5,265.5,262.6000061035156,263.75,263.75,4565941.0
2025-02-10 09:15:00,265.989990234375,265.989990234375,261.20001220703125,261.8999938964844,261.8999938964844,6225361.0
2025-02-11 09:15:00,262.989990234375,262.989990234375,257.5199890136719,258.54998779296875,258.54998779296875,9321702.0
2025-02-12 09:15:00,259.75,259.75,255.60000610351562,258.2699890136719,258.2699890136719,7929756.0
2025-02-13 09:15:00,259.989990234375,260.489990234375,257.7300109863281,258.1700134277344,258.1700134277344,5078676.0
2025-02-14 09:15:00,259.989990234375,259.989990234375,255.35000610351562,256.95001220703125,256.95001220703125,7111034.0
2025-02-17 09:15:00,257.95001220703125,257.95001220703125,255.00999450683594,257.1099853515625,257.1099853515625,7379260.0
2025-02-18 09:15:00,256.2799987792969,257.70001220703125,255.39999389648438,256.8399963378906,256.8399963378906,3917336.0
2025-02-19 09:15:00,257.989990234375,258.44000244140625,255.6199951171875,256.8900146484375,256.8900146484375,5189115.0
2025-02-20 09:15:00,257.989990234375,257.989990234375,255.75,256.8500061035156,256.8500061035156,4075280.0
2025-02-21 09:15:00,257.989990234375,257.989990234375,254.8000030517578,255.52999877929688,255.52999877929688,6288816.0
2025-02-24 09:15:00,255.1999969482422,255.1999969482422,252.5,252.8699951171875,252.8699951171875,9201091.0
2025-02-25 09:15:00,252.97999572753906,253.5800018310547,252.30999755859375,252.75,252.75,3549369.0
2025-02-27 09:15:00,253.8000030517578,253.8000030517578,252.05999755859375,252.55999755859375,252.55999755859375,3567646.0
2025-02-28 09:15:00,252.9499969482422,252.9499969482422,248.0800018310547,248.4499969482422,248.4499969482422,19632154.0
2025-03-03 09:15:00,255.89999389648438,255.89999389648438,246.63999938964844,248.0500030517578,248.0500030517578,8303131.0
2025-03-04 09:15:00,247.74000549316406,247.77999877929688,246.0800018310547,247.49000549316406,247.49000549316406,7023813.0
2025-03-05 09:15:00,248.6999969482422,251.0,246.3000030517578,250.47999572753906,250.47999572753906,7030334.0
2025-03-06 09:15:00,252.89999389648438,252.89999389648438,249.42999267578125,252.75,252.75,7479954.0
2025-03-07 09:15:00,252.6999969482422,253.74000549316406,251.6999969482422,252.83999633789062,252.83999633789062,4241305.0
2025-03-10 09:15:00,252.0,254.9499969482422,251.39999389648438,251.75,251.75,5408616.0
2025-03-11 09:15:00,251.99000549316406,252.39999389648438,249.91000366210938,252.0800018310547,252.0800018310547,4474243.0
2025-03-12 09:15:00,253.99000549316406,253.99000549316406,250.35000610351562,251.74000549316406,251.74000549316406,3851048.0
2025-03-13 09:15:00,252.89999389648438,252.89999389648438,250.8000030517578,251.05999755859375,251.05999755859375,3161426.0
2025-03-17 09:15:00,251.05999755859375,253.0,250.10000610351562,252.17999267578125,252.17999267578125,3872869.0
2025-03-18 09:15:00,252.17999267578125,252.17999267578125,252.17999267578125,252.17999267578125,252.17999267578125,0.0
2025-03-19 09:15:00,256.79998779296875,256.94000244140625,255.47999572753906,256.70001220703125,256.70001220703125,3869286.0
2025-03-20 09:15:00,258.989990234375,259.6000061035156,256.70001220703125,259.32000732421875,259.32000732421875,8219907.0
2025-03-21 09:15:00,260.0,261.5899963378906,258.5799865722656,261.0899963378906,261.0899963378906,9249804.0
2025-03-24 09:15:00,261.6199951171875,265.30999755859375,261.010009765625,264.8999938964844,264.8999938964844,9310805.0
2025-03-25 09:15:00,266.5,266.82000732421875,256.95001220703125,264.7300109863281,264.7300109863281,12909271.0
2025-03-26 09:15:00,264.1000061035156,265.5,262.5199890136719,262.8999938964844,262.8999938964844,5258667.0
2025-03-27 09:15:00,263.2799987792969,264.2699890136719,262.1000061035156,263.7300109863281,263.7300109863281,3874025.0
2025-03-28 09:15:00,263.5299987792969,264.4800109863281,262.510009765625,263.2099914550781,263.2099914550781,8641606.0
2025-04-01 09:15:00,262.3800048828125,263.6700134277344,259.3800048828125,259.6000061035156,259.6000061035156,12629562.0
2025-04-02 09:15:00,260.70001220703125,261.8500061035156,259.1099853515625,261.6400146484375,261.6400146484375,9509451.0
2025-04-03 09:15:00,260.8999938964844,261.1000061035156,259.0299987792969,260.4599914550781,260.4599914550781,6186200.0
2025-04-04 09:15:00,260.4800109863281,260.5799865722656,256.4800109863281,257.1600036621094,257.1600036621094,9233464.0
2025-04-07 09:15:00,264.8500061035156,264.8500061035156,231.3000030517578,249.10000610351562,249.10000610351562,34654934.0
2025-04-08 09:15:00,256.54998779296875,256.54998779296875,249.75999450683594,252.72000122070312,252.72000122070312,9860513.0
2025-04-09 09:15:00,251.72000122070312,252.67999267578125,250.6199951171875,251.02999877929688,251.02999877929688,7144236.0
2025-04-11 09:15:00,255.99000549316406,256.8999938964844,251.22999572753906,255.97000122070312,255.97000122070312,10802170.0
2025-04-15 09:15:00,260.0,262.8800048828125,258.29998779296875,260.8699951171875,260.8699951171875,6445385.0
2025-04-16 09:15:00,263.989990234375,263.989990234375,260.0299987792969,261.9100036621094,261.9100036621094,8312168.0
2025-04-17 09:15:00,262.94000244140625,266.7900085449219,260.6000061035156,266.5400085449219,266.5400085449219,9818354.0
2025-04-21 09:15:00,265.29998779296875,270.4800109863281,265.010009765625,269.70001220703125,269.70001220703125,10057258.0
2025-04-22 09:15:00,270.1099853515625,270.95001220703125,269.0,270.04998779296875,270.04998779296875,6182402.0
2025-04-23 09:15:00,272.8900146484375,272.8900146484375,269.5,271.82000732421875,271.82000732421875,9502368.0
2025-04-24 09:15:00,271.7799987792969,272.0899963378906,270.67999267578125,270.95001220703125,270.95001220703125,5049194.0
2025-04-25 09:15:00,271.8500061035156,272.29998779296875,266.7099914550781,268.6300048828125,268.6300048828125,8630692.0
2025-04-28 09:15:00,269.8900146484375,272.29998779296875,268.0,271.8999938964844,271.8999938964844,7676436.0
2025-04-29 09:15:00,273.8900146484375,273.8900146484375,270.8999938964844,271.9100036621094,271.9100036621094,12194908.0
2025-04-30 09:15:00,277.0899963378906,277.0899963378906,271.0299987792969,271.989990234375,271.989990234375,6133729.0
2025-05-02 09:15:00,274.0,275.1199951171875,270.8800048828125,271.7699890136719,271.7699890136719,9964023.0
2025-05-05 09:15:00,272.04998779296875,274.54998779296875,271.30999755859375,274.3900146484375,274.3900146484375,13220110.0
2025-05-06 09:15:00,274.8999938964844,274.8999938964844,272.1700134277344,272.6000061035156,272.6000061035156,4417654.0
2025-05-07 09:15:00,271.8999938964844,273.5899963378906,269.3900146484375,272.7900085449219,272.7900085449219,7015340.0
2025-05-08 09:15:00,273.70001220703125,273.70001220703125,270.0,271.0400085449219,271.0400085449219,6301204.0
2025-05-09 09:15:00,269.5,270.0899963378906,266.1600036621094,268.489990234375,268.489990234375,7725810.0
2025-05-12 09:15:00,272.489990234375,279.489990234375,270.8900146484375,278.94000244140625,278.94000244140625,9655176.0
2025-05-13 09:15:00,278.75,281.25,275.29998779296875,275.6499938964844,275.6499938964844,9587074.0
2025-05-14 09:15:00,276.8999938964844,277.2699890136719,274.70001220703125,276.57000732421875,276.57000732421875,5442213.0
2025-05-15 09:15:00,276.8999938964844,280.760009765625,274.70001220703125,280.1700134277344,280.1700134277344,11353337.0
2025-05-16 09:15:00,280.989990234375,280.989990234375,278.3800048828125,280.2099914550781,280.2099914550781,4485107.0
2025-05-19 09:15:00,280.04998779296875,281.3399963378906,279.0,279.2099914550781,279.2099914550781,4289298.0
2025-05-20 09:15:00,280.8900146484375,280.8900146484375,276.6199951171875,276.8900146484375,276.8900146484375,5683232.0
2025-05-21 09:15:00,276.8900146484375,279.1400146484375,276.3999938964844,277.54998779296875,277.54998779296875,4584056.0
2025-05-22 09:15:00,277.8999938964844,277.8999938964844,274.3699951171875,275.9100036621094,275.9100036621094,9101780.0
2025-05-23 09:15:00,282.0,284.19000244140625,274.9800109863281,278.3699951171875,278.3699951171875,5480146.0
2025-05-26 09:15:00,276.510009765625,280.95001220703125,276.510009765625,279.8900146484375,279.8900146484375,8040183.0
2025-05-27 09:15:00,279.8900146484375,280.8900146484375,276.8999938964844,278.25,278.25,10251014.0
2025-05-28 09:15:00,278.0,279.989990234375,277.1199951171875,277.69000244140625,277.69000244140625,4966659.0
2025-05-29 09:15:00,278.7799987792969,279.0899963378906,277.0199890136719,278.5400085449219,278.5400085449219,4632027.0
2025-05-30 09:15:00,279.8900146484375,279.8900146484375,277.7099914550781,277.9700012207031,277.9700012207031,3521102.0
2025-06-02 09:15:00,276.0,278.3800048828125,275.0,277.6000061035156,277.6000061035156,5733152.0
2025-06-03 09:15:00,278.0,278.6000061035156,275.4100036621094,275.7699890136719,275.7699890136719,7575648.0
2025-06-04 09:15:00,276.5,276.8900146484375,275.1499938964844,276.4599914550781,276.4599914550781,2785742.0
2025-06-05 09:15:00,277.8999938964844,279.3399963378906,276.3699951171875,278.04998779296875,278.04998779296875,7273297.0
2025-06-06 09:15:00,278.8999938964844,280.8500061035156,277.0,280.5,280.5,11945116.0
2025-06-09 09:15:00,281.04998779296875,282.8900146484375,281.04998779296875,281.3500061035156,281.3500061035156,4288088.0
2025-06-10 09:15:00,282.20001220703125,282.79998779296875,281.0,281.3900146484375,281.3900146484375,4557302.0
2025-06-11 09:15:00,281.75,282.79998779296875,280.5,281.8699951171875,281.8699951171875,5246351.0
2025-06-12 09:15:00,282.0,282.75,278.42999267578125,278.95001220703125,278.95001220703125,7646410.0
2025-06-13 09:15:00,276.0,277.5,274.0799865722656,277.1000061035156,277.1000061035156,6491577.0
2025-06-16 09:15:00,279.3900146484375,279.9700012207031,276.010009765625,279.70001220703125,279.70001220703125,5287546.0
2025-06-17 09:15:00,281.489990234375,281.489990234375,278.2099914550781,278.5899963378906,278.5899963378906,7113968.0
2025-06-18 09:15:00,279.8900146484375,279.8900146484375,277.3800048828125,278.239990234375,278.239990234375,3200952.0
2025-06-19 09:15:00,278.5,279.8900146484375,271.2799987792969,277.9100036621094,277.9100036621094,4330677.0
2025-06-20 09:15:00,276.510009765625,281.79998779296875,276.489990234375,281.5,281.5,11399466.0
2025-06-23 09:15:00,280.8999938964844,281.5299987792969,278.5,280.8599853515625,280.8599853515625,8963571.0
2025-06-24 09:15:00,283.8999938964844,284.239990234375,281.1700134277344,281.42999267578125,281.42999267578125,10219161.0
2025-06-25 09:15:00,282.0,283.7799987792969,281.7099914550781,283.4100036621094,283.4100036621094,3346093.0
2025-06-26 09:15:00,283.3999938964844,286.5799865722656,282.1099853515625,286.3900146484375,286.3900146484375,10212702.0
2025-06-27 09:15:00,287.0,288.2799987792969,286.44000244140625,287.9599914550781,287.9599914550781,5139824.0
2025-06-30 09:15:00,287.79998779296875,289.3900146484375,286.1099853515625,286.510009765625,286.510009765625,7928260.0
2025-07-01 09:15:00,287.8800048828125,287.8900146484375,286.30999755859375,286.8399963378906,286.8399963378906,5355172.0
2025-07-02 09:15:00,287.8900146484375,287.8900146484375,285.20001220703125,285.7799987792969,285.7799987792969,5669639.0
2025-07-03 09:15:00,286.8900146484375,287.260009765625,285.1600036621094,285.3900146484375,285.3900146484375,9806621.0
2025-07-04 09:15:00,287.8900146484375,287.8900146484375,283.010009765625,286.1099853515625,286.1099853515625,4468132.0
2025-07-07 09:15:00,287.7900085449219,287.7900085449219,284.010009765625,286.07000732421875,286.07000732421875,5191711.0
2025-07-08 09:15:00,285.8999938964844,287.19000244140625,285.29998779296875,286.9100036621094,286.9100036621094,2720142.0
2025-07-09 09:15:00,286.1099853515625,287.69000244140625,286.0,286.5,286.5,2084278.0
2025-07-10 09:15:00,285.29998779296875,287.69000244140625,285.0,285.1600036621094,285.1600036621094,4543938.0
2025-07-11 09:15:00,285.3900146484375,285.3900146484375,282.5,283.1099853515625,283.1099853515625,5335789.0
2025-07-14 09:15:00,284.3900146484375,284.3900146484375,281.69000244140625,282.7099914550781,282.7099914550781,3884074.0
2025-07-15 09:15:00,283.489990234375,284.3800048828125,282.1000061035156,283.69000244140625,283.69000244140625,5581909.0
2025-07-16 09:15:00,283.79998779296875,284.3900146484375,282.79998779296875,283.6400146484375,283.6400146484375,3091019.0
2025-07-17 09:15:00,284.989990234375,284.989990234375,282.6099853515625,282.8299865722656,282.8299865722656,3832375.0
2025-07-18 09:15:00,283.5,283.69000244140625,281.0,281.42999267578125,281.42999267578125,4485164.0
2025-07-21 09:15:00,282.7900085449219,282.7900085449219,280.3500061035156,282.260009765625,282.260009765625,3913052.0
2025-07-22 09:15:00,283.8900146484375,283.8900146484375,281.29998779296875,282.07000732421875,282.07000732421875,3289296.0
2025-07-23 09:15:00,283.69000244140625,283.70001220703125,281.29998779296875,283.5299987792969,283.5299987792969,3432968.0
2025-07-24 09:15:00,284.489990234375,284.489990234375,281.5400085449219,282.1000061035156,282.1000061035156,3352354.0
2025-07-25 09:15:00,282.1000061035156,282.19000244140625,279.8500061035156,280.0299987792969,280.0299987792969,5504460.0
2025-07-28 09:15:00,280.489990234375,280.6199951171875,278.1300048828125,278.489990234375,278.489990234375,3570644.0
2025-07-29 09:15:00,286.8399963378906,286.8399963378906,277.4100036621094,280.0899963378906,280.0899963378906,3694965.0
2025-07-30 09:15:00,281.8900146484375,281.8900146484375,278.4599914550781,280.1300048828125,280.1300048828125,3042854.0
2025-07-31 09:15:00,279.8999938964844,281.3900146484375,277.3299865722656,279.260009765625,279.260009765625,6228908.0
2025-08-01 09:15:00,280.989990234375,280.989990234375,277.0299987792969,277.3500061035156,277.3500061035156,4744556.0
2025-08-04 09:15:00,278.80999755859375,279.0199890136719,276.9800109863281,278.8500061035156,278.8500061035156,3105481.0
2025-08-05 09:15:00,279.3900146484375,279.8900146484375,277.6000061035156,278.1400146484375,278.1400146484375,3012419.0
2025-08-06 09:15:00,278.8900146484375,278.8900146484375,277.010009765625,277.30999755859375,277.30999755859375,2331607.0
2025-08-07 09:15:00,275.510009765625,277.989990234375,274.79998779296875,277.2900085449219,277.2900085449219,7435680.0
2025-08-08 09:15:00,277.8900146484375,277.8900146484375,274.79998779296875,275.1400146484375,275.1400146484375,4493882.0
2025-08-11 09:15:00,277.0,277.489990234375,274.5,277.2900085449219,277.2900085449219,2929821.0
2025-08-12 09:15:00,277.8900146484375,278.70001220703125,276.17999267578125,276.5400085449219,276.5400085449219,3767553.0
2025-08-13 09:15:00,278.8900146484375,278.8900146484375,277.010009765625,278.0199890136719,278.0199890136719,2084764.0
2025-08-14 09:15:00,278.8900146484375,278.8900146484375,275.010009765625,278.2300109863281,278.2300109863281,2919674.0
2025-08-18 09:15:00,280.1099853515625,282.42999267578125,279.7799987792969,281.07000732421875,281.07000732421875,5916142.0
2025-08-19 09:15:00,281.8900146484375,282.2200012207031,280.5799865722656,281.9599914550781,281.9599914550781,3740523.0
2025-08-20 09:15:00,282.4800109863281,282.8500061035156,281.0199890136719,282.5199890136719,282.5199890136719,2775361.0
2025-08-21 09:15:00,284.989990234375,284.989990234375,282.54998779296875,283.05999755859375,283.05999755859375,2667789.0
2025-08-22 09:15:00,283.05999755859375,283.4800109863281,280.5899963378906,280.75,280.75,3705971.0
2025-08-25 09:15:00,280.010009765625,282.2900085449219,272.3299865722656,281.67999267578125,281.67999267578125,2044353.0
2025-08-26 09:15:00,281.989990234375,281.989990234375,278.79998779296875,279.04998779296875,279.04998779296875,4753080.0
2025-08-28 09:15:00,279.7900085449219,279.7900085449219,276.6499938964844,276.92999267578125,276.92999267578125,7638066.0
2025-08-29 09:15:00,276.92999267578125,277.7900085449219,275.54998779296875,276.05999755859375,276.05999755859375,4233350.0
2025-09-01 09:15:00,276.8900146484375,278.25,275.67999267578125,278.17999267578125,278.17999267578125,2806125.0
2025-09-02 09:15:00,277.6199951171875,279.5,277.0,277.67999267578125,277.67999267578125,3594728.0
2025-09-03 09:15:00,278.69000244140625,279.20001220703125,277.010009765625,278.94000244140625,278.94000244140625,4662312.0
2025-09-04 09:15:00,282.0,282.3800048828125,277.25,279.32000732421875,279.32000732421875,3947984.0
2025-09-05 09:15:00,279.79998779296875,280.739990234375,278.20001220703125,279.6000061035156,279.6000061035156,3725303.0
2025-09-08 09:15:00,281.20001220703125,281.20001220703125,279.45001220703125,279.989990234375,279.989990234375,5102190.0
2025-09-09 09:15:00,280.8399963378906,281.989990234375,279.760009765625,280.5400085449219,280.5400085449219,3612790.0
2025-09-10 09:15:00,283.989990234375,283.989990234375,281.17999267578125,281.8399963378906,281.8399963378906,5057073.0
2025-09-11 09:15:00,281.8999938964844,282.7699890136719,281.1400146484375,282.5299987792969,282.5299987792969,3697227.0
2025-09-12 09:15:00,283.5799865722656,283.8999938964844,282.70001220703125,283.510009765625,283.510009765625,4540757.0
2025-09-15 09:15:00,282.010009765625,284.3900146484375,282.010009765625,283.1199951171875,283.1199951171875,4123724.0
2025-09-16 09:15:00,283.6400146484375,285.1000061035156,282.80999755859375,284.8900146484375,284.8900146484375,4540948.0
2025-09-17 09:15:00,285.760009765625,286.19000244140625,284.8800048828125,285.9800109863281,285.9800109863281,3838093.0
2025-09-18 09:15:00,286.9800109863281,287.5400085449219,285.010009765625,286.70001220703125,286.70001220703125,4222056.0
2025-09-19 09:15:00,295.29998779296875,295.29998779296875,285.29998779296875,285.8999938964844,285.8999938964844,3726008.0
2025-09-22 09:15:00,285.4800109863281,285.7900085449219,284.1099853515625,284.489990234375,284.489990234375,3043743.0
2025-09-23 09:15:00,285.3900146484375,285.3900146484375,283.010009765625,284.3500061035156,284.3500061035156,4375351.0
2025-09-24 09:15:00,282.010009765625,284.80999755859375,282.010009765625,282.8800048828125,282.8800048828125,4265674.0
2025-09-25 09:15:00,283.69000244140625,283.69000244140625,281.010009765625,281.239990234375,281.239990234375,3036126.0
2025-09-26 09:15:00,281.69000244140625,281.69000244140625,278.489990234375,278.739990234375,278.739990234375,5597250.0
2025-09-29 09:15:00,279.989990234375,280.25,278.19000244140625,278.5400085449219,278.5400085449219,4201038.0
2025-09-30 09:15:00,279.989990234375,279.989990234375,277.25,277.5199890136719,277.5199890136719,9051079.0
2025-10-01 09:15:00,276.6600036621094,280.6300048828125,270.5799865722656,280.510009765625,280.510009765625,4924597.0
2025-10-03 09:15:00,280.8900146484375,281.30999755859375,279.0799865722656,281.1600036621094,281.1600036621094,4867050.0
2025-10-06 09:15:00,281.5799865722656,283.20001220703125,280.70001220703125,283.07000732421875,283.07000732421875,5511685.0
2025-10-07 09:15:00,283.489990234375,284.5,282.6400146484375,283.4100036621094,283.4100036621094,6204149.0
2025-10-08 09:15:00,283.75,284.17999267578125,282.010009765625,282.3800048828125,282.3800048828125,5658365.0
2025-10-09 09:15:00,282.8800048828125,284.239990234375,282.239990234375,284.04998779296875,284.04998779296875,3985452.0
2025-10-10 09:15:00,284.7799987792969,285.95001220703125,282.010009765625,285.5199890136719,285.5199890136719,3912389.0
2025-10-13 09:15:00,285.1499938964844,285.1499938964844,283.69000244140625,284.6400146484375,284.6400146484375,3939547.0
2025-10-14 09:15:00,286.3900146484375,286.3900146484375,282.9200134277344,283.69000244140625,283.69000244140625,4983304.0
2025-10-15 09:15:00,284.2799987792969,286.45001220703125,283.7300109863281,286.07000732421875,286.07000732421875,5644935.0
2025-10-16 09:15:00,277.489990234375,289.0,277.489990234375,288.70001220703125,288.70001220703125,8482862.0
2025-10-17 09:15:00,288.69000244140625,290.95001220703125,287.8599853515625,290.1700134277344,290.1700134277344,10588073.0
2025-10-20 09:15:00,292.489990234375,292.5400085449219,289.010009765625,291.8599853515625,291.8599853515625,7601294.0
2025-10-21 09:15:00,292.9200134277344,292.9200134277344,291.489990234375,291.8699951171875,291.8699951171875,1818933.0
2025-10-23 09:15:00,293.1300048828125,295.3800048828125,291.8800048828125,292.3900146484375,292.3900146484375,8327299.0
2025-10-27 09:15:00,294.17999267578125,294.3299865722656,290.010009765625,293.3500061035156,293.3500061035156,6459908.0
2025-10-28 09:15:00,294.989990234375,294.989990234375,292.0,293.1000061035156,293.1000061035156,5695772.0
2025-10-29 09:15:00,291.010009765625,294.8999938964844,291.010009765625,294.5,294.5,5829864.0
2025-10-30 09:15:00,294.989990234375,294.989990234375,291.9100036621094,292.5799865722656,292.5799865722656,4522400.0
2025-10-31 09:15:00,295.0,295.0,290.8999938964844,291.0799865722656,291.0799865722656,4443200.0
2025-11-03 09:15:00,292.7900085449219,292.7900085449219,290.04998779296875,291.3500061035156,291.3500061035156,6786625.0
2025-11-04 09:15:00,291.5400085449219,291.6400146484375,289.5,289.5899963378906,289.5899963378906,5283417.0
2025-11-06 09:15:00,290.3999938964844,290.3999938964844,287.9800109863281,288.239990234375,288.239990234375,6869446.0
2025-11-07 09:15:00,288.239990234375,289.1600036621094,286.3500061035156,288.44000244140625,288.44000244140625,5882266.0
2025-11-10 09:15:00,289.8900146484375,290.29998779296875,288.1300048828125,289.489990234375,289.489990234375,4884041.0
2025-11-11 09:15:00,287.010009765625,291.0799865722656,287.010009765625,290.82000732421875,290.82000732421875,3812506.0
2025-11-12 09:15:00,292.2900085449219,293.1000061035156,291.54998779296875,292.7200012207031,292.7200012207031,4219988.0
2025-11-13 09:15:00,293.2099914550781,293.75,291.75,292.3900146484375,292.3900146484375,5561716.0
2025-11-14 09:15:00,290.8399963378906,293.25,290.8399963378906,292.8299865722656,292.8299865722656,4717609.0
2025-11-17 09:15:00,301.6099853515625,301.6099853515625,292.739990234375,293.9700012207031,293.9700012207031,4615578.0
2025-11-18 09:15:00,294.8900146484375,294.8900146484375,292.5,292.9700012207031,292.9700012207031,3969744.0
2025-11-19 09:15:00,292.9700012207031,294.54998779296875,292.3999938964844,294.3699951171875,294.3699951171875,4475990.0
2025-11-20 09:15:00,293.19000244140625,296.3699951171875,292.32000732421875,295.6400146484375,295.6400146484375,7504990.0
2025-11-21 09:15:00,295.8900146484375,295.8900146484375,294.1000061035156,294.32000732421875,294.32000732421875,4539993.0
2025-11-24 09:15:00,295.1199951171875,295.44000244140625,292.7200012207031,293.29998779296875,293.29998779296875,4923046.0
2025-11-25 09:15:00,294.2200012207031,294.2799987792969,292.25,292.67999267578125,292.67999267578125,5056637.0
2025-11-26 09:15:00,293.989990234375,296.20001220703125,291.9100036621094,296.010009765625,296.010009765625,5102629.0
2025-11-27 09:15:00,296.010009765625,297.45001220703125,295.4800109863281,296.4200134277344,296.4200134277344,5985585.0
2025-11-28 09:15:00,297.239990234375,297.239990234375,296.0199890136719,296.489990234375,296.489990234375,3789563.0
2025-12-01 09:15:00,297.2799987792969,298.1499938964844,295.6600036621094,296.1000061035156,296.1000061035156,7035148.0
2025-12-02 09:15:00,296.17999267578125,296.989990234375,294.010009765625,294.6600036621094,294.6600036621094,5334774.0
2025-12-03 09:15:00,294.8800048828125,294.989990234375,292.9200134277344,293.79998779296875,293.79998779296875,6564296.0
2025-12-04 09:15:00,294.239990234375,294.9800109863281,293.1099853515625,294.3699951171875,294.3699951171875,5468826.0
2025-12-05 09:15:00,299.8999938964844,301.7200012207031,293.82000732421875,296.010009765625,296.010009765625,5845131.0
2025-12-08 09:15:00,296.2799987792969,296.489990234375,292.8399963378906,293.45001220703125,293.45001220703125,7101555.0
2025-12-09 09:15:00,302.25,302.25,291.29998779296875,292.3500061035156,292.3500061035156,7015783.0
2025-12-10 09:15:00,290.0,293.54998779296875,290.0,291.55999755859375,291.55999755859375,5828665.0
2025-12-11 09:15:00,292.989990234375,293.3699951171875,290.82000732421875,292.92999267578125,292.92999267578125,4174292.0
2025-12-12 09:15:00,293.3999938964844,294.8999938964844,293.0799865722656,294.69000244140625,294.69000244140625,5378596.0
2025-12-15 09:15:00,294.989990234375,294.989990234375,293.010009765625,294.5400085449219,294.5400085449219,3920394.0
2025-12-16 09:15:00,294.2799987792969,294.29998779296875,292.5,292.6600036621094,292.6600036621094,4667150.0
2025-12-17 09:15:00,292.6600036621094,293.2900085449219,290.79998779296875,291.7099914550781,291.7099914550781,10115469.0
2025-12-18 09:15:00,284.5,292.8299865722656,284.5,291.8399963378906,291.8399963378906,3881769.0
2025-12-19 09:15:00,293.4494934082031,293.4494934082031,293.4494934082031,293.4494934082031,293.4494934082031,0.0
2025-12-22 09:15:00,295.25,295.7300109863281,293.8500061035156,295.69000244140625,295.69000244140625,9092048.0
2025-12-23 09:15:00,296.9800109863281,296.9800109863281,295.2699890136719,295.67999267578125,295.67999267578125,3747050.0
2025-12-24 09:15:00,295.67999267578125,296.3800048828125,294.760009765625,295.5,295.5,3252373.0
2025-12-26 09:15:00,296.989990234375,296.989990234375,294.20001220703125,294.4599914550781,294.4599914550781,3502261.0
2025-12-29 09:15:00,294.4599914550781,295.2799987792969,292.760009765625,293.1499938964844,293.1499938964844,5796571.0
2025-12-30 09:15:00,293.5400085449219,293.5799865722656,291.95001220703125,293.32000732421875,293.32000732421875,8060541.0
2025-12-31 09:15:00,294.0799865722656,295.70001220703125,293.05999755859375,295.30999755859375,295.30999755859375,5677730.0
2026-01-01 09:15:00,296.19000244140625,296.19000244140625,294.9100036621094,295.3299865722656,295.3299865722656,3647078.0
2026-01-02 09:15:00,294.9100036621094,297.989990234375,294.9100036621094,297.54998779296875,297.54998779296875,6959353.0
2026-01-05 09:15:00,297.54998779296875,298.0,296.0199890136719,296.4100036621094,296.4100036621094,8311788.0
2026-01-06 09:15:00,297.7900085449219,297.7900085449219,295.2799987792969,296.0199890136719,296.0199890136719,6789022.0
2026-01-07 09:15:00,296.1400146484375,296.2300109863281,295.0,295.7200012207031,295.7200012207031,3807973.0
2026-01-08 09:15:00,295.7200012207031,295.9800109863281,292.6099853515625,292.92999267578125,292.92999267578125,6194291.0
2026-01-09 09:15:00,291.010009765625,293.8900146484375,290.0,290.5899963378906,290.5899963378906,8442130.0
2026-01-12 09:15:00,291.989990234375,292.0899963378906,288.3999938964844,291.8699951171875,291.8699951171875,9096409.0
2026-01-13 09:15:00,293.4800109863281,293.4800109863281,289.8999938964844,291.1300048828125,291.1300048828125,5365914.0
2026-01-14 09:15:00,291.1300048828125,291.989990234375,289.8999938964844,290.6600036621094,290.6600036621094,5577083.0
2026-01-15 09:00:00,290.6600036621094,290.6600036621094,290.6600036621094,290.6600036621094,290.6600036621094,0.0
2026-01-16 09:15:00,291.8900146484375,292.8999938964844,290.2799987792969,291.0400085449219,291.0400085449219,6031692.0
2026-01-19 09:15:00,290.9800109863281,291.1499938964844,288.80999755859375,289.6300048828125,289.6300048828125,7409667.0
2026-01-20 09:15:00,290.8900146484375,290.8900146484375,285.6000061035156,286.2799987792969,286.2799987792969,9366361.0
2026-01-21 09:15:00,285.0,287.489990234375,282.3999938964844,284.95001220703125,284.95001220703125,12156217.0
2026-01-22 09:15:00,287.8900146484375,288.0899963378906,285.1000061035156,286.6099853515625,286.6099853515625,7525121.0
2026-01-23 09:15:00,288.07000732421875,288.07000732421875,283.6499938964844,283.9100036621094,283.9100036621094,8346651.0
2026-01-27 09:15:00,284.0,285.989990234375,282.3999938964844,285.2200012207031,285.2200012207031,8292101.0
2026-01-28 09:15:00,286.989990234375,286.989990234375,285.2200012207031,286.6099853515625,286.6099853515625,6835320.0
2026-01-29 09:15:00,287.989990234375,287.989990234375,284.2900085449219,287.3699951171875,287.3699951171875,9464480.0
2026-01-30 09:15:00,286.44000244140625,287.3699951171875,285.010009765625,286.7300109863281,286.7300109863281,7040728.0
2026-02-02 09:15:00,283.3900146484375,284.5,279.75,283.94000244140625,283.94000244140625,10346317.0
2026-02-03 09:15:00,294.6700134277344,298.8900146484375,289.9800109863281,291.239990234375,291.239990234375,16588223.0
2026-02-04 09:15:00,291.1400146484375,292.0299987792969,289.17999267578125,291.6499938964844,291.6499938964844,5826251.0
2026-02-05 09:15:00,291.0,291.9800109863281,289.6000061035156,290.3500061035156,290.3500061035156,6352571.0
2026-02-06 09:15:00,290.3500061035156,290.8999938964844,288.8999938964844,290.6499938964844,290.6499938964844,4309000.0
2026-02-09 09:15:00,292.1400146484375,293.67999267578125,291.75,292.55999755859375,292.55999755859375,4905392.0
2026-02-10 09:15:00,292.55999755859375,293.8900146484375,292.55999755859375,293.55999755859375,293.55999755859375,8451744.0
2026-02-11 09:15:00,293.55999755859375,294.67999267578125,293.1700134277344,293.8500061035156,293.8500061035156,3487981.0
2026-02-12 09:15:00,294.7900085449219,294.7900085449219,291.760009765625,292.2699890136719,292.2699890136719,4305370.0
2026-02-13 09:15:00,290.5400085449219,290.79998779296875,288.5,288.8699951171875,288.8699951171875,7449522.0
2026-02-16 09:15:00,288.0,290.95001220703125,287.7799987792969,290.760009765625,290.760009765625,7469317.0
2026-02-17 09:15:00,289.17999267578125,291.8699951171875,289.17999267578125,291.5199890136719,291.5199890136719,4380634.0
2026-02-18 09:15:00,291.0,292.3999938964844,290.6099853515625,292.20001220703125,292.20001220703125,3331594.0
2026-02-19 09:15:00,292.20001220703125,293.17999267578125,287.75,288.3800048828125,288.3800048828125,7420909.0
2026-02-20 09:15:00,289.989990234375,290.29998779296875,287.44000244140625,289.2300109863281,289.2300109863281,5911399.0
2026-02-23 09:15:00,289.8800048828125,291.20001220703125,289.5,290.45001220703125,290.45001220703125,4699647.0
2026-02-24 09:15:00,290.45001220703125,290.45001220703125,287.0799865722656,287.8500061035156,287.8500061035156,7385045.0
2026-02-25 09:15:00,292.0,292.0,286.010009765625,288.6300048828125,288.6300048828125,5638852.0
2026-02-26 09:15:00,290.1300048828125,290.989990234375,287.79998779296875,288.5799865722656,288.5799865722656,4222379.0
2026-02-27 09:15:00,288.70001220703125,289.3900146484375,284.9100036621094,285.2900085449219,285.2900085449219,8393306.0
2026-03-02 09:15:00,286.25,292.4200134277344,279.010009765625,281.92999267578125,281.92999267578125,20163860.0
2026-03-04 09:15:00,280.989990234375,280.989990234375,275.510009765625,277.2900085449219,277.2900085449219,21718747.0
2026-03-05 09:15:00,285.6099853515625,285.6099853515625,277.8399963378906,280.3500061035156,280.3500061035156,10159364.0
2026-03-06 09:15:00,280.5199890136719,280.5199890136719,276.8500061035156,277.25,277.25,8713874.0
2026-03-09 09:15:00,274.80999755859375,274.80999755859375,268.75,272.4200134277344,272.4200134277344,26564816.0
2026-03-10 09:15:00,276.2900085449219,276.2900085449219,272.8500061035156,274.95001220703125,274.95001220703125,10445421.0
2026-03-11 09:15:00,274.70001220703125,275.3900146484375,270.20001220703125,270.55999755859375,270.55999755859375,15228172.0
2026-03-12 09:15:00,266.30999755859375,270.0,266.30999755859375,267.94000244140625,267.94000244140625,13251982.0
2026-03-13 09:15:00,267.989990234375,267.989990234375,262.0,262.69000244140625,262.69000244140625,25235358.0
2026-03-16 09:15:00,262.0,266.0,260.010009765625,265.17999267578125,265.17999267578125,15483076.0
2026-03-17 09:15:00,266.67999267578125,267.75,264.6099853515625,267.1600036621094,267.1600036621094,9612638.0
2026-03-18 09:15:00,269.3500061035156,270.0299987792969,267.1400146484375,269.42999267578125,269.42999267578125,9512486.0
2026-03-19 09:15:00,267.989990234375,267.989990234375,261.6000061035156,262.1199951171875,262.1199951171875,26951355.0
2026-03-20 09:15:00,265.989990234375,265.989990234375,261.5,262.07000732421875,262.07000732421875,12105983.0
2026-03-23 09:15:00,261.3900146484375,261.44000244140625,254.8000030517578,255.14999389648438,255.14999389648438,28233942.0
2026-03-24 09:15:00,259.0,261.5,256.5899963378906,259.8299865722656,259.8299865722656,22805261.0
2026-03-25 09:15:00,263.989990234375,265.8999938964844,255.89999389648438,264.05999755859375,264.05999755859375,14393659.0
2026-03-27 09:15:00,265.1000061035156,265.20001220703125,258.6499938964844,258.8900146484375,258.8900146484375,18765903.0
2026-03-30 09:15:00,258.4200134277344,258.4200134277344,252.5500030517578,253.44000244140625,253.44000244140625,27127660.0
2026-04-01 09:15:00,258.3399963378906,260.07000732421875,257.04998779296875,257.45001220703125,257.45001220703125,16273357.0
2026-04-02 09:15:00,256.989990234375,259.2900085449219,251.6999969482422,257.6099853515625,257.6099853515625,21918815.0
2026-04-06 09:15:00,257.0,260.6000061035156,255.41000366210938,260.25,260.25,15631911.0
2026-04-07 09:15:00,260.3900146484375,261.79998779296875,257.4100036621094,261.4700012207031,261.4700012207031,11036818.0
2026-04-08 09:15:00,269.30999755859375,272.0,265.010009765625,271.67999267578125,271.67999267578125,20203354.0
2026-04-09 09:15:00,267.70001220703125,272.489990234375,267.70001220703125,269.489990234375,269.489990234375,10726135.0
2026-04-10 09:15:00,271.989990234375,272.20001220703125,270.0,271.95001220703125,271.95001220703125,11042542.0
2026-04-13 09:15:00,268.95001220703125,270.3500061035156,266.7799987792969,269.5199890136719,269.5199890136719,12023953.0
2026-04-15 09:15:00,273.8500061035156,274.3900146484375,272.0,273.7699890136719,273.7699890136719,11252672.0
2026-04-16 09:15:00,274.0,275.8299865722656,273.0,273.95001220703125,273.95001220703125,12557328.0
2026-04-17 09:15:00,274.2900085449219,276.19000244140625,273.0,275.8699951171875,275.8699951171875,10218652.0
2026-04-20 09:15:00,275.8699951171875,276.6099853515625,274.1199951171875,275.2099914550781,275.2099914550781,10137601.0
2026-04-21 09:15:00,276.4800109863281,277.8299865722656,275.2099914550781,277.6300048828125,277.6300048828125,8328001.0
2026-04-22 09:15:00,275.5199890136719,277.3800048828125,275.3500061035156,275.6400146484375,275.6400146484375,9386982.0
2026-04-23 09:15:00,274.3800048828125,274.9800109863281,273.0199890136719,273.760009765625,273.760009765625,7079200.0
2026-04-24 09:15:00,271.30999755859375,274.94000244140625,270.1000061035156,271.0899963378906,271.0899963378906,10962751.0
2026-04-27 09:15:00,271.5,272.8999938964844,271.3500061035156,272.5199890136719,272.5199890136719,7931311.0
2026-04-28 09:15:00,273.25,273.29998779296875,271.1000061035156,271.4800109863281,271.4800109863281,6137965.0
2026-04-29 09:15:00,274.0,275.0,271.6199951171875,273.1300048828125,273.1300048828125,7694349.0
2026-04-30 09:15:00,273.1300048828125,273.20001220703125,269.3399963378906,272.010009765625,272.010009765625,9983703.0
2026-05-01 09:15:00,272.010009765625,272.010009765625,272.010009765625,272.010009765625,272.010009765625,0.0
2026-05-04 09:15:00,273.45001220703125,274.70001220703125,272.0,273.1199951171875,273.1199951171875,7112692.0
2026-05-05 09:15:00,274.989990234375,274.989990234375,270.70001220703125,272.29998779296875,272.29998779296875,7555162.0
2026-05-06 09:15:00,274.3900146484375,275.8900146484375,271.94000244140625,275.7300109863281,275.7300109863281,12026335.0
2026-05-07 09:15:00,275.70001220703125,277.0899963378906,274.6099853515625,275.1700134277344,275.1700134277344,11899464.0
2026-05-08 09:15:00,273.6199951171875,274.67999267578125,272.0,273.94000244140625,273.94000244140625,6950558.0
2026-05-11 09:15:00,272.9800109863281,272.9800109863281,269.8999938964844,270.1000061035156,270.1000061035156,12824989.0
2026-05-12 09:15:00,270.0899963378906,270.0899963378906,264.75,265.04998779296875,265.04998779296875,18622348.0
2026-05-13 09:15:00,265.0400085449219,267.1400146484375,263.5299987792969,265.44000244140625,265.44000244140625,9107154.0
2026-05-14 09:15:00,267.989990234375,268.8500061035156,265.32000732421875,268.0899963378906,268.0899963378906,7996734.0
2026-05-15 09:15:00,269.9100036621094,269.9100036621094,267.0,267.29998779296875,267.29998779296875,7938250.0
2026-05-18 09:15:00,266.0,267.989990234375,264.0,267.5799865722656,267.5799865722656,8188098.0
2026-05-19 09:15:00,267.69000244140625,269.20001220703125,267.260009765625,267.6099853515625,267.6099853515625,6550621.0
2026-05-20 09:15:00,267.1300048828125,268.3699951171875,265.1099853515625,268.04998779296875,268.04998779296875,5346893.0
2026-05-21 09:15:00,269.239990234375,270.239990234375,267.3900146484375,268.2099914550781,268.2099914550781,6183084.0
2026-05-22 09:15:00,268.0799865722656,270.0,266.010009765625,269.1000061035156,269.1000061035156,6238722.0
2026-05-25 09:15:00,274.989990234375,274.989990234375,269.010009765625,271.989990234375,271.989990234375,7800176.0
2026-05-26 09:15:00,272.3599853515625,272.6600036621094,270.5,270.8299865722656,270.8299865722656,5483897.0
2026-05-27 09:15:00,270.20001220703125,271.8299865722656,270.1000061035156,270.94000244140625,270.94000244140625,4170088.0
2026-05-28 09:15:00,270.94000244140625,270.94000244140625,270.94000244140625,270.94000244140625,270.94000244140625,0.0
2026-05-29 09:15:00,272.239990234375,272.239990234375,267.0400085449219,267.7799987792969,267.7799987792969,11388803.0
2026-06-01 09:15:00,268.9800109863281,269.2699890136719,265.20001220703125,265.5199890136719,265.5199890136719,8779968.0
2026-06-02 09:15:00,264.8800048828125,266.79998779296875,263.5199890136719,266.0199890136719,266.0199890136719,9033966.0
2026-06-03 09:15:00,265.70001220703125,266.19000244140625,262.8999938964844,265.54998779296875,265.54998779296875,13762829.0
2026-06-04 09:15:00,266.989990234375,266.989990234375,263.1199951171875,265.6000061035156,265.6000061035156,7277541.0
2026-06-05 09:15:00,267.989990234375,267.989990234375,264.3999938964844,265.3599853515625,265.3599853515625,6618551.0
2026-06-08 09:15:00,264.79998779296875,264.79998779296875,261.8800048828125,262.55999755859375,262.55999755859375,9658074.0
2026-06-09 09:15:00,264.3699951171875,264.3800048828125,262.4100036621094,263.8800048828125,263.8800048828125,5347766.0
2026-06-10 09:15:00,264.0,265.3500061035156,262.8699951171875,263.0799865722656,263.0799865722656,5342089.0
2026-06-11 09:15:00,263.0799865722656,264.3500061035156,261.3500061035156,262.6300048828125,262.6300048828125,6089765.0
2026-06-12 09:15:00,265.6000061035156,268.25,264.17999267578125,267.8599853515625,267.8599853515625,8800104.0
2026-06-15 09:15:00,270.0,272.489990234375,270.0,270.6300048828125,270.6300048828125,12573177.0
2026-06-16 09:15:00,272.4200134277344,272.4200134277344,270.6300048828125,271.6700134277344,271.6700134277344,5748509.0
2026-06-17 09:15:00,272.79998779296875,273.2200012207031,271.4800109863281,273.1099853515625,273.1099853515625,7353183.0
2026-06-18 09:15:00,273.1099853515625,274.2900085449219,272.3999938964844,273.9700012207031,273.9700012207031,8602550.0
2026-06-19 09:15:00,274.19000244140625,274.19000244140625,272.0,272.95001220703125,272.95001220703125,6515178.0
2026-06-22 09:15:00,274.989990234375,274.989990234375,273.1300048828125,273.6700134277344,273.6700134277344,5607238.0
2026-06-23 09:15:00,273.9800109863281,273.9800109863281,270.1499938964844,270.80999755859375,270.80999755859375,7996354.0
2026-06-24 09:15:00,273.0,273.3500061035156,268.0,272.67999267578125,272.67999267578125,8659000.0
2026-06-25 09:15:00,274.989990234375,275.3999938964844,273.19000244140625,273.42999267578125,273.42999267578125,8652517.0
2026-06-26 09:15:00,273.42999267578125,273.42999267578125,273.42999267578125,273.42999267578125,273.42999267578125,0.0
2026-06-29 09:15:00,274.3900146484375,274.3900146484375,271.8999938964844,272.1600036621094,272.1600036621094,5346196.0
2026-06-30 09:15:00,272.32000732421875,273.3800048828125,271.2099914550781,271.82000732421875,271.82000732421875,5957726.0
2026-07-01 09:15:00,273.19000244140625,273.19000244140625,271.1499938964844,272.8699951171875,272.8699951171875,4314568.0
2026-07-02 09:15:00,273.010009765625,274.6000061035156,273.010009765625,274.2699890136719,274.2699890136719,6394957.0
2026-07-03 09:15:00,280.0,280.0,275.1099853515625,275.9100036621094,275.9100036621094,7670513.0
2026-07-06 09:15:00,277.0,277.6600036621094,275.5,277.42999267578125,277.42999267578125,7713858.0
2026-07-07 09:15:00,278.489990234375,278.54998779296875,276.70001220703125,277.04998779296875,277.04998779296875,6799785.0
2026-07-08 09:15:00,277.989990234375,277.989990234375,270.8999938964844,271.69000244140625,271.69000244140625,12459843.0
2026-07-09 09:15:00,277.1199951171875,277.1199951171875,271.69000244140625,272.760009765625,272.760009765625,7079307.0
2026-07-10 09:15:00,274.9800109863281,275.3299865722656,273.6300048828125,275.07000732421875,275.07000732421875,5563086.0
2026-07-13 09:15:00,273.8800048828125,275.6600036621094,272.5899963378906,275.29998779296875,275.29998779296875,6613187.0
2026-07-14 09:15:00,274.5799865722656,274.5799865722656,271.0,273.3500061035156,273.3500061035156,5310906.0
2026-07-15 09:15:00,274.989990234375,275.20001220703125,273.0,273.6600036621094,273.6600036621094,3990132.0
2026-07-16 09:15:00,274.989990234375,275.1000061035156,273.54998779296875,273.989990234375,273.989990234375,3392483.0
2026-07-17 09:15:00,275.0,277.0,273.8900146484375,276.4599914550781,276.4599914550781,7357065.0
2026-07-20 09:15:00,276.1099853515625,276.19000244140625,274.010009765625,275.5799865722656,275.5799865722656,5182257.0
2026-07-21 09:15:00,276.4200134277344,276.4200134277344,274.70001220703125,275.1300048828125,275.1300048828125,2878734.0
2026-07-22 09:15:00,275.989990234375,275.989990234375,273.05999755859375,273.3599853515625,273.3599853515625,4687320.0
2026-07-23 09:15:00,276.20001220703125,276.20001220703125,271.3999938964844,271.9800109863281,271.9800109863281,4954766.0
2026-07-24 09:15:00,270.8699951171875,271.6499938964844,269.3800048828125,271.2099914550781,271.2099914550781,8015499.0
2026-07-27 09:15:00,272.2799987792969,273.8999938964844,272.0199890136719,273.5899963378906,273.5899963378906,4597158.0
2026-07-28 09:15:00,273.5899963378906,274.1199951171875,272.739990234375,273.5299987792969,273.5299987792969,7704303.0
2026-07-29 09:15:00,274.0799865722656,276.1000061035156,274.0799865722656,275.82000732421875,275.82000732421875,7110427.0
2026-07-30 09:15:00,275.989990234375,276.79998779296875,274.989990234375,276.489990234375,276.489990234375,4594454.0
2026-07-31 09:15:00,276.3999938964844,277.79998779296875,269.57000732421875,277.4200134277344,277.4200134277344,4544113.0
2026-08-03 09:15:00,278.5,280.0899963378906,278.5,279.8699951171875,279.8699951171875,8115406.0
2026-08-04 09:15:00,279.8699951171875,281.1000061035156,278.0,278.7900085449219,278.7900085449219,5038181.0
2026-08-05 09:15:00,284.3699951171875,284.3699951171875,278.79998779296875,279.9599914550781,279.9599914550781,5092585.0
2026-08-06 09:15:00,279.9599914550781,281.3800048828125,278.010009765625,280.5899963378906,280.5899963378906,4188159.0
2026-08-07 09:15:00,280.5899963378906,280.5899963378906,279.1000061035156,279.8299865722656,279.8299865722656,5585234.0
2026-08-10 09:15:00,280.69000244140625,280.69000244140625,279.2200012207031,280.4599914550781,280.4599914550781,6594652.0
2026-08-11 09:15:00,281.0,281.0,277.1000061035156,279.1300048828125,279.1300048828125,6563173.0
2026-08-12 09:15:00,279.92999267578125,279.92999267578125,277.0,278.32000732421875,278.32000732421875,5635248.0
2026-08-13 09:15:00,278.739990234375,278.7900085449219,277.510009765625,278.1600036621094,278.1600036621094,3640004.0
2026-08-14 09:15:00,279.989990234375,279.989990234375,277.239990234375,278.3500061035156,278.3500061035156,3170444.0
2026-08-17 09:15:00,279.989990234375,279.989990234375,276.55999755859375,277.9100036621094,277.9100036621094,4989337.0
2026-08-18 09:15:00,278.989990234375,278.989990234375,275.80999755859375,276.1000061035156,276.1000061035156,4677291.0
2026-08-19 09:15:00,276.3800048828125,276.3800048828125,274.45001220703125,274.6199951171875,274.6199951171875,6107344.0
2026-08-20 09:15:00,278.0,278.0,275.5199890136719,276.57000732421875,276.57000732421875,3634535.0
2026-08-21 09:15:00,276.57000732421875,277.3800048828125,276.1199951171875,276.760009765625,276.760009765625,4364104.0
2026-08-24 09:15:00,276.760009765625,277.989990234375,275.5400085449219,275.8699951171875,275.8699951171875,3606105.0
2026-08-25 09:15:00,275.8699951171875,277.5,275.1700134277344,276.94000244140625,276.94000244140625,3590196.0
2026-08-26 09:15:00,275.010009765625,278.2699890136719,275.010009765625,277.0199890136719,277.0199890136719,4327184.0
2026-08-27 09:15:00,276.010009765625,283.94000244140625,275.3999938964844,275.739990234375,275.739990234375,6648075.0
2026-08-28 09:15:00,277.489990234375,277.489990234375,274.82000732421875,275.6199951171875,275.6199951171875,3137920.0
2026-08-31 09:15:00,275.8800048828125,275.8800048828125,270.1099853515625,274.8699951171875,274.8699951171875,4690050.0
2026-09-01 09:15:00,277.95001220703125,277.95001220703125,272.67999267578125,273.25,273.25,5602290.0
2026-09-02 09:15:00,273.1499938964844,273.1499938964844,271.510009765625,272.55999755859375,272.55999755859375,7704816.0
2026-09-03 09:15:00,276.5,276.5,270.0,272.6300048828125,272.6300048828125,4418043.0
2026-09-04 09:15:00,278.0799865722656,278.0799865722656,272.55999755859375,273.2699890136719,273.2699890136719,3162846.0
2026-09-07 09:15:00,273.19000244140625,273.7799987792969,270.8999938964844,271.2099914550781,271.2099914550781,5921896.0
2026-09-08 09:15:00,271.6400146484375,271.6400146484375,269.7900085449219,270.04998779296875,270.04998779296875,6629541.0
2026-09-09 09:15:00,269.42999267578125,269.67999267578125,267.8999938964844,268.1499938964844,268.1499938964844,7537478.0
2026-09-10 09:15:00,273.510009765625,273.510009765625,266.0,267.1700134277344,267.1700134277344,5384617.0
2026-09-11 09:15:00,268.6000061035156,268.6000061035156,265.010009765625,267.1400146484375,267.1400146484375,9238422.0
2026-09-14 09:15:00,267.1400146484375,267.1400146484375,267.1400146484375,267.1400146484375,267.1400146484375,0.0
2026-09-15 09:15:00,268.1000061035156,269.8999938964844,264.239990234375,264.5799865722656,264.5799865722656,7069412.0
2026-09-16 09:15:00,264.5799865722656,266.2799987792969,262.7900085449219,265.0199890136719,265.0199890136719,6249520.0
2026-09-17 09:15:00,265.44000244140625,266.75,264.1000061035156,266.0799865722656,266.0799865722656,4732947.0
2026-09-18 09:15:00,267.8900146484375,267.8900146484375,265.94000244140625,266.5299987792969,266.5299987792969,3645562.0
2026-09-21 09:15:00,267.79998779296875,267.9800109863281,265.6199951171875,267.760009765625,267.760009765625,4153608.0
2026-09-22 09:15:00,267.8500061035156,268.8900146484375,266.010009765625,266.6400146484375,266.6400146484375,5397108.0
2026-09-23 09:15:00,266.6400146484375,267.8999938964844,265.8800048828125,267.5899963378906,267.5899963378906,3169237.0
2026-09-24 09:15:00,274.0,274.0,263.29998779296875,263.989990234375,263.989990234375,8101315.0
2026-09-25 09:15:00,264.9800109863281,265.6600036621094,263.04998779296875,264.1300048828125,264.1300048828125,5254198.0
2026-09-28 09:15:00,266.989990234375,266.989990234375,260.1000061035156,260.4700012207031,260.4700012207031,12772165.0
2026-09-29 09:15:00,260.489990234375,260.489990234375,257.8999938964844,259.4700012207031,259.4700012207031,16338797.0
2026-09-30 09:15:00,259.4700012207031,260.989990234375,258.1000061035156,258.5,258.5,8559818.0
