Date,Open,High,Low,Close,Adj_Close,Volume
2022-03-02 09:15:00,13.050000190734863,13.050000190734863,12.710000038146973,12.760000228881836,12.760000228881836,360376.0
2022-03-03 09:15:00,12.800000190734863,13.289999961853027,12.699999809265137,12.729999542236328,12.729999542236328,585354.0
2022-03-04 09:15:00,12.989999771118164,12.989999771118164,12.569999694824219,12.670000076293945,12.670000076293945,741381.0
2022-03-07 09:15:00,12.789999961853027,12.789999961853027,12.470000267028809,12.569999694824219,12.569999694824219,278108.0
2022-03-08 09:15:00,12.569999694824219,14.199999809265137,12.479999542236328,12.880000114440918,12.880000114440918,235071.0
2022-03-09 09:15:00,13.0,13.229999542236328,12.850000381469727,13.15999984741211,13.15999984741211,268200.0
2022-03-10 09:15:00,13.15999984741211,13.350000381469727,13.149999618530273,13.149999618530273,13.149999618530273,201215.0
2022-03-11 09:15:00,13.289999961853027,13.489999771118164,13.100000381469727,13.449999809265137,13.449999809265137,327892.0
2022-03-14 09:15:00,13.649999618530273,14.0,13.40999984741211,13.449999809265137,13.449999809265137,234441.0
2022-03-15 09:15:00,13.5,13.59000015258789,13.319999694824219,13.399999618530273,13.399999618530273,339701.0
2022-03-16 09:15:00,13.5,13.6899995803833,13.34000015258789,13.420000076293945,13.420000076293945,119715.0
2022-03-17 09:15:00,13.600000381469727,13.6899995803833,13.420000076293945,13.630000114440918,13.630000114440918,508718.0
2022-03-21 09:15:00,13.800000190734863,13.84000015258789,13.510000228881836,13.640000343322754,13.640000343322754,1980924.0
2022-03-22 09:15:00,13.789999961853027,13.789999961853027,13.449999809265137,13.5600004196167,13.5600004196167,162105.0
2022-03-23 09:15:00,13.739999771118164,13.789999961853027,13.5600004196167,13.6899995803833,13.6899995803833,357570.0
2022-03-24 09:15:00,13.770000457763672,13.84000015258789,13.609999656677246,13.770000457763672,13.770000457763672,489217.0
2022-03-25 09:15:00,13.770000457763672,13.869999885559082,13.579999923706055,13.680000305175781,13.680000305175781,2932484.0
2022-03-28 09:15:00,13.609999656677246,13.75,13.550000190734863,13.630000114440918,13.630000114440918,4693779.0
2022-03-29 09:15:00,13.75,13.850000381469727,13.600000381469727,13.829999923706055,13.829999923706055,302600.0
2022-03-30 09:15:00,13.890000343322754,13.890000343322754,13.760000228881836,13.800000190734863,13.800000190734863,523815.0
2022-03-31 09:15:00,13.899999618530273,13.899999618530273,13.619999885559082,13.680000305175781,13.680000305175781,175586.0
2022-04-01 09:15:00,13.800000190734863,13.829999923706055,13.619999885559082,13.670000076293945,13.670000076293945,179453.0
2022-04-04 09:15:00,13.890000343322754,13.890000343322754,13.619999885559082,13.829999923706055,13.829999923706055,365199.0
2022-04-05 09:15:00,13.899999618530273,13.989999771118164,13.710000038146973,13.880000114440918,13.880000114440918,287017.0
2022-04-06 09:15:00,13.949999809265137,14.0,13.75,13.84000015258789,13.84000015258789,871674.0
2022-04-07 09:15:00,13.949999809265137,13.979999542236328,13.819999694824219,13.869999885559082,13.869999885559082,206160.0
2022-04-08 09:15:00,13.869999885559082,13.9399995803833,13.760000228881836,13.819999694824219,13.819999694824219,202707.0
2022-04-11 09:15:00,13.989999771118164,13.989999771118164,13.789999961853027,13.84000015258789,13.84000015258789,189852.0
2022-04-12 09:15:00,14.289999961853027,14.289999961853027,13.699999809265137,13.800000190734863,13.800000190734863,130280.0
2022-04-13 09:15:00,13.710000038146973,13.949999809265137,13.710000038146973,13.890000343322754,13.890000343322754,145003.0
2022-04-18 09:15:00,13.890000343322754,13.890000343322754,13.680000305175781,13.770000457763672,13.770000457763672,249656.0
2022-04-19 09:15:00,13.989999771118164,13.989999771118164,13.510000228881836,13.649999618530273,13.649999618530273,209854.0
2022-04-20 09:15:00,14.0,14.0,13.649999618530273,13.770000457763672,13.770000457763672,145970.0
2022-04-21 09:15:00,13.949999809265137,13.949999809265137,13.710000038146973,13.890000343322754,13.890000343322754,183191.0
2022-04-22 09:15:00,13.850000381469727,13.859999656677246,13.619999885559082,13.649999618530273,13.649999618530273,166364.0
2022-04-25 09:15:00,13.649999618530273,13.800000190734863,13.359999656677246,13.40999984741211,13.40999984741211,229330.0
2022-04-26 09:15:00,13.539999961853027,13.779999732971191,13.40999984741211,13.539999961853027,13.539999961853027,176537.0
2022-04-27 09:15:00,13.649999618530273,13.649999618530273,13.350000381469727,13.399999618530273,13.399999618530273,129591.0
2022-04-28 09:15:00,13.6899995803833,13.6899995803833,13.40999984741211,13.5,13.5,111404.0
2022-04-29 09:15:00,13.59000015258789,13.729999542236328,13.420000076293945,13.579999923706055,13.579999923706055,209382.0
2022-05-02 09:15:00,13.579999923706055,13.6899995803833,13.40999984741211,13.5,13.5,1045606.0
2022-05-04 09:15:00,15.0,15.0,13.15999984741211,13.199999809265137,13.199999809265137,328717.0
2022-05-05 09:15:00,13.25,13.449999809265137,13.079999923706055,13.100000381469727,13.100000381469727,151098.0
2022-05-06 09:15:00,13.1899995803833,13.1899995803833,12.8100004196167,12.899999618530273,12.899999618530273,354781.0
2022-05-09 09:15:00,12.989999771118164,12.989999771118164,12.739999771118164,12.869999885559082,12.869999885559082,170022.0
2022-05-10 09:15:00,12.979999542236328,12.979999542236328,12.649999618530273,12.670000076293945,12.670000076293945,140461.0
2022-05-11 09:15:00,13.199999809265137,13.199999809265137,12.5,12.630000114440918,12.630000114440918,146947.0
2022-05-12 09:15:00,12.800000190734863,12.800000190734863,12.359999656677246,12.489999771118164,12.489999771118164,353218.0
2022-05-13 09:15:00,12.600000381469727,12.869999885559082,12.40999984741211,12.739999771118164,12.739999771118164,1161751.0
2022-05-16 09:15:00,12.75,12.850000381469727,12.600000381469727,12.680000305175781,12.680000305175781,86685.0
2022-05-17 09:15:00,12.84000015258789,12.84000015258789,12.5,12.789999961853027,12.789999961853027,161321.0
2022-05-18 09:15:00,12.869999885559082,13.0,12.850000381469727,12.970000267028809,12.970000267028809,301791.0
2022-05-19 09:15:00,12.8100004196167,12.960000038146973,12.670000076293945,12.6899995803833,12.6899995803833,141458.0
2022-05-20 09:15:00,12.800000190734863,13.140000343322754,12.770000457763672,13.09000015258789,13.09000015258789,210006.0
2022-05-23 09:15:00,13.5,13.5,12.920000076293945,12.989999771118164,12.989999771118164,1178611.0
2022-05-24 09:15:00,13.25,13.25,12.760000228881836,12.789999961853027,12.789999961853027,169835.0
2022-05-25 09:15:00,12.960000038146973,12.960000038146973,12.5600004196167,12.630000114440918,12.630000114440918,119765.0
2022-05-26 09:15:00,12.699999809265137,12.770000457763672,12.470000267028809,12.65999984741211,12.65999984741211,203314.0
2022-05-27 09:15:00,12.800000190734863,12.800000190734863,12.600000381469727,12.729999542236328,12.729999542236328,81451.0
2022-05-30 09:15:00,12.890000343322754,12.989999771118164,12.699999809265137,12.760000228881836,12.760000228881836,247704.0
2022-05-31 09:15:00,12.859999656677246,12.859999656677246,12.630000114440918,12.699999809265137,12.699999809265137,269398.0
2022-06-01 09:15:00,12.890000343322754,12.890000343322754,12.489999771118164,12.529999732971191,12.529999732971191,360919.0
2022-06-02 09:15:00,15.199999809265137,15.199999809265137,12.470000267028809,12.569999694824219,12.569999694824219,463458.0
2022-06-03 09:15:00,12.760000228881836,12.760000228881836,12.489999771118164,12.5,12.5,1176843.0
2022-06-06 09:15:00,12.59000015258789,12.65999984741211,12.449999809265137,12.5,12.5,326317.0
2022-06-07 09:15:00,12.640000343322754,12.640000343322754,12.279999732971191,12.369999885559082,12.369999885559082,468584.0
2022-06-08 09:15:00,12.369999885559082,12.470000267028809,12.270000457763672,12.390000343322754,12.390000343322754,282720.0
2022-06-09 09:15:00,12.390000343322754,12.649999618530273,12.300000190734863,12.5,12.5,70933.0
2022-06-10 09:15:00,12.640000343322754,12.640000343322754,12.399999618530273,12.489999771118164,12.489999771118164,337308.0
2022-06-13 09:15:00,12.59000015258789,12.59000015258789,12.210000038146973,12.270000457763672,12.270000457763672,403137.0
2022-06-14 09:15:00,12.4399995803833,12.4399995803833,12.220000267028809,12.300000190734863,12.300000190734863,263806.0
2022-06-15 09:15:00,12.399999618530273,12.489999771118164,12.279999732971191,12.369999885559082,12.369999885559082,113202.0
2022-06-16 09:15:00,12.470000267028809,12.489999771118164,12.079999923706055,12.140000343322754,12.140000343322754,329476.0
2022-06-17 09:15:00,12.229999542236328,12.300000190734863,11.829999923706055,11.9399995803833,11.9399995803833,1082879.0
2022-06-20 09:15:00,13.520000457763672,13.520000457763672,11.75,11.930000305175781,11.930000305175781,189428.0
2022-06-21 09:15:00,12.100000381469727,12.199999809265137,12.0,12.140000343322754,12.140000343322754,168247.0
2022-06-22 09:15:00,12.239999771118164,12.239999771118164,11.960000038146973,12.0,12.0,56170.0
2022-06-23 09:15:00,12.0,12.199999809265137,11.920000076293945,12.149999618530273,12.149999618530273,62147.0
2022-06-24 09:15:00,12.25,12.300000190734863,12.149999618530273,12.25,12.25,207379.0
2022-06-27 09:15:00,12.25,12.449999809265137,12.210000038146973,12.319999694824219,12.319999694824219,111595.0
2022-06-28 09:15:00,12.399999618530273,12.470000267028809,11.930000305175781,12.300000190734863,12.300000190734863,375899.0
2022-06-29 09:15:00,12.390000343322754,12.390000343322754,12.100000381469727,12.270000457763672,12.270000457763672,34485.0
2022-06-30 09:15:00,12.350000381469727,12.350000381469727,12.149999618530273,12.25,12.25,38192.0
2022-07-01 09:15:00,12.350000381469727,12.380000114440918,12.100000381469727,12.3100004196167,12.3100004196167,81490.0
2022-07-04 09:15:00,12.520000457763672,12.520000457763672,12.149999618530273,12.3100004196167,12.3100004196167,116570.0
2022-07-05 09:15:00,12.489999771118164,12.489999771118164,12.229999542236328,12.3100004196167,12.3100004196167,193407.0
2022-07-06 09:15:00,12.550000190734863,13.489999771118164,12.300000190734863,12.40999984741211,12.40999984741211,75776.0
2022-07-07 09:15:00,12.399999618530273,12.539999961853027,12.329999923706055,12.460000038146973,12.460000038146973,180318.0
2022-07-08 09:15:00,13.0,13.0,12.300000190734863,12.600000381469727,12.600000381469727,484300.0
2022-07-11 09:15:00,14.0,14.0,12.329999923706055,12.609999656677246,12.609999656677246,455260.0
2022-07-12 09:15:00,12.84000015258789,12.84000015258789,12.5,12.539999961853027,12.539999961853027,633069.0
2022-07-13 09:15:00,12.699999809265137,12.739999771118164,12.510000228881836,12.699999809265137,12.699999809265137,249012.0
2022-07-14 09:15:00,12.789999961853027,12.930000305175781,12.609999656677246,12.770000457763672,12.770000457763672,558327.0
2022-07-15 09:15:00,12.899999618530273,12.899999618530273,12.739999771118164,12.8100004196167,12.8100004196167,176016.0
2022-07-18 09:15:00,13.0,13.0,12.75,12.779999732971191,12.779999732971191,219093.0
2022-07-19 09:15:00,12.850000381469727,12.890000343322754,12.75,12.760000228881836,12.760000228881836,188815.0
2022-07-20 09:15:00,12.84000015258789,12.989999771118164,12.760000228881836,12.789999961853027,12.789999961853027,506158.0
2022-07-21 09:15:00,12.890000343322754,12.890000343322754,12.680000305175781,12.739999771118164,12.739999771118164,318625.0
2022-07-22 09:15:00,12.84000015258789,12.84000015258789,12.619999885559082,12.670000076293945,12.670000076293945,395320.0
2022-07-25 09:15:00,12.899999618530273,12.899999618530273,12.550000190734863,12.579999923706055,12.579999923706055,123535.0
2022-07-26 09:15:00,12.739999771118164,12.739999771118164,12.430000305175781,12.4399995803833,12.4399995803833,371569.0
2022-07-27 09:15:00,12.59000015258789,12.75,12.399999618530273,12.699999809265137,12.699999809265137,190710.0
2022-07-28 09:15:00,12.789999961853027,12.789999961853027,12.609999656677246,12.710000038146973,12.710000038146973,558369.0
2022-07-29 09:15:00,12.699999809265137,12.890000343322754,12.609999656677246,12.84000015258789,12.84000015258789,674887.0
2022-08-01 09:15:00,13.0,13.100000381469727,12.800000190734863,12.850000381469727,12.850000381469727,446667.0
2022-08-02 09:15:00,12.850000381469727,12.930000305175781,12.800000190734863,12.859999656677246,12.859999656677246,198014.0
2022-08-03 09:15:00,12.890000343322754,12.930000305175781,12.710000038146973,12.760000228881836,12.760000228881836,307688.0
2022-08-04 09:15:00,12.710000038146973,13.109999656677246,12.710000038146973,13.09000015258789,13.09000015258789,1483285.0
2022-08-05 09:15:00,13.149999618530273,13.239999771118164,13.010000228881836,13.050000190734863,13.050000190734863,1318669.0
2022-08-08 09:15:00,13.140000343322754,13.1899995803833,12.979999542236328,13.029999732971191,13.029999732971191,403774.0
2022-08-10 09:15:00,13.100000381469727,13.5,13.0,13.029999732971191,13.029999732971191,313405.0
2022-08-11 09:15:00,13.25,13.25,13.029999732971191,13.140000343322754,13.140000343322754,1331035.0
2022-08-12 09:15:00,13.130000114440918,13.130000114440918,12.949999809265137,12.989999771118164,12.989999771118164,1249666.0
2022-08-16 09:15:00,13.0,13.350000381469727,12.850000381469727,13.050000190734863,13.050000190734863,442063.0
2022-08-17 09:15:00,13.1899995803833,13.1899995803833,13.020000457763672,13.09000015258789,13.09000015258789,4233921.0
2022-08-18 09:15:00,13.1899995803833,13.1899995803833,12.9399995803833,13.029999732971191,13.029999732971191,554210.0
2022-08-19 09:15:00,13.029999732971191,13.140000343322754,12.899999618530273,12.920000076293945,12.920000076293945,389912.0
2022-08-22 09:15:00,13.65999984741211,13.65999984741211,12.710000038146973,12.729999542236328,12.729999542236328,762974.0
2022-08-23 09:15:00,13.100000381469727,13.100000381469727,12.630000114440918,12.779999732971191,12.779999732971191,1666582.0
2022-08-24 09:15:00,13.119999885559082,13.119999885559082,12.729999542236328,12.770000457763672,12.770000457763672,288556.0
2022-08-25 09:15:00,12.890000343322754,12.899999618530273,12.699999809265137,12.739999771118164,12.739999771118164,428891.0
2022-08-26 09:15:00,12.850000381469727,12.850000381469727,12.720000267028809,12.729999542236328,12.729999542236328,202421.0
2022-08-29 09:15:00,12.699999809265137,12.699999809265137,12.5,12.65999984741211,12.65999984741211,699389.0
2022-08-30 09:15:00,12.84000015258789,12.850000381469727,12.65999984741211,12.819999694824219,12.819999694824219,255693.0
2022-09-01 09:15:00,14.0,14.0,12.649999618530273,12.6899995803833,12.6899995803833,283614.0
2022-09-02 09:15:00,12.789999961853027,12.789999961853027,12.600000381469727,12.609999656677246,12.609999656677246,352234.0
2022-09-05 09:15:00,12.699999809265137,12.710000038146973,12.569999694824219,12.6899995803833,12.6899995803833,254738.0
2022-09-06 09:15:00,12.979999542236328,12.979999542236328,12.65999984741211,12.710000038146973,12.710000038146973,179459.0
2022-09-07 09:15:00,13.0,14.0,12.65999984741211,12.800000190734863,12.800000190734863,266342.0
2022-09-08 09:15:00,13.949999809265137,13.949999809265137,12.760000228881836,12.8100004196167,12.8100004196167,299169.0
2022-09-09 09:15:00,12.760000228881836,12.9399995803833,12.75,12.829999923706055,12.829999923706055,482953.0
2022-09-12 09:15:00,12.890000343322754,12.9399995803833,12.8100004196167,12.869999885559082,12.869999885559082,940533.0
2022-09-13 09:15:00,12.9399995803833,12.9399995803833,12.850000381469727,12.880000114440918,12.880000114440918,551982.0
2022-09-14 09:15:00,12.880000114440918,12.890000343322754,12.699999809265137,12.819999694824219,12.819999694824219,388771.0
2022-09-15 09:15:00,12.880000114440918,12.880000114440918,12.619999885559082,12.649999618530273,12.649999618530273,1440359.0
2022-09-16 09:15:00,12.739999771118164,12.739999771118164,12.449999809265137,12.5,12.5,708369.0
2022-09-19 09:15:00,13.380000114440918,13.380000114440918,12.319999694824219,12.489999771118164,12.489999771118164,518028.0
2022-09-20 09:15:00,12.630000114440918,12.920000076293945,12.5,12.890000343322754,12.890000343322754,834867.0
2022-09-21 09:15:00,12.979999542236328,12.979999542236328,12.6899995803833,12.710000038146973,12.710000038146973,625846.0
2022-09-22 09:15:00,12.710000038146973,12.789999961853027,12.630000114440918,12.729999542236328,12.729999542236328,2815371.0
2022-09-23 09:15:00,12.819999694824219,12.890000343322754,12.699999809265137,12.760000228881836,12.760000228881836,1289872.0
2022-09-26 09:15:00,12.789999961853027,12.789999961853027,12.569999694824219,12.600000381469727,12.600000381469727,1161750.0
2022-09-27 09:15:00,13.380000114440918,13.380000114440918,12.579999923706055,12.739999771118164,12.739999771118164,3360870.0
2022-09-28 09:15:00,12.84000015258789,12.890000343322754,12.649999618530273,12.789999961853027,12.789999961853027,953068.0
2022-09-29 09:15:00,12.899999618530273,13.0600004196167,12.8100004196167,13.020000457763672,13.020000457763672,1046241.0
2022-09-30 09:15:00,14.0,14.0,12.90999984741211,13.09000015258789,13.09000015258789,815639.0
2022-10-03 09:15:00,13.149999618530273,13.489999771118164,13.010000228881836,13.279999732971191,13.279999732971191,3032223.0
2022-10-04 09:15:00,13.470000267028809,13.470000267028809,13.260000228881836,13.359999656677246,13.359999656677246,932565.0
2022-10-06 09:15:00,14.0,14.0,13.289999961853027,13.329999923706055,13.329999923706055,1274298.0
2022-10-07 09:15:00,13.430000305175781,13.430000305175781,13.210000038146973,13.289999961853027,13.289999961853027,1048236.0
2022-10-10 09:15:00,13.380000114440918,13.380000114440918,13.100000381469727,13.180000305175781,13.180000305175781,708020.0
2022-10-11 09:15:00,13.350000381469727,13.350000381469727,12.90999984741211,12.960000038146973,12.960000038146973,1143114.0
2022-10-12 09:15:00,13.079999923706055,13.079999923706055,12.859999656677246,12.979999542236328,12.979999542236328,1312391.0
2022-10-13 09:15:00,12.920000076293945,13.079999923706055,12.920000076293945,13.010000228881836,13.010000228881836,333593.0
2022-10-14 09:15:00,13.020000457763672,13.140000343322754,13.020000457763672,13.079999923706055,13.079999923706055,321022.0
2022-10-17 09:15:00,13.130000114440918,13.140000343322754,13.029999732971191,13.109999656677246,13.109999656677246,325901.0
2022-10-18 09:15:00,13.149999618530273,13.170000076293945,13.069999694824219,13.109999656677246,13.109999656677246,337337.0
2022-10-19 09:15:00,13.300000190734863,13.300000190734863,13.0600004196167,13.109999656677246,13.109999656677246,417269.0
2022-10-20 09:15:00,13.100000381469727,13.199999809265137,13.0600004196167,13.1899995803833,13.1899995803833,273890.0
2022-10-21 09:15:00,13.25,13.270000457763672,13.079999923706055,13.109999656677246,13.109999656677246,606617.0
2022-10-24 18:15:00,13.550000190734863,13.550000190734863,13.15999984741211,13.430000305175781,13.430000305175781,561930.0
2022-10-25 09:15:00,13.489999771118164,13.489999771118164,13.170000076293945,13.210000038146973,13.210000038146973,1121652.0
2022-10-27 09:15:00,13.489999771118164,13.489999771118164,13.039999961853027,13.359999656677246,13.359999656677246,803852.0
2022-10-28 09:15:00,13.359999656677246,13.479999542236328,13.180000305175781,13.199999809265137,13.199999809265137,810469.0
2022-10-31 09:15:00,13.329999923706055,13.380000114440918,13.239999771118164,13.3100004196167,13.3100004196167,638385.0
2022-11-01 09:15:00,13.399999618530273,13.640000343322754,13.3100004196167,13.600000381469727,13.600000381469727,2420301.0
2022-11-02 09:15:00,13.739999771118164,13.880000114440918,13.510000228881836,13.649999618530273,13.649999618530273,1462994.0
2022-11-03 09:15:00,13.59000015258789,13.729999542236328,13.510000228881836,13.65999984741211,13.65999984741211,382973.0
2022-11-04 09:15:00,13.739999771118164,13.739999771118164,13.529999732971191,13.579999923706055,13.579999923706055,628118.0
2022-11-07 09:15:00,13.670000076293945,13.680000305175781,13.329999923706055,13.380000114440918,13.380000114440918,1419956.0
2022-11-09 09:15:00,14.0,14.0,13.15999984741211,13.1899995803833,13.1899995803833,4099941.0
2022-11-10 09:15:00,13.279999732971191,13.350000381469727,13.0600004196167,13.130000114440918,13.130000114440918,2390770.0
2022-11-11 09:15:00,13.489999771118164,13.489999771118164,13.09000015258789,13.15999984741211,13.15999984741211,2024934.0
2022-11-14 09:15:00,13.180000305175781,13.199999809265137,12.960000038146973,13.15999984741211,13.15999984741211,2018002.0
2022-11-15 09:15:00,13.619999885559082,14.0,13.100000381469727,13.199999809265137,13.199999809265137,9776852.0
2022-11-16 09:15:00,13.079999923706055,13.289999961853027,13.079999923706055,13.130000114440918,13.130000114440918,4837772.0
2022-11-17 09:15:00,13.1899995803833,13.210000038146973,13.069999694824219,13.09000015258789,13.09000015258789,5083239.0
2022-11-18 09:15:00,13.180000305175781,13.180000305175781,12.9399995803833,12.949999809265137,12.949999809265137,7299284.0
2022-11-21 09:15:00,13.09000015258789,13.09000015258789,12.899999618530273,12.9399995803833,12.9399995803833,2188607.0
2022-11-22 09:15:00,12.989999771118164,12.989999771118164,12.899999618530273,12.970000267028809,12.970000267028809,2158110.0
2022-11-23 09:15:00,13.0,13.399999618530273,12.979999542236328,13.010000228881836,13.010000228881836,897413.0
2022-11-24 09:15:00,13.020000457763672,13.09000015258789,13.0,13.020000457763672,13.020000457763672,961595.0
2022-11-25 09:15:00,13.0600004196167,13.100000381469727,12.979999542236328,13.079999923706055,13.079999923706055,1586178.0
2022-11-28 09:15:00,13.109999656677246,13.170000076293945,13.050000190734863,13.109999656677246,13.109999656677246,2917990.0
2022-11-29 09:15:00,13.149999618530273,13.199999809265137,13.119999885559082,13.1899995803833,13.1899995803833,1152558.0
2022-11-30 09:15:00,13.1899995803833,13.300000190734863,13.1899995803833,13.260000228881836,13.260000228881836,1577203.0
2022-12-01 09:15:00,13.399999618530273,13.399999618530273,13.220000267028809,13.25,13.25,1445118.0
2022-12-02 09:15:00,13.489999771118164,13.489999771118164,13.109999656677246,13.199999809265137,13.199999809265137,2382290.0
2022-12-05 09:15:00,13.59000015258789,13.59000015258789,13.109999656677246,13.1899995803833,13.1899995803833,1912467.0
2022-12-06 09:15:00,13.289999961853027,13.289999961853027,13.0600004196167,13.100000381469727,13.100000381469727,2456089.0
2022-12-07 09:15:00,13.239999771118164,13.239999771118164,12.9399995803833,13.010000228881836,13.010000228881836,3807547.0
2022-12-08 09:15:00,13.140000343322754,13.140000343322754,12.850000381469727,12.869999885559082,12.869999885559082,5152529.0
2022-12-09 09:15:00,13.59000015258789,13.59000015258789,12.859999656677246,12.899999618530273,12.899999618530273,1909497.0
2022-12-12 09:15:00,12.970000267028809,12.970000267028809,12.800000190734863,12.890000343322754,12.890000343322754,1110722.0
2022-12-13 09:15:00,12.890000343322754,13.149999618530273,12.8100004196167,12.920000076293945,12.920000076293945,1369341.0
2022-12-14 09:15:00,13.0,13.029999732971191,12.90999984741211,12.979999542236328,12.979999542236328,1266067.0
2022-12-15 09:15:00,13.0,13.069999694824219,12.899999618530273,12.9399995803833,12.9399995803833,1496058.0
2022-12-16 09:15:00,12.949999809265137,13.020000457763672,12.75,12.779999732971191,12.779999732971191,1827762.0
2022-12-19 09:15:00,13.390000343322754,13.390000343322754,12.670000076293945,12.789999961853027,12.789999961853027,1231646.0
2022-12-20 09:15:00,12.869999885559082,12.880000114440918,12.670000076293945,12.720000267028809,12.720000267028809,2027795.0
2022-12-21 09:15:00,12.989999771118164,13.09000015258789,12.729999542236328,13.0600004196167,13.0600004196167,10506620.0
2022-12-22 09:15:00,13.199999809265137,13.260000228881836,12.949999809265137,12.989999771118164,12.989999771118164,5876080.0
2022-12-23 09:15:00,13.210000038146973,13.220000267028809,12.850000381469727,12.899999618530273,12.899999618530273,6451187.0
2022-12-26 09:15:00,13.100000381469727,13.100000381469727,12.75,12.8100004196167,12.8100004196167,7250514.0
2022-12-27 09:15:00,12.880000114440918,12.899999618530273,12.699999809265137,12.779999732971191,12.779999732971191,2588751.0
2022-12-28 09:15:00,12.829999923706055,12.880000114440918,12.710000038146973,12.760000228881836,12.760000228881836,1010554.0
2022-12-29 09:15:00,12.800000190734863,12.850000381469727,12.649999618530273,12.720000267028809,12.720000267028809,1834793.0
2022-12-30 09:15:00,12.729999542236328,12.800000190734863,12.6899995803833,12.729999542236328,12.729999542236328,2484389.0
2023-01-02 09:15:00,12.739999771118164,12.789999961853027,12.609999656677246,12.680000305175781,12.680000305175781,1811864.0
2023-01-03 09:15:00,12.65999984741211,12.789999961853027,12.630000114440918,12.75,12.75,1010669.0
2023-01-04 09:15:00,12.739999771118164,12.8100004196167,12.710000038146973,12.75,12.75,1252317.0
2023-01-05 09:15:00,12.510000228881836,12.869999885559082,12.5,12.850000381469727,12.850000381469727,1120920.0
2023-01-06 09:15:00,12.789999961853027,12.90999984741211,12.75,12.779999732971191,12.779999732971191,1501018.0
2023-01-09 09:15:00,12.819999694824219,12.9399995803833,12.760000228881836,12.859999656677246,12.859999656677246,1867434.0
2023-01-10 09:15:00,12.899999618530273,12.930000305175781,12.829999923706055,12.859999656677246,12.859999656677246,901128.0
2023-01-11 09:15:00,12.899999618530273,12.899999618530273,12.779999732971191,12.800000190734863,12.800000190734863,767132.0
2023-01-12 09:15:00,12.880000114440918,12.880000114440918,12.720000267028809,12.770000457763672,12.770000457763672,896248.0
2023-01-13 09:15:00,12.770000457763672,12.789999961853027,12.729999542236328,12.760000228881836,12.760000228881836,661563.0
2023-01-16 09:15:00,12.800000190734863,12.819999694824219,12.729999542236328,12.75,12.75,1111752.0
2023-01-17 09:15:00,12.760000228881836,12.770000457763672,12.729999542236328,12.760000228881836,12.760000228881836,2971405.0
2023-01-18 09:15:00,12.84000015258789,12.84000015258789,12.729999542236328,12.8100004196167,12.8100004196167,847366.0
2023-01-19 09:15:00,12.989999771118164,12.989999771118164,12.75,12.800000190734863,12.800000190734863,775875.0
2023-01-20 09:15:00,12.869999885559082,12.869999885559082,12.699999809265137,12.739999771118164,12.739999771118164,2431345.0
2023-01-23 09:15:00,12.779999732971191,12.84000015258789,12.739999771118164,12.8100004196167,12.8100004196167,1939811.0
2023-01-24 09:15:00,12.859999656677246,12.859999656677246,12.710000038146973,12.720000267028809,12.720000267028809,1032735.0
2023-01-25 09:15:00,12.710000038146973,12.75,12.539999961853027,12.579999923706055,12.579999923706055,2401010.0
2023-01-27 09:15:00,12.59000015258789,12.699999809265137,12.550000190734863,12.600000381469727,12.600000381469727,1826017.0
2023-01-30 09:15:00,12.770000457763672,12.770000457763672,12.460000038146973,12.600000381469727,12.600000381469727,1474082.0
2023-01-31 09:15:00,12.609999656677246,12.739999771118164,12.470000267028809,12.479999542236328,12.479999542236328,2124886.0
2023-02-01 09:15:00,12.550000190734863,12.59000015258789,12.359999656677246,12.460000038146973,12.460000038146973,1665183.0
2023-02-02 09:15:00,12.510000228881836,12.510000228881836,12.359999656677246,12.40999984741211,12.40999984741211,1248550.0
2023-02-03 09:15:00,12.420000076293945,12.430000305175781,12.220000267028809,12.289999961853027,12.289999961853027,2146427.0
2023-02-06 09:15:00,12.649999618530273,12.649999618530273,12.229999542236328,12.329999923706055,12.329999923706055,1648368.0
2023-02-07 09:15:00,12.34000015258789,12.380000114440918,12.260000228881836,12.3100004196167,12.3100004196167,955915.0
2023-02-08 09:15:00,12.350000381469727,12.550000190734863,12.289999961853027,12.510000228881836,12.510000228881836,1813432.0
2023-02-09 09:15:00,12.399999618530273,12.600000381469727,12.3100004196167,12.4399995803833,12.4399995803833,1366355.0
2023-02-10 09:15:00,12.4399995803833,12.5,12.359999656677246,12.470000267028809,12.470000267028809,652353.0
2023-02-13 09:15:00,12.550000190734863,12.5600004196167,12.380000114440918,12.430000305175781,12.430000305175781,732685.0
2023-02-14 09:15:00,12.399999618530273,12.520000457763672,12.170000076293945,12.399999618530273,12.399999618530273,525560.0
2023-02-15 09:15:00,12.399999618530273,12.40999984741211,12.300000190734863,12.369999885559082,12.369999885559082,1682645.0
2023-02-16 09:15:00,12.649999618530273,12.649999618530273,12.369999885559082,12.449999809265137,12.449999809265137,681224.0
2023-02-17 09:15:00,12.460000038146973,12.5,12.3100004196167,12.319999694824219,12.319999694824219,1196852.0
2023-02-20 09:15:00,12.149999618530273,12.420000076293945,12.140000343322754,12.220000267028809,12.220000267028809,1848203.0
2023-02-21 09:15:00,12.3100004196167,12.40999984741211,12.15999984741211,12.170000076293945,12.170000076293945,1763680.0
2023-02-22 09:15:00,12.239999771118164,12.239999771118164,12.130000114440918,12.149999618530273,12.149999618530273,1093125.0
2023-02-23 09:15:00,12.380000114440918,12.380000114440918,12.09000015258789,12.130000114440918,12.130000114440918,1044756.0
2023-02-24 09:15:00,12.369999885559082,12.369999885559082,12.0600004196167,12.15999984741211,12.15999984741211,703913.0
2023-02-27 09:15:00,12.34000015258789,12.34000015258789,12.010000228881836,12.0600004196167,12.0600004196167,1056815.0
2023-02-28 09:15:00,12.180000305175781,12.180000305175781,11.899999618530273,11.920000076293945,11.920000076293945,1993522.0
2023-03-01 09:15:00,11.920000076293945,12.15999984741211,11.890000343322754,11.930000305175781,11.930000305175781,1489688.0
2023-03-02 09:15:00,11.930000305175781,12.010000228881836,11.869999885559082,11.920000076293945,11.920000076293945,1669303.0
2023-03-03 09:15:00,11.930000305175781,12.050000190734863,11.899999618530273,11.9399995803833,11.9399995803833,906518.0
2023-03-06 09:15:00,11.960000038146973,12.029999732971191,11.9399995803833,11.970000267028809,11.970000267028809,914706.0
2023-03-08 09:15:00,12.350000381469727,12.350000381469727,11.859999656677246,11.90999984741211,11.90999984741211,1559583.0
2023-03-09 09:15:00,11.859999656677246,11.989999771118164,11.84000015258789,11.859999656677246,11.859999656677246,1250935.0
2023-03-10 09:15:00,11.869999885559082,11.890000343322754,11.760000228881836,11.84000015258789,11.84000015258789,1306288.0
2023-03-13 09:15:00,12.199999809265137,12.199999809265137,11.720000267028809,11.75,11.75,1562739.0
2023-03-14 09:15:00,11.760000228881836,11.829999923706055,11.680000305175781,11.739999771118164,11.739999771118164,1205202.0
2023-03-15 09:15:00,12.100000381469727,12.100000381469727,11.729999542236328,11.75,11.75,9918836.0
2023-03-16 09:15:00,11.850000381469727,11.930000305175781,11.600000381469727,11.890000343322754,11.890000343322754,5486774.0
2023-03-17 09:15:00,12.25,12.25,11.789999961853027,11.84000015258789,11.84000015258789,1383697.0
2023-03-20 09:15:00,11.84000015258789,11.899999618530273,11.739999771118164,11.8100004196167,11.8100004196167,1772731.0
2023-03-21 09:15:00,11.84000015258789,11.890000343322754,11.770000457763672,11.789999961853027,11.789999961853027,993884.0
2023-03-22 09:15:00,11.5600004196167,11.90999984741211,11.5600004196167,11.880000114440918,11.880000114440918,920932.0
2023-03-23 09:15:00,11.9399995803833,11.970000267028809,11.8100004196167,11.890000343322754,11.890000343322754,1932524.0
2023-03-24 09:15:00,12.130000114440918,12.130000114440918,11.859999656677246,11.899999618530273,11.899999618530273,1487638.0
2023-03-27 09:15:00,12.09000015258789,12.09000015258789,11.890000343322754,12.050000190734863,12.050000190734863,2330913.0
2023-03-28 09:15:00,12.149999618530273,12.149999618530273,11.930000305175781,12.010000228881836,12.010000228881836,2026211.0
2023-03-29 09:15:00,12.069999694824219,12.100000381469727,12.0,12.069999694824219,12.069999694824219,1554924.0
2023-03-31 09:15:00,12.09000015258789,12.220000267028809,12.0,12.15999984741211,12.15999984741211,2502279.0
2023-04-03 09:15:00,12.390000343322754,12.390000343322754,12.140000343322754,12.199999809265137,12.199999809265137,2314372.0
2023-04-05 09:15:00,12.260000228881836,12.319999694824219,12.199999809265137,12.300000190734863,12.300000190734863,1663459.0
2023-04-06 09:15:00,12.359999656677246,12.449999809265137,12.279999732971191,12.430000305175781,12.430000305175781,1919428.0
2023-04-10 09:15:00,12.430000305175781,12.479999542236328,12.34000015258789,12.449999809265137,12.449999809265137,1536833.0
2023-04-11 09:15:00,12.489999771118164,12.529999732971191,12.390000343322754,12.449999809265137,12.449999809265137,1096007.0
2023-04-12 09:15:00,12.449999809265137,12.75,12.449999809265137,12.720000267028809,12.720000267028809,6333226.0
2023-04-13 09:15:00,12.680000305175781,12.800000190734863,12.609999656677246,12.619999885559082,12.619999885559082,4917761.0
2023-04-17 09:15:00,12.680000305175781,12.779999732971191,12.479999542236328,12.539999961853027,12.539999961853027,1412249.0
2023-04-18 09:15:00,12.539999961853027,12.779999732971191,12.520000457763672,12.770000457763672,12.770000457763672,1679418.0
2023-04-19 09:15:00,12.8100004196167,12.880000114440918,12.6899995803833,12.760000228881836,12.760000228881836,1906678.0
2023-04-20 09:15:00,12.890000343322754,12.890000343322754,12.600000381469727,12.640000343322754,12.640000343322754,1343905.0
2023-04-21 09:15:00,12.890000343322754,12.890000343322754,12.619999885559082,12.6899995803833,12.6899995803833,1001463.0
2023-04-24 09:15:00,12.930000305175781,12.930000305175781,12.539999961853027,12.59000015258789,12.59000015258789,1840415.0
2023-04-25 09:15:00,12.65999984741211,12.65999984741211,12.510000228881836,12.569999694824219,12.569999694824219,2932260.0
2023-04-26 09:15:00,12.640000343322754,12.640000343322754,12.539999961853027,12.609999656677246,12.609999656677246,799288.0
2023-04-27 09:15:00,12.609999656677246,12.670000076293945,12.5600004196167,12.649999618530273,12.649999618530273,575024.0
2023-04-28 09:15:00,12.779999732971191,12.779999732971191,12.609999656677246,12.739999771118164,12.739999771118164,975944.0
2023-05-02 09:15:00,13.100000381469727,13.100000381469727,12.699999809265137,12.720000267028809,12.720000267028809,1222532.0
2023-05-03 09:15:00,12.600000381469727,12.8100004196167,12.600000381469727,12.710000038146973,12.710000038146973,792811.0
2023-05-04 09:15:00,12.720000267028809,12.8100004196167,12.6899995803833,12.779999732971191,12.779999732971191,1799302.0
2023-05-05 09:15:00,12.829999923706055,12.829999923706055,12.729999542236328,12.75,12.75,881851.0
2023-05-08 09:15:00,12.779999732971191,12.8100004196167,12.720000267028809,12.800000190734863,12.800000190734863,1172437.0
2023-05-09 09:15:00,12.84000015258789,12.869999885559082,12.75,12.84000015258789,12.84000015258789,1480056.0
2023-05-10 09:15:00,12.869999885559082,12.899999618530273,12.800000190734863,12.84000015258789,12.84000015258789,838550.0
2023-05-11 09:15:00,12.890000343322754,12.890000343322754,12.630000114440918,12.720000267028809,12.720000267028809,1693955.0
2023-05-12 09:15:00,12.9399995803833,12.9399995803833,12.59000015258789,12.619999885559082,12.619999885559082,1485702.0
2023-05-15 09:15:00,12.649999618530273,12.65999984741211,12.539999961853027,12.630000114440918,12.630000114440918,1765594.0
2023-05-16 09:15:00,12.670000076293945,12.75,12.600000381469727,12.609999656677246,12.609999656677246,700989.0
2023-05-17 09:15:00,12.6899995803833,12.6899995803833,12.489999771118164,12.539999961853027,12.539999961853027,1213900.0
2023-05-19 09:15:00,12.4399995803833,12.4399995803833,12.260000228881836,12.279999732971191,12.279999732971191,2012058.0
2023-05-22 09:15:00,12.319999694824219,12.449999809265137,12.220000267028809,12.399999618530273,12.399999618530273,3002206.0
2023-05-23 09:15:00,12.489999771118164,12.520000457763672,12.399999618530273,12.449999809265137,12.449999809265137,3468335.0
2023-05-24 09:15:00,12.489999771118164,12.59000015258789,12.479999542236328,12.569999694824219,12.569999694824219,1935345.0
2023-05-25 09:15:00,12.569999694824219,12.630000114440918,12.539999961853027,12.59000015258789,12.59000015258789,1857229.0
2023-05-26 09:15:00,12.649999618530273,12.770000457763672,12.550000190734863,12.739999771118164,12.739999771118164,1970274.0
2023-05-30 09:15:00,12.84000015258789,12.84000015258789,12.710000038146973,12.739999771118164,12.739999771118164,667640.0
2023-05-31 09:15:00,12.819999694824219,12.899999618530273,12.75,12.829999923706055,12.829999923706055,2404069.0
2023-06-01 09:15:00,12.90999984741211,13.0,12.850000381469727,12.970000267028809,12.970000267028809,3348163.0
2023-06-02 09:15:00,13.050000190734863,13.0600004196167,12.920000076293945,13.029999732971191,13.029999732971191,4007443.0
2023-06-05 09:15:00,13.100000381469727,13.140000343322754,13.010000228881836,13.069999694824219,13.069999694824219,5715278.0
2023-06-06 09:15:00,13.199999809265137,13.220000267028809,13.020000457763672,13.1899995803833,13.1899995803833,9388127.0
2023-06-07 09:15:00,13.600000381469727,13.600000381469727,13.170000076293945,13.210000038146973,13.210000038146973,2498405.0
2023-06-08 09:15:00,13.350000381469727,13.350000381469727,13.010000228881836,13.0600004196167,13.0600004196167,2039903.0
2023-06-09 09:15:00,13.149999618530273,13.149999618530273,13.0,13.0,13.0,1981242.0
2023-06-12 09:15:00,13.149999618530273,13.34000015258789,12.949999809265137,12.989999771118164,12.989999771118164,1603849.0
2023-06-13 09:15:00,13.079999923706055,13.180000305175781,13.010000228881836,13.140000343322754,13.140000343322754,2100124.0
2023-06-14 09:15:00,13.550000190734863,13.550000190734863,13.09000015258789,13.119999885559082,13.119999885559082,1054750.0
2023-06-15 09:15:00,13.149999618530273,13.359999656677246,13.149999618530273,13.3100004196167,13.3100004196167,3168694.0
2023-06-16 09:15:00,13.319999694824219,13.479999542236328,13.319999694824219,13.380000114440918,13.380000114440918,2911540.0
2023-06-19 09:15:00,13.800000190734863,13.800000190734863,13.390000343322754,13.40999984741211,13.40999984741211,4143111.0
2023-06-20 09:15:00,13.550000190734863,13.550000190734863,13.34000015258789,13.390000343322754,13.390000343322754,2633665.0
2023-06-21 09:15:00,13.470000267028809,13.470000267028809,13.300000190734863,13.399999618530273,13.399999618530273,1717502.0
2023-06-22 09:15:00,13.420000076293945,13.420000076293945,13.289999961853027,13.319999694824219,13.319999694824219,2017178.0
2023-06-23 09:15:00,13.390000343322754,13.390000343322754,13.210000038146973,13.329999923706055,13.329999923706055,2510944.0
2023-06-26 09:15:00,13.420000076293945,13.569999694824219,13.34000015258789,13.510000228881836,13.510000228881836,3762832.0
2023-06-27 09:15:00,13.529999732971191,13.609999656677246,13.479999542236328,13.550000190734863,13.550000190734863,6199231.0
2023-06-28 09:15:00,13.640000343322754,13.8100004196167,13.430000305175781,13.770000457763672,13.770000457763672,4477625.0
2023-06-30 09:15:00,13.770000457763672,13.970000267028809,13.75,13.920000076293945,13.920000076293945,5569376.0
2023-07-07 09:15:00,14.039999961853027,14.100000381469727,13.890000343322754,13.949999809265137,13.949999809265137,6063483.0
2023-07-10 09:15:00,14.350000381469727,14.350000381469727,13.869999885559082,13.899999618530273,13.899999618530273,1344899.0
2023-07-14 09:15:00,14.1899995803833,14.1899995803833,13.960000038146973,14.109999656677246,14.109999656677246,1325795.0
2023-07-17 09:15:00,14.1899995803833,14.260000228881836,14.119999885559082,14.220000267028809,14.220000267028809,4027701.0
2023-07-19 09:15:00,14.289999961853027,14.329999923706055,14.119999885559082,14.270000457763672,14.270000457763672,1727410.0
2023-07-20 09:15:00,14.34000015258789,14.529999732971191,14.25,14.460000038146973,14.460000038146973,9363735.0
2023-07-21 09:15:00,14.520000457763672,14.569999694824219,14.399999618530273,14.470000267028809,14.470000267028809,4153327.0
2023-07-24 09:15:00,14.539999961853027,14.609999656677246,14.420000076293945,14.529999732971191,14.529999732971191,2629352.0
2023-07-26 09:15:00,14.600000381469727,14.75,14.59000015258789,14.680000305175781,14.680000305175781,2183997.0
2023-07-28 09:15:00,15.890000343322754,15.890000343322754,15.130000114440918,15.199999809265137,15.199999809265137,5391407.0
2023-08-03 09:15:00,15.170000076293945,15.510000228881836,15.140000343322754,15.319999694824219,15.319999694824219,8883570.0
2023-08-04 09:15:00,15.319999694824219,15.579999923706055,15.319999694824219,15.489999771118164,15.489999771118164,9004850.0
2023-08-07 09:15:00,15.579999923706055,15.789999961853027,15.489999771118164,15.729999542236328,15.729999542236328,6720821.0
2023-08-08 09:15:00,15.880000114440918,16.0,15.699999809265137,15.829999923706055,15.829999923706055,5703905.0
2023-08-09 09:15:00,16.15999984741211,16.15999984741211,15.829999923706055,15.9399995803833,15.9399995803833,3209715.0
2023-08-10 09:15:00,15.989999771118164,16.0,15.739999771118164,15.800000190734863,15.800000190734863,3685843.0
2023-08-11 09:15:00,15.890000343322754,15.890000343322754,15.600000381469727,15.609999656677246,15.609999656677246,4020958.0
2023-08-14 09:15:00,15.859999656677246,15.859999656677246,15.350000381469727,15.5600004196167,15.5600004196167,3981372.0
2023-08-16 09:15:00,16.049999237060547,16.049999237060547,15.40999984741211,15.65999984741211,15.65999984741211,4352063.0
2023-08-17 09:15:00,15.760000228881836,15.760000228881836,15.550000190734863,15.59000015258789,15.59000015258789,1359594.0
2023-08-18 09:15:00,15.600000381469727,15.699999809265137,15.479999542236328,15.510000228881836,15.510000228881836,1869670.0
2023-08-21 09:15:00,15.699999809265137,15.699999809265137,15.460000038146973,15.5600004196167,15.5600004196167,1929107.0
2023-08-22 09:15:00,15.649999618530273,15.649999618530273,15.460000038146973,15.5600004196167,15.5600004196167,3284016.0
2023-08-23 09:15:00,15.5600004196167,15.640000343322754,15.5,15.529999732971191,15.529999732971191,1400675.0
2023-08-24 09:15:00,15.6899995803833,15.6899995803833,15.420000076293945,15.430000305175781,15.430000305175781,2201166.0
2023-08-25 09:15:00,15.59000015258789,15.59000015258789,15.220000267028809,15.260000228881836,15.260000228881836,2135492.0
2023-08-28 09:15:00,15.300000190734863,15.4399995803833,15.25,15.40999984741211,15.40999984741211,1796299.0
2023-08-29 09:15:00,15.550000190734863,15.550000190734863,15.34000015258789,15.359999656677246,15.359999656677246,2117054.0
2023-08-30 09:15:00,15.800000190734863,15.800000190734863,15.329999923706055,15.380000114440918,15.380000114440918,1956027.0
2023-08-31 09:15:00,15.430000305175781,15.430000305175781,15.25,15.329999923706055,15.329999923706055,3346478.0
2023-09-01 09:15:00,15.800000190734863,15.800000190734863,15.220000267028809,15.25,15.25,2837464.0
2023-09-04 09:15:00,15.699999809265137,15.699999809265137,15.220000267028809,15.279999732971191,15.279999732971191,5976458.0
2023-09-05 09:15:00,15.300000190734863,15.550000190734863,15.279999732971191,15.470000267028809,15.470000267028809,2807940.0
2023-09-06 09:15:00,15.949999809265137,15.949999809265137,15.420000076293945,15.600000381469727,15.600000381469727,2106042.0
2023-09-07 09:15:00,15.600000381469727,15.710000038146973,15.529999732971191,15.550000190734863,15.550000190734863,1920590.0
2023-09-08 09:15:00,15.670000076293945,15.670000076293945,15.460000038146973,15.479999542236328,15.479999542236328,2232660.0
2023-09-11 09:15:00,15.579999923706055,15.579999923706055,15.470000267028809,15.529999732971191,15.529999732971191,2495708.0
2023-09-12 09:15:00,15.640000343322754,15.779999732971191,15.5,15.5600004196167,15.5600004196167,3814957.0
2023-09-13 09:15:00,15.65999984741211,15.720000267028809,15.5600004196167,15.699999809265137,15.699999809265137,3802624.0
2023-09-14 09:15:00,15.800000190734863,15.800000190734863,15.649999618530273,15.729999542236328,15.729999542236328,2701736.0
2023-09-15 09:15:00,15.8100004196167,15.850000381469727,15.739999771118164,15.8100004196167,15.8100004196167,2782581.0
2023-09-18 09:15:00,15.890000343322754,15.899999618530273,15.65999984741211,15.760000228881836,15.760000228881836,3268418.0
2023-09-20 09:15:00,15.770000457763672,15.949999809265137,15.65999984741211,15.6899995803833,15.6899995803833,1849930.0
2023-09-21 09:15:00,15.770000457763672,15.770000457763672,15.510000228881836,15.550000190734863,15.550000190734863,1843013.0
2023-09-22 09:15:00,15.970000267028809,15.970000267028809,15.239999771118164,15.3100004196167,15.3100004196167,4935786.0
2023-09-25 09:15:00,15.390000343322754,15.5,15.210000038146973,15.260000228881836,15.260000228881836,2547731.0
2023-09-26 09:15:00,15.350000381469727,15.350000381469727,15.220000267028809,15.229999542236328,15.229999542236328,1075119.0
2023-09-27 09:15:00,15.229999542236328,15.579999923706055,15.229999542236328,15.399999618530273,15.399999618530273,1865580.0
2023-09-28 09:15:00,15.5,15.6899995803833,15.220000267028809,15.25,15.25,1493391.0
2023-09-29 09:15:00,15.479999542236328,15.760000228881836,15.260000228881836,15.65999984741211,15.65999984741211,3392997.0
2023-10-03 09:15:00,15.65999984741211,16.25,15.5,15.529999732971191,15.529999732971191,2066770.0
2023-10-04 09:15:00,15.75,15.75,15.220000267028809,15.3100004196167,15.3100004196167,2047908.0
2023-10-05 09:15:00,15.449999809265137,15.550000190734863,15.229999542236328,15.260000228881836,15.260000228881836,1724866.0
2023-10-06 09:15:00,15.350000381469727,15.420000076293945,15.289999961853027,15.390000343322754,15.390000343322754,1183200.0
2023-10-09 09:15:00,15.399999618530273,15.470000267028809,15.260000228881836,15.329999923706055,15.329999923706055,1129960.0
2023-10-10 09:15:00,15.420000076293945,15.420000076293945,15.3100004196167,15.359999656677246,15.359999656677246,812684.0
2023-10-11 09:15:00,15.4399995803833,15.5,15.359999656677246,15.40999984741211,15.40999984741211,1255325.0
2023-10-12 09:15:00,15.40999984741211,15.489999771118164,15.350000381469727,15.40999984741211,15.40999984741211,1342768.0
2023-10-13 09:15:00,15.399999618530273,15.479999542236328,15.329999923706055,15.449999809265137,15.449999809265137,1548783.0
2023-10-16 09:15:00,15.899999618530273,15.899999618530273,15.390000343322754,15.399999618530273,15.399999618530273,924870.0
2023-10-17 09:15:00,15.449999809265137,15.520000457763672,15.399999618530273,15.430000305175781,15.430000305175781,1184482.0
2023-10-18 09:15:00,15.460000038146973,15.630000114440918,15.4399995803833,15.579999923706055,15.579999923706055,1769597.0
2023-10-19 09:15:00,15.6899995803833,15.6899995803833,15.40999984741211,15.520000457763672,15.520000457763672,713573.0
2023-10-20 09:15:00,15.579999923706055,15.579999923706055,15.300000190734863,15.3100004196167,15.3100004196167,1268529.0
2023-10-23 09:15:00,15.329999923706055,15.4399995803833,15.109999656677246,15.130000114440918,15.130000114440918,1858534.0
2023-10-25 09:15:00,15.119999885559082,15.300000190734863,14.970000267028809,15.039999961853027,15.039999961853027,3240198.0
2023-10-26 09:15:00,15.140000343322754,15.140000343322754,14.75,14.899999618530273,14.899999618530273,2485681.0
2023-10-27 09:15:00,14.979999542236328,15.050000190734863,14.90999984741211,14.970000267028809,14.970000267028809,1449348.0
2023-10-30 09:15:00,14.989999771118164,15.069999694824219,14.920000076293945,15.020000457763672,15.020000457763672,1269367.0
2023-10-31 09:15:00,15.09000015258789,15.109999656677246,14.880000114440918,14.920000076293945,14.920000076293945,841180.0
2023-11-01 09:15:00,14.5,15.199999809265137,14.449999809265137,14.979999542236328,14.979999542236328,687859.0
2023-11-02 09:15:00,15.300000190734863,15.300000190734863,14.899999618530273,15.09000015258789,15.09000015258789,4335474.0
2023-11-03 09:15:00,15.1899995803833,15.220000267028809,15.079999923706055,15.109999656677246,15.109999656677246,613550.0
2023-11-06 09:15:00,15.5600004196167,15.979999542236328,15.109999656677246,15.300000190734863,15.300000190734863,1090972.0
2023-11-07 09:15:00,15.3100004196167,15.890000343322754,15.239999771118164,15.529999732971191,15.529999732971191,4260100.0
2023-11-08 09:15:00,15.619999885559082,15.800000190734863,15.510000228881836,15.729999542236328,15.729999542236328,3446074.0
2023-11-09 09:15:00,16.0,16.0,15.6899995803833,15.710000038146973,15.710000038146973,1100570.0
2023-11-10 09:15:00,15.25,15.800000190734863,15.239999771118164,15.75,15.75,2211707.0
2023-11-13 09:15:00,15.859999656677246,15.859999656677246,15.6899995803833,15.729999542236328,15.729999542236328,1024511.0
2023-11-15 09:15:00,16.1299991607666,16.1299991607666,15.699999809265137,15.739999771118164,15.739999771118164,1237774.0
2023-11-16 09:15:00,15.979999542236328,15.979999542236328,15.59000015258789,15.899999618530273,15.899999618530273,1816366.0
2023-11-17 09:15:00,16.399999618530273,16.399999618530273,15.399999618530273,16.059999465942383,16.059999465942383,2861465.0
2023-11-20 09:15:00,16.139999389648438,16.25,16.020000457763672,16.040000915527344,16.040000915527344,2391807.0
2023-11-21 09:15:00,16.049999237060547,16.5,15.920000076293945,16.219999313354492,16.219999313354492,2259395.0
2023-11-22 09:15:00,16.209999084472656,16.43000030517578,15.899999618530273,16.31999969482422,16.31999969482422,3405295.0
2023-11-23 09:15:00,16.299999237060547,16.489999771118164,16.059999465942383,16.100000381469727,16.100000381469727,2492902.0
2023-11-24 09:15:00,16.440000534057617,16.440000534057617,16.15999984741211,16.209999084472656,16.209999084472656,2862393.0
2023-11-28 09:15:00,16.479999542236328,16.479999542236328,16.1200008392334,16.139999389648438,16.139999389648438,1902227.0
2023-11-29 09:15:00,16.329999923706055,16.329999923706055,16.139999389648438,16.219999313354492,16.219999313354492,1502473.0
2023-11-30 09:15:00,15.75,16.540000915527344,15.75,16.479999542236328,16.479999542236328,2279505.0
2023-12-01 09:15:00,16.59000015258789,16.6299991607666,16.489999771118164,16.520000457763672,16.520000457763672,6674866.0
2023-12-04 09:15:00,16.700000762939453,17.0,16.43000030517578,16.489999771118164,16.489999771118164,3369572.0
2023-12-05 09:15:00,16.649999618530273,16.75,16.399999618530273,16.459999084472656,16.459999084472656,1867843.0
2023-12-06 09:15:00,16.5,16.790000915527344,16.360000610351562,16.40999984741211,16.40999984741211,2088276.0
2023-12-07 09:15:00,16.440000534057617,16.56999969482422,16.209999084472656,16.559999465942383,16.559999465942383,1233539.0
2023-12-08 09:15:00,17.049999237060547,17.049999237060547,16.309999465942383,16.43000030517578,16.43000030517578,5249428.0
2023-12-11 09:15:00,16.899999618530273,16.899999618530273,16.18000030517578,16.299999237060547,16.299999237060547,3174098.0
2023-12-12 09:15:00,16.450000762939453,16.600000381469727,16.139999389648438,16.209999084472656,16.209999084472656,1914562.0
2023-12-13 09:15:00,16.350000381469727,16.440000534057617,16.200000762939453,16.399999618530273,16.399999618530273,1434597.0
2023-12-14 09:15:00,16.549999237060547,16.600000381469727,16.329999923706055,16.389999389648438,16.389999389648438,3223005.0
2023-12-15 09:15:00,16.559999465942383,16.559999465942383,16.350000381469727,16.3700008392334,16.3700008392334,3906544.0
2023-12-18 09:15:00,16.670000076293945,17.0,16.3799991607666,16.719999313354492,16.719999313354492,5273176.0
2023-12-19 09:15:00,16.8700008392334,16.8700008392334,16.5,16.65999984741211,16.65999984741211,3752853.0
2023-12-20 09:15:00,16.8799991607666,16.8799991607666,16.290000915527344,16.360000610351562,16.360000610351562,3579176.0
2023-12-21 09:15:00,16.360000610351562,16.540000915527344,16.110000610351562,16.489999771118164,16.489999771118164,3762222.0
2023-12-22 09:15:00,17.100000381469727,17.100000381469727,16.5,16.670000076293945,16.670000076293945,4813942.0
2023-12-26 09:15:00,16.790000915527344,16.979999542236328,16.530000686645508,16.809999465942383,16.809999465942383,4421719.0
2023-12-27 09:15:00,16.809999465942383,16.969999313354492,16.790000915527344,16.920000076293945,16.920000076293945,3206990.0
2023-12-28 09:15:00,16.920000076293945,17.5,16.8799991607666,17.110000610351562,17.110000610351562,3985686.0
2023-12-29 09:15:00,17.09000015258789,17.200000762939453,17.030000686645508,17.09000015258789,17.09000015258789,2482652.0
2024-01-01 09:15:00,17.600000381469727,17.780000686645508,17.09000015258789,17.139999389648438,17.139999389648438,2533276.0
2024-01-02 09:15:00,17.15999984741211,17.600000381469727,17.139999389648438,17.549999237060547,17.549999237060547,7837946.0
2024-01-03 09:15:00,18.100000381469727,18.450000762939453,17.450000762939453,17.65999984741211,17.65999984741211,5512181.0
2024-01-04 09:15:00,17.700000762939453,17.81999969482422,17.59000015258789,17.68000030517578,17.68000030517578,5705529.0
2024-01-05 09:15:00,17.780000686645508,17.790000915527344,17.510000228881836,17.639999389648438,17.639999389648438,4925660.0
2024-01-08 09:15:00,17.899999618530273,17.899999618530273,17.420000076293945,17.469999313354492,17.469999313354492,5071776.0
2024-01-09 09:15:00,17.56999969482422,17.68000030517578,17.5,17.6200008392334,17.6200008392334,2535280.0
2024-01-10 09:15:00,17.850000381469727,17.850000381469727,17.399999618530273,17.649999618530273,17.649999618530273,2516432.0
2024-01-11 09:15:00,17.790000915527344,17.790000915527344,17.59000015258789,17.639999389648438,17.639999389648438,1670804.0
2024-01-12 09:15:00,17.709999084472656,17.709999084472656,17.559999465942383,17.610000610351562,17.610000610351562,2458442.0
2024-01-15 09:15:00,17.6299991607666,17.989999771118164,17.6200008392334,17.809999465942383,17.809999465942383,3529944.0
2024-01-16 09:15:00,18.0,18.350000381469727,17.520000457763672,17.610000610351562,17.610000610351562,4518641.0
2024-01-17 09:15:00,17.600000381469727,17.8799991607666,17.399999618530273,17.440000534057617,17.440000534057617,3394158.0
2024-01-19 09:15:00,17.6200008392334,17.780000686645508,17.579999923706055,17.649999618530273,17.649999618530273,2580270.0
2024-01-23 09:15:00,17.979999542236328,17.979999542236328,17.5,17.770000457763672,17.770000457763672,5616174.0
2024-01-24 09:15:00,17.940000534057617,18.5,17.709999084472656,18.049999237060547,18.049999237060547,6046760.0
2024-01-25 09:15:00,18.09000015258789,18.149999618530273,17.709999084472656,17.790000915527344,17.790000915527344,3363642.0
2024-01-29 09:15:00,18.0,18.0,17.719999313354492,17.90999984741211,17.90999984741211,5557067.0
2024-01-30 09:15:00,18.09000015258789,18.09000015258789,17.739999771118164,17.760000228881836,17.760000228881836,2543811.0
2024-01-31 09:15:00,17.889999389648438,18.280000686645508,17.739999771118164,18.229999542236328,18.229999542236328,5420646.0
2024-02-01 09:15:00,18.239999771118164,18.389999389648438,18.030000686645508,18.1200008392334,18.1200008392334,3871904.0
2024-02-02 09:15:00,18.649999618530273,18.649999618530273,18.149999618530273,18.270000457763672,18.270000457763672,5036818.0
2024-02-05 09:15:00,18.270000457763672,18.670000076293945,18.270000457763672,18.59000015258789,18.59000015258789,5338867.0
2024-02-06 09:15:00,18.739999771118164,18.829999923706055,18.600000381469727,18.770000457763672,18.770000457763672,4460212.0
2024-02-07 09:15:00,18.770000457763672,18.950000762939453,18.729999542236328,18.81999969482422,18.81999969482422,3805009.0
2024-02-08 09:15:00,19.360000610351562,19.360000610351562,18.770000457763672,18.799999237060547,18.799999237060547,2660781.0
2024-02-09 09:15:00,18.989999771118164,19.149999618530273,18.700000762939453,18.920000076293945,18.920000076293945,3708090.0
2024-02-12 09:15:00,19.350000381469727,19.350000381469727,18.899999618530273,18.989999771118164,18.989999771118164,4875427.0
2024-02-13 09:15:00,19.299999237060547,19.299999237060547,18.860000610351562,19.079999923706055,19.079999923706055,2514714.0
2024-02-14 09:15:00,19.290000915527344,19.290000915527344,18.729999542236328,18.920000076293945,18.920000076293945,2815036.0
2024-02-15 09:15:00,19.149999618530273,19.149999618530273,18.809999465942383,18.90999984741211,18.90999984741211,1999788.0
2024-02-16 09:15:00,18.920000076293945,19.280000686645508,18.84000015258789,19.209999084472656,19.209999084472656,3382698.0
2024-02-19 09:15:00,19.350000381469727,19.420000076293945,19.209999084472656,19.389999389648438,19.389999389648438,2949723.0
2024-02-20 09:15:00,19.399999618530273,19.5,19.149999618530273,19.31999969482422,19.31999969482422,2631691.0
2024-02-21 09:15:00,19.3700008392334,20.799999237060547,19.18000030517578,19.260000228881836,19.260000228881836,3755446.0
2024-02-22 09:15:00,19.850000381469727,20.799999237060547,19.100000381469727,19.280000686645508,19.280000686645508,2026974.0
2024-02-23 09:15:00,19.489999771118164,19.489999771118164,19.290000915527344,19.3799991607666,19.3799991607666,1554713.0
2024-02-26 09:15:00,19.5,19.5,19.15999984741211,19.290000915527344,19.290000915527344,3579882.0
2024-02-27 09:15:00,19.3799991607666,19.389999389648438,19.200000762939453,19.360000610351562,19.360000610351562,4808922.0
2024-02-28 09:15:00,19.360000610351562,19.450000762939453,19.200000762939453,19.25,19.25,1684642.0
2024-02-29 09:15:00,19.31999969482422,19.3700008392334,19.079999923706055,19.309999465942383,19.309999465942383,2092805.0
2024-03-01 09:15:00,19.399999618530273,19.40999984741211,19.1200008392334,19.15999984741211,19.15999984741211,3301515.0
2024-03-04 09:15:00,19.850000381469727,19.850000381469727,18.0,19.299999237060547,19.299999237060547,2815098.0
2024-03-05 09:15:00,19.299999237060547,19.479999542236328,19.0,19.34000015258789,19.34000015258789,2181372.0
2024-03-06 09:15:00,19.40999984741211,19.489999771118164,19.149999618530273,19.450000762939453,19.450000762939453,2338629.0
2024-03-07 09:15:00,19.40999984741211,19.600000381469727,19.40999984741211,19.5,19.5,1649740.0
2024-03-11 09:15:00,19.899999618530273,19.899999618530273,19.520000457763672,19.56999969482422,19.56999969482422,2867334.0
2024-03-12 09:15:00,20.149999618530273,20.149999618530273,19.239999771118164,19.290000915527344,19.290000915527344,2463552.0
2024-03-13 09:15:00,19.3799991607666,19.3799991607666,18.809999465942383,18.950000762939453,18.950000762939453,4372430.0
2024-03-14 09:15:00,19.5,19.5,18.81999969482422,19.15999984741211,19.15999984741211,2342645.0
2024-03-15 09:15:00,19.75,19.75,18.899999618530273,19.020000457763672,19.020000457763672,2304979.0
2024-03-18 09:15:00,19.459999084472656,19.459999084472656,18.950000762939453,19.149999618530273,19.149999618530273,2331894.0
2024-03-19 09:15:00,19.489999771118164,19.489999771118164,18.68000030517578,18.739999771118164,18.739999771118164,2405694.0
2024-03-20 09:15:00,19.25,19.25,18.479999542236328,18.65999984741211,18.65999984741211,4036045.0
2024-03-21 09:15:00,18.81999969482422,18.93000030517578,18.670000076293945,18.8700008392334,18.8700008392334,1938774.0
2024-03-22 09:15:00,19.25,19.25,18.860000610351562,19.100000381469727,19.100000381469727,2282644.0
2024-03-26 09:15:00,19.170000076293945,19.25,18.860000610351562,19.1200008392334,19.1200008392334,2365189.0
2024-03-27 09:15:00,19.149999618530273,19.25,19.079999923706055,19.110000610351562,19.110000610351562,1426442.0
2024-03-28 09:15:00,19.5,19.5,19.0,19.270000457763672,19.270000457763672,3162611.0
2024-04-01 09:15:00,19.5,19.549999237060547,19.290000915527344,19.510000228881836,19.510000228881836,1809769.0
2024-04-02 09:15:00,19.5,19.59000015258789,19.420000076293945,19.5,19.5,2388782.0
2024-04-03 09:15:00,19.75,19.75,19.399999618530273,19.489999771118164,19.489999771118164,1674595.0
2024-04-04 09:15:00,19.700000762939453,19.700000762939453,19.290000915527344,19.440000534057617,19.440000534057617,3605723.0
2024-04-05 09:15:00,19.479999542236328,19.700000762939453,19.40999984741211,19.510000228881836,19.510000228881836,1987741.0
2024-04-08 09:15:00,19.780000686645508,19.780000686645508,19.479999542236328,19.559999465942383,19.559999465942383,1657785.0
2024-04-09 09:15:00,19.68000030517578,19.68000030517578,19.479999542236328,19.510000228881836,19.510000228881836,1481012.0
2024-04-10 09:15:00,19.6200008392334,19.6200008392334,19.40999984741211,19.459999084472656,19.459999084472656,3076491.0
2024-04-12 09:15:00,19.729999542236328,19.729999542236328,19.1200008392334,19.139999389648438,19.139999389648438,5086130.0
2024-04-15 09:15:00,19.420000076293945,19.420000076293945,18.600000381469727,18.940000534057617,18.940000534057617,3612885.0
2024-04-16 09:15:00,18.979999542236328,19.06999969482422,18.81999969482422,18.940000534057617,18.940000534057617,3866476.0
2024-04-18 09:15:00,19.09000015258789,19.149999618530273,18.81999969482422,18.850000381469727,18.850000381469727,3408694.0
2024-04-19 09:15:00,18.850000381469727,18.850000381469727,17.0,18.75,18.75,4321388.0
2024-04-22 09:15:00,19.0,19.040000915527344,18.200000762939453,19.0,19.0,2327105.0
2024-04-23 09:15:00,19.040000915527344,19.139999389648438,18.719999313354492,18.760000228881836,18.760000228881836,5366089.0
2024-04-24 09:15:00,18.770000457763672,18.950000762939453,18.770000457763672,18.899999618530273,18.899999618530273,1880047.0
2024-04-25 09:15:00,18.899999618530273,19.200000762939453,18.889999389648438,19.15999984741211,19.15999984741211,3340941.0
2024-04-26 09:15:00,19.280000686645508,19.399999618530273,19.0,19.280000686645508,19.280000686645508,4045567.0
2024-04-29 09:15:00,19.280000686645508,19.450000762939453,18.889999389648438,19.3799991607666,19.3799991607666,2215987.0
2024-04-30 09:15:00,19.549999237060547,19.549999237060547,19.25,19.270000457763672,19.270000457763672,4504810.0
2024-05-02 09:15:00,19.360000610351562,19.469999313354492,19.0,19.399999618530273,19.399999618530273,2162160.0
2024-05-03 09:15:00,19.540000915527344,19.549999237060547,19.329999923706055,19.420000076293945,19.420000076293945,1967539.0
2024-05-06 09:15:00,19.420000076293945,19.559999465942383,19.260000228881836,19.5,19.5,4988132.0
2024-05-07 09:15:00,19.56999969482422,19.56999969482422,19.0,19.170000076293945,19.170000076293945,4154495.0
2024-05-08 09:15:00,19.149999618530273,19.18000030517578,18.940000534057617,19.139999389648438,19.139999389648438,1982507.0
2024-05-09 09:15:00,19.260000228881836,19.260000228881836,18.729999542236328,18.780000686645508,18.780000686645508,4248080.0
2024-05-10 09:15:00,19.350000381469727,19.350000381469727,18.030000686645508,18.770000457763672,18.770000457763672,3183870.0
2024-05-13 09:15:00,18.760000228881836,19.299999237060547,18.65999984741211,19.260000228881836,19.260000228881836,3952732.0
2024-05-14 09:15:00,19.260000228881836,19.299999237060547,19.059999465942383,19.18000030517578,19.18000030517578,1065142.0
2024-05-15 09:15:00,19.469999313354492,19.469999313354492,19.190000534057617,19.239999771118164,19.239999771118164,1197230.0
2024-05-16 09:15:00,19.799999237060547,19.799999237060547,19.06999969482422,19.290000915527344,19.290000915527344,2749622.0
2024-05-17 09:15:00,19.719999313354492,19.719999313354492,19.15999984741211,19.260000228881836,19.260000228881836,1262543.0
2024-05-21 09:15:00,19.75,19.75,19.0,19.479999542236328,19.479999542236328,3873448.0
2024-05-22 09:15:00,19.56999969482422,19.700000762939453,19.3700008392334,19.6299991607666,19.6299991607666,2694349.0
2024-05-23 09:15:00,19.719999313354492,19.719999313354492,19.34000015258789,19.489999771118164,19.489999771118164,4297070.0
2024-05-24 09:15:00,19.780000686645508,19.780000686645508,19.34000015258789,19.420000076293945,19.420000076293945,2621534.0
2024-05-27 09:15:00,19.6200008392334,19.6200008392334,19.40999984741211,19.440000534057617,19.440000534057617,2423328.0
2024-05-28 09:15:00,19.440000534057617,19.639999389648438,19.43000030517578,19.510000228881836,19.510000228881836,1896478.0
2024-05-29 09:15:00,19.510000228881836,19.739999771118164,19.459999084472656,19.649999618530273,19.649999618530273,7766410.0
2024-05-30 09:15:00,19.709999084472656,19.739999771118164,19.239999771118164,19.309999465942383,19.309999465942383,3169841.0
2024-05-31 09:15:00,19.899999618530273,19.899999618530273,19.030000686645508,19.110000610351562,19.110000610351562,3014612.0
2024-06-03 09:15:00,19.75,20.799999237060547,19.15999984741211,19.280000686645508,19.280000686645508,3039237.0
2024-06-04 09:15:00,19.799999237060547,19.799999237060547,18.829999923706055,19.15999984741211,19.15999984741211,5548817.0
2024-06-05 09:15:00,19.75,19.75,19.15999984741211,19.610000610351562,19.610000610351562,7149119.0
2024-06-06 09:15:00,19.799999237060547,19.799999237060547,19.350000381469727,19.559999465942383,19.559999465942383,3805856.0
2024-06-07 09:15:00,19.56999969482422,19.979999542236328,19.56999969482422,19.93000030517578,19.93000030517578,6806833.0
2024-06-10 09:15:00,20.479999542236328,20.600000381469727,19.979999542236328,20.079999923706055,20.079999923706055,14564320.0
2024-06-11 09:15:00,20.700000762939453,20.700000762939453,20.020000457763672,20.049999237060547,20.049999237060547,12150080.0
2024-06-12 09:15:00,20.350000381469727,20.350000381469727,19.860000610351562,20.059999465942383,20.059999465942383,5790950.0
2024-06-13 09:15:00,20.40999984741211,20.40999984741211,20.059999465942383,20.1299991607666,20.1299991607666,4065847.0
2024-06-14 09:15:00,20.34000015258789,20.34000015258789,20.09000015258789,20.200000762939453,20.200000762939453,3762573.0
2024-06-18 09:15:00,20.479999542236328,20.479999542236328,20.059999465942383,20.15999984741211,20.15999984741211,5094449.0
2024-06-19 09:15:00,20.399999618530273,20.399999618530273,19.969999313354492,19.989999771118164,19.989999771118164,3781829.0
2024-06-20 09:15:00,20.5,20.5,19.829999923706055,19.889999389648438,19.889999389648438,3947334.0
2024-06-21 09:15:00,20.200000762939453,20.200000762939453,19.610000610351562,19.8799991607666,19.8799991607666,4287352.0
2024-06-24 09:15:00,19.8799991607666,20.059999465942383,19.790000915527344,19.860000610351562,19.860000610351562,2081881.0
2024-06-25 09:15:00,20.149999618530273,20.149999618530273,19.799999237060547,19.850000381469727,19.850000381469727,1839380.0
2024-06-26 09:15:00,20.149999618530273,20.149999618530273,19.75,19.8700008392334,19.8700008392334,2084583.0
2024-06-27 09:15:00,19.670000076293945,20.079999923706055,19.25,19.84000015258789,19.84000015258789,2235741.0
2024-06-28 09:15:00,20.100000381469727,20.110000610351562,19.739999771118164,20.079999923706055,20.079999923706055,3530484.0
2024-07-01 09:15:00,20.18000030517578,20.18000030517578,19.989999771118164,20.079999923706055,20.079999923706055,2821633.0
2024-07-02 09:15:00,20.079999923706055,20.149999618530273,19.989999771118164,20.1200008392334,20.1200008392334,2756566.0
2024-07-03 09:15:00,20.149999618530273,20.280000686645508,20.059999465942383,20.260000228881836,20.260000228881836,3375539.0
2024-07-04 09:15:00,20.360000610351562,20.579999923706055,20.239999771118164,20.520000457763672,20.520000457763672,12321590.0
2024-07-05 09:15:00,20.520000457763672,20.899999618530273,20.520000457763672,20.84000015258789,20.84000015258789,9393917.0
2024-07-08 09:15:00,20.84000015258789,21.09000015258789,20.600000381469727,20.68000030517578,20.68000030517578,8011207.0
2024-07-09 09:15:00,20.84000015258789,21.0,20.649999618530273,20.979999542236328,20.979999542236328,4861475.0
2024-07-10 09:15:00,20.989999771118164,21.1200008392334,20.649999618530273,21.06999969482422,21.06999969482422,8081988.0
2024-07-11 09:15:00,21.170000076293945,21.270000457763672,20.8799991607666,20.969999313354492,20.969999313354492,4419999.0
2024-07-12 09:15:00,21.25,21.25,20.8700008392334,20.940000534057617,20.940000534057617,5347760.0
2024-07-15 09:15:00,21.100000381469727,21.290000915527344,20.8700008392334,21.200000762939453,21.200000762939453,8167717.0
2024-07-16 09:15:00,21.25,21.3700008392334,21.139999389648438,21.170000076293945,21.170000076293945,3986017.0
2024-07-18 09:15:00,21.360000610351562,21.440000534057617,20.959999084472656,21.110000610351562,21.110000610351562,4078844.0
2024-07-19 09:15:00,21.110000610351562,21.299999237060547,20.799999237060547,20.81999969482422,20.81999969482422,5573414.0
2024-07-22 09:15:00,21.0,21.1200008392334,20.5,21.030000686645508,21.030000686645508,3759790.0
2024-07-23 09:15:00,21.15999984741211,21.200000762939453,20.709999084472656,21.15999984741211,21.15999984741211,4413737.0
2024-07-24 09:15:00,20.799999237060547,21.8700008392334,19.899999618530273,21.280000686645508,21.280000686645508,3656021.0
2024-07-25 09:15:00,21.3799991607666,21.780000686645508,21.030000686645508,21.469999313354492,21.469999313354492,4090165.0
2024-07-26 09:15:00,21.479999542236328,22.079999923706055,21.469999313354492,21.969999313354492,21.969999313354492,8862991.0
2024-07-29 09:15:00,22.100000381469727,22.149999618530273,21.649999618530273,22.09000015258789,22.09000015258789,6517340.0
2024-07-30 09:15:00,22.229999542236328,22.229999542236328,21.940000534057617,21.969999313354492,21.969999313354492,5324727.0
2024-07-31 09:15:00,22.25,22.25,21.979999542236328,22.18000030517578,22.18000030517578,4134720.0
2024-08-01 09:15:00,22.0,22.3700008392334,22.0,22.190000534057617,22.190000534057617,3770981.0
2024-08-02 09:15:00,22.270000457763672,22.450000762939453,22.030000686645508,22.34000015258789,22.34000015258789,5099970.0
2024-08-05 09:15:00,22.950000762939453,22.950000762939453,21.950000762939453,22.25,22.25,8443020.0
2024-08-06 09:15:00,22.309999465942383,22.420000076293945,21.93000030517578,21.979999542236328,21.979999542236328,4388364.0
2024-08-07 09:15:00,22.100000381469727,22.520000457763672,21.989999771118164,22.479999542236328,22.479999542236328,3076570.0
2024-08-08 09:15:00,22.40999984741211,22.75,22.399999618530273,22.59000015258789,22.59000015258789,6166961.0
2024-08-09 09:15:00,22.950000762939453,22.950000762939453,22.329999923706055,22.639999389648438,22.639999389648438,5674625.0
2024-08-12 09:15:00,23.299999237060547,23.299999237060547,22.600000381469727,22.639999389648438,22.639999389648438,4315830.0
2024-08-13 09:15:00,22.639999389648438,22.8700008392334,22.56999969482422,22.610000610351562,22.610000610351562,8973204.0
2024-08-14 09:15:00,22.799999237060547,22.899999618530273,22.3799991607666,22.440000534057617,22.440000534057617,4276532.0
2024-08-16 09:15:00,22.729999542236328,22.739999771118164,22.34000015258789,22.610000610351562,22.610000610351562,3904865.0
2024-08-19 09:15:00,22.649999618530273,22.84000015258789,22.350000381469727,22.729999542236328,22.729999542236328,5157465.0
2024-08-20 09:15:00,22.729999542236328,23.030000686645508,22.65999984741211,22.790000915527344,22.790000915527344,2390863.0
2024-08-21 09:15:00,23.0,23.079999923706055,22.760000228881836,23.040000915527344,23.040000915527344,4360631.0
2024-08-22 09:15:00,23.200000762939453,23.31999969482422,22.959999084472656,23.030000686645508,23.030000686645508,2621196.0
2024-08-23 09:15:00,23.200000762939453,23.219999313354492,22.950000762939453,23.030000686645508,23.030000686645508,2335807.0
2024-08-26 09:15:00,23.350000381469727,23.350000381469727,22.790000915527344,23.020000457763672,23.020000457763672,2675344.0
2024-08-28 09:15:00,23.18000030517578,23.520000457763672,23.15999984741211,23.489999771118164,23.489999771118164,4385104.0
2024-08-29 09:15:00,23.510000228881836,23.6200008392334,23.280000686645508,23.3700008392334,23.3700008392334,3984117.0
2024-08-30 09:15:00,23.549999237060547,23.790000915527344,23.3700008392334,23.739999771118164,23.739999771118164,3925096.0
2024-09-02 09:15:00,24.450000762939453,24.450000762939453,23.459999084472656,23.5,23.5,6425284.0
2024-09-03 09:15:00,23.68000030517578,23.780000686645508,23.5,23.510000228881836,23.510000228881836,3042933.0
2024-09-04 09:15:00,23.700000762939453,23.700000762939453,23.239999771118164,23.670000076293945,23.670000076293945,2732227.0
2024-09-05 09:15:00,23.829999923706055,23.8700008392334,23.6299991607666,23.649999618530273,23.649999618530273,3714746.0
2024-09-06 09:15:00,23.760000228881836,23.889999389648438,23.479999542236328,23.540000915527344,23.540000915527344,3802314.0
2024-09-09 09:15:00,24.25,24.25,22.0,23.510000228881836,23.510000228881836,3946289.0
2024-09-10 09:15:00,23.75,23.799999237060547,23.600000381469727,23.75,23.75,3655196.0
2024-09-11 09:15:00,23.8799991607666,23.979999542236328,23.530000686645508,23.709999084472656,23.709999084472656,12247460.0
2024-09-12 09:15:00,23.920000076293945,23.989999771118164,23.729999542236328,23.8700008392334,23.8700008392334,2689913.0
2024-09-13 09:15:00,23.950000762939453,24.0,23.84000015258789,23.920000076293945,23.920000076293945,3121563.0
2024-09-16 09:15:00,24.100000381469727,24.1200008392334,23.68000030517578,23.940000534057617,23.940000534057617,3110842.0
2024-09-17 09:15:00,23.200000762939453,24.3799991607666,23.200000762939453,23.8799991607666,23.8799991607666,2253942.0
2024-09-18 09:15:00,24.049999237060547,24.049999237060547,23.399999618530273,23.540000915527344,23.540000915527344,4941795.0
2024-09-19 09:15:00,23.780000686645508,23.780000686645508,23.200000762939453,23.389999389648438,23.389999389648438,9014259.0
2024-09-20 09:15:00,23.559999465942383,23.709999084472656,23.329999923706055,23.43000030517578,23.43000030517578,3973767.0
2024-09-23 09:15:00,24.149999618530273,24.149999618530273,23.229999542236328,23.549999237060547,23.549999237060547,4665373.0
2024-09-24 09:15:00,23.65999984741211,23.719999313354492,23.549999237060547,23.670000076293945,23.670000076293945,2156340.0
2024-09-25 09:15:00,24.399999618530273,24.399999618530273,23.540000915527344,23.729999542236328,23.729999542236328,1999691.0
2024-09-26 09:15:00,23.6200008392334,23.889999389648438,23.299999237060547,23.719999313354492,23.719999313354492,2919788.0
2024-09-27 09:15:00,23.860000610351562,23.940000534057617,23.65999984741211,23.899999618530273,23.899999618530273,3868859.0
2024-09-30 09:15:00,24.0,24.030000686645508,23.719999313354492,23.760000228881836,23.760000228881836,3462048.0
2024-10-01 09:15:00,23.760000228881836,23.850000381469727,23.5,23.790000915527344,23.790000915527344,3659366.0
2024-10-03 09:15:00,23.8799991607666,23.889999389648438,23.5,23.579999923706055,23.579999923706055,8946715.0
2024-10-04 09:15:00,23.739999771118164,23.920000076293945,23.450000762939453,23.649999618530273,23.649999618530273,4167637.0
2024-10-07 09:15:00,23.850000381469727,23.850000381469727,23.31999969482422,23.469999313354492,23.469999313354492,5434931.0
2024-10-08 09:15:00,23.709999084472656,23.84000015258789,23.329999923706055,23.799999237060547,23.799999237060547,1976728.0
2024-10-09 09:15:00,23.5,24.3700008392334,23.5,24.299999237060547,24.299999237060547,14246460.0
2024-10-10 09:15:00,24.5,24.5,23.75,23.809999465942383,23.809999465942383,6469579.0
2024-10-11 09:15:00,23.809999465942383,24.09000015258789,23.729999542236328,24.010000228881836,24.010000228881836,2563566.0
2024-10-14 09:15:00,24.25,24.25,23.920000076293945,24.18000030517578,24.18000030517578,16745700.0
2024-10-15 09:15:00,24.299999237060547,24.34000015258789,23.979999542236328,24.030000686645508,24.030000686645508,2648998.0
2024-10-16 09:15:00,24.530000686645508,24.530000686645508,23.809999465942383,23.950000762939453,23.950000762939453,2811515.0
2024-10-17 09:15:00,24.200000762939453,24.200000762939453,23.670000076293945,23.739999771118164,23.739999771118164,3273476.0
2024-10-18 09:15:00,23.84000015258789,23.8700008392334,23.5,23.809999465942383,23.809999465942383,2135364.0
2024-10-21 09:15:00,23.959999084472656,23.959999084472656,23.510000228881836,23.540000915527344,23.540000915527344,4239971.0
2024-10-22 09:15:00,23.68000030517578,23.68000030517578,23.209999084472656,23.229999542236328,23.229999542236328,3917449.0
2024-10-23 09:15:00,23.469999313354492,23.469999313354492,22.84000015258789,22.8799991607666,22.8799991607666,15196590.0
2024-10-24 09:15:00,23.549999237060547,23.549999237060547,22.899999618530273,22.979999542236328,22.979999542236328,3394638.0
2024-10-25 09:15:00,24.020000457763672,24.020000457763672,22.8700008392334,22.969999313354492,22.969999313354492,2616234.0
2024-10-28 09:15:00,23.649999618530273,23.649999618530273,22.530000686645508,23.329999923706055,23.329999923706055,6759104.0
2024-10-29 09:15:00,23.579999923706055,23.579999923706055,22.84000015258789,23.079999923706055,23.079999923706055,3348839.0
2024-10-31 09:15:00,23.549999237060547,23.549999237060547,23.0,23.170000076293945,23.170000076293945,2360246.0
2024-11-01 09:15:00,23.469999313354492,23.489999771118164,23.09000015258789,23.360000610351562,23.360000610351562,1248504.0
2024-11-04 09:15:00,23.360000610351562,23.56999969482422,22.84000015258789,23.1200008392334,23.1200008392334,3680783.0
2024-11-06 09:15:00,23.5,23.5,23.010000228881836,23.31999969482422,23.31999969482422,8701910.0
2024-11-07 09:15:00,23.600000381469727,23.600000381469727,22.959999084472656,23.0,23.0,3172405.0
2024-11-08 09:15:00,23.0,23.25,22.299999237060547,22.920000076293945,22.920000076293945,4870744.0
2024-11-11 09:15:00,23.09000015258789,23.09000015258789,22.670000076293945,22.809999465942383,22.809999465942383,4258968.0
2024-11-12 09:15:00,22.989999771118164,22.989999771118164,22.579999923706055,22.6299991607666,22.6299991607666,2973486.0
2024-11-13 09:15:00,22.850000381469727,22.850000381469727,22.170000076293945,22.280000686645508,22.280000686645508,8178415.0
2024-11-14 09:15:00,22.520000457763672,22.530000686645508,22.1200008392334,22.229999542236328,22.229999542236328,4180515.0
2024-11-18 09:15:00,22.479999542236328,22.479999542236328,21.899999618530273,21.940000534057617,21.940000534057617,4658755.0
2024-11-19 09:15:00,22.190000534057617,22.440000534057617,21.799999237060547,22.239999771118164,22.239999771118164,2229321.0
2024-11-21 09:15:00,22.440000534057617,22.440000534057617,22.0,22.200000762939453,22.200000762939453,1950651.0
2024-11-22 09:15:00,22.200000762939453,22.5,22.15999984741211,22.43000030517578,22.43000030517578,3217847.0
2024-11-25 09:15:00,22.75,22.75,22.5,22.6200008392334,22.6200008392334,2848389.0
2024-11-26 09:15:00,22.790000915527344,22.799999237060547,22.350000381469727,22.40999984741211,22.40999984741211,2731509.0
2024-11-27 09:15:00,22.59000015258789,22.59000015258789,22.190000534057617,22.290000915527344,22.290000915527344,3668101.0
2024-11-28 09:15:00,22.40999984741211,22.420000076293945,22.09000015258789,22.190000534057617,22.190000534057617,3143258.0
2024-11-29 09:15:00,22.59000015258789,22.729999542236328,22.18000030517578,22.68000030517578,22.68000030517578,3495535.0
2024-12-02 09:15:00,22.889999389648438,22.959999084472656,22.510000228881836,22.93000030517578,22.93000030517578,5229944.0
2024-12-03 09:15:00,23.25,23.25,22.860000610351562,22.90999984741211,22.90999984741211,7409266.0
2024-12-04 09:15:00,22.959999084472656,23.15999984741211,22.760000228881836,22.899999618530273,22.899999618530273,2485593.0
2024-12-05 09:15:00,23.200000762939453,23.200000762939453,22.6200008392334,22.959999084472656,22.959999084472656,5806102.0
2024-12-06 09:15:00,23.5,23.5,22.8700008392334,22.899999618530273,22.899999618530273,2773690.0
2024-12-09 09:15:00,22.899999618530273,22.989999771118164,22.729999542236328,22.770000457763672,22.770000457763672,2632678.0
2024-12-10 09:15:00,22.8799991607666,22.8799991607666,22.649999618530273,22.760000228881836,22.760000228881836,2829357.0
2024-12-11 09:15:00,22.989999771118164,22.989999771118164,22.700000762939453,22.770000457763672,22.770000457763672,4870786.0
2024-12-12 09:15:00,22.5,22.969999313354492,22.5,22.700000762939453,22.700000762939453,2085097.0
2024-12-13 09:15:00,22.8799991607666,22.93000030517578,22.239999771118164,22.6299991607666,22.6299991607666,5509076.0
2024-12-16 09:15:00,22.6299991607666,22.8799991607666,22.510000228881836,22.670000076293945,22.670000076293945,2177788.0
2024-12-17 09:15:00,23.350000381469727,23.350000381469727,22.479999542236328,22.540000915527344,22.540000915527344,2429542.0
2024-12-18 09:15:00,23.200000762939453,23.200000762939453,22.5,22.709999084472656,22.709999084472656,2694465.0
2024-12-19 09:15:00,22.75,23.139999389648438,22.559999465942383,23.100000381469727,23.100000381469727,5272959.0
2024-12-20 09:15:00,23.209999084472656,23.209999084472656,22.8799991607666,22.90999984741211,22.90999984741211,4282895.0
2024-12-23 09:15:00,23.600000381469727,23.600000381469727,22.760000228881836,22.969999313354492,22.969999313354492,3572902.0
2024-12-24 09:15:00,23.09000015258789,23.100000381469727,22.899999618530273,22.959999084472656,22.959999084472656,2118165.0
2024-12-26 09:15:00,23.110000610351562,23.139999389648438,22.860000610351562,23.110000610351562,23.110000610351562,2435366.0
2024-12-27 09:15:00,23.110000610351562,23.479999542236328,23.020000457763672,23.399999618530273,23.399999618530273,3682072.0
2024-12-30 09:15:00,23.530000686645508,23.780000686645508,23.40999984741211,23.709999084472656,23.709999084472656,6318384.0
2024-12-31 09:15:00,23.799999237060547,23.989999771118164,23.59000015258789,23.84000015258789,23.84000015258789,14179090.0
2025-01-01 09:15:00,23.799999237060547,23.989999771118164,23.649999618530273,23.8700008392334,23.8700008392334,2365386.0
2025-01-02 09:15:00,23.989999771118164,23.989999771118164,23.75,23.950000762939453,23.950000762939453,3635258.0
2025-01-03 09:15:00,24.649999618530273,24.649999618530273,23.700000762939453,23.770000457763672,23.770000457763672,6384744.0
2025-01-06 09:15:00,23.770000457763672,23.8700008392334,23.399999618530273,23.56999969482422,23.56999969482422,5521451.0
2025-01-07 09:15:00,23.600000381469727,23.81999969482422,23.579999923706055,23.6200008392334,23.6200008392334,4115226.0
2025-01-08 09:15:00,23.81999969482422,23.850000381469727,23.3799991607666,23.5,23.5,3527596.0
2025-01-09 09:15:00,23.670000076293945,23.670000076293945,23.25,23.270000457763672,23.270000457763672,2446157.0
2025-01-10 09:15:00,23.270000457763672,23.450000762939453,22.729999542236328,22.770000457763672,22.770000457763672,5774160.0
2025-01-13 09:15:00,22.770000457763672,22.780000686645508,22.219999313354492,22.299999237060547,22.299999237060547,3688428.0
2025-01-14 09:15:00,22.540000915527344,22.700000762939453,22.25,22.65999984741211,22.65999984741211,3309817.0
2025-01-15 09:15:00,22.739999771118164,22.860000610351562,22.260000228881836,22.43000030517578,22.43000030517578,2492898.0
2025-01-16 09:15:00,22.950000762939453,22.950000762939453,22.25,22.3700008392334,22.3700008392334,2840928.0
2025-01-17 09:15:00,22.479999542236328,22.6299991607666,22.299999237060547,22.5,22.5,1644894.0
2025-01-20 09:15:00,22.5,22.649999618530273,22.290000915527344,22.6299991607666,22.6299991607666,1853123.0
2025-01-21 09:15:00,22.3799991607666,22.790000915527344,22.299999237060547,22.3700008392334,22.3700008392334,2396370.0
2025-01-22 09:15:00,22.520000457763672,22.530000686645508,22.260000228881836,22.440000534057617,22.440000534057617,2085119.0
2025-01-23 09:15:00,22.440000534057617,22.829999923706055,22.280000686645508,22.790000915527344,22.790000915527344,2591390.0
2025-01-24 09:15:00,22.940000534057617,22.940000534057617,22.229999542236328,22.329999923706055,22.329999923706055,3473053.0
2025-01-27 09:15:00,22.440000534057617,22.5,21.649999618530273,21.719999313354492,21.719999313354492,4684535.0
2025-01-28 09:15:00,22.350000381469727,22.399999618530273,21.049999237060547,21.25,21.25,5314971.0
2025-01-29 09:15:00,21.489999771118164,21.690000534057617,21.209999084472656,21.610000610351562,21.610000610351562,2786721.0
2025-01-30 09:15:00,21.860000610351562,21.899999618530273,21.389999389648438,21.850000381469727,21.850000381469727,2330298.0
2025-01-31 09:15:00,21.850000381469727,22.040000915527344,21.600000381469727,21.889999389648438,21.889999389648438,1992294.0
2025-02-01 09:15:00,21.989999771118164,22.079999923706055,21.639999389648438,21.760000228881836,21.760000228881836,0.0
2025-02-03 09:15:00,21.489999771118164,21.8700008392334,21.489999771118164,21.809999465942383,21.809999465942383,1807030.0
2025-02-04 09:15:00,22.25,22.25,21.809999465942383,22.1299991607666,22.1299991607666,2515732.0
2025-02-05 09:15:00,22.290000915527344,22.350000381469727,22.040000915527344,22.309999465942383,22.309999465942383,2646316.0
2025-02-06 09:15:00,22.389999389648438,22.59000015258789,22.309999465942383,22.479999542236328,22.479999542236328,2254547.0
2025-02-07 09:15:00,22.489999771118164,22.600000381469727,22.399999618530273,22.489999771118164,22.489999771118164,1890240.0
2025-02-10 09:15:00,22.850000381469727,22.850000381469727,22.06999969482422,22.149999618530273,22.149999618530273,1839013.0
2025-02-11 09:15:00,22.799999237060547,22.799999237060547,21.59000015258789,21.700000762939453,21.700000762939453,2672511.0
2025-02-12 09:15:00,22.350000381469727,22.350000381469727,21.399999618530273,21.610000610351562,21.610000610351562,2480753.0
2025-02-13 09:15:00,21.850000381469727,22.100000381469727,21.610000610351562,21.950000762939453,21.950000762939453,2004615.0
2025-02-14 09:15:00,22.450000762939453,22.450000762939453,21.15999984741211,21.31999969482422,21.31999969482422,6115299.0
2025-02-17 09:15:00,21.799999237060547,21.799999237060547,21.079999923706055,21.510000228881836,21.510000228881836,2485672.0
2025-02-18 09:15:00,21.510000228881836,21.690000534057617,21.25,21.389999389648438,21.389999389648438,2456928.0
2025-02-19 09:15:00,21.510000228881836,21.510000228881836,20.709999084472656,21.280000686645508,21.280000686645508,9204313.0
2025-02-20 09:15:00,21.34000015258789,21.350000381469727,21.100000381469727,21.200000762939453,21.200000762939453,2298657.0
2025-02-21 09:15:00,21.200000762939453,21.389999389648438,20.670000076293945,20.780000686645508,20.780000686645508,10588270.0
2025-02-24 09:15:00,20.979999542236328,20.979999542236328,20.229999542236328,20.799999237060547,20.799999237060547,2523887.0
2025-02-25 09:15:00,20.799999237060547,20.959999084472656,20.6200008392334,20.65999984741211,20.65999984741211,1643140.0
2025-02-27 09:15:00,21.299999237060547,21.299999237060547,20.43000030517578,20.579999923706055,20.579999923706055,2992947.0
2025-02-28 09:15:00,20.579999923706055,20.670000076293945,20.170000076293945,20.219999313354492,20.219999313354492,3453184.0
2025-03-03 09:15:00,20.75,20.75,20.049999237060547,20.280000686645508,20.280000686645508,2186934.0
2025-03-04 09:15:00,20.700000762939453,20.700000762939453,19.850000381469727,20.200000762939453,20.200000762939453,2117822.0
2025-03-05 09:15:00,20.3700008392334,20.579999923706055,20.100000381469727,20.540000915527344,20.540000915527344,2061263.0
2025-03-06 09:15:00,21.149999618530273,21.149999618530273,20.59000015258789,20.81999969482422,20.81999969482422,3815877.0
2025-03-07 09:15:00,20.899999618530273,20.989999771118164,20.739999771118164,20.790000915527344,20.790000915527344,1336136.0
2025-03-10 09:15:00,20.850000381469727,21.0,20.6200008392334,20.670000076293945,20.670000076293945,1517790.0
2025-03-11 09:15:00,20.670000076293945,20.860000610351562,20.459999084472656,20.729999542236328,20.729999542236328,1428486.0
2025-03-12 09:15:00,20.729999542236328,20.93000030517578,20.579999923706055,20.8700008392334,20.8700008392334,2134322.0
2025-03-13 09:15:00,21.040000915527344,21.049999237060547,20.719999313354492,20.809999465942383,20.809999465942383,2742280.0
2025-03-17 09:15:00,21.450000762939453,21.450000762939453,20.729999542236328,21.1299991607666,21.1299991607666,2375262.0
2025-03-18 09:15:00,21.1299991607666,21.5,21.1299991607666,21.459999084472656,21.459999084472656,2130305.0
2025-03-19 09:15:00,21.459999084472656,21.639999389648438,21.3799991607666,21.559999465942383,21.559999465942383,3399152.0
2025-03-20 09:15:00,21.559999465942383,21.780000686645508,21.549999237060547,21.760000228881836,21.760000228881836,1433533.0
2025-03-21 09:15:00,21.860000610351562,22.09000015258789,21.770000457763672,22.049999237060547,22.049999237060547,2346914.0
2025-03-24 09:15:00,22.100000381469727,22.270000457763672,22.049999237060547,22.18000030517578,22.18000030517578,2473254.0
2025-03-25 09:15:00,22.34000015258789,22.420000076293945,21.860000610351562,21.959999084472656,21.959999084472656,4041836.0
2025-03-26 09:15:00,22.270000457763672,22.270000457763672,21.200000762939453,21.770000457763672,21.770000457763672,1833191.0
2025-03-27 09:15:00,21.75,21.760000228881836,21.489999771118164,21.68000030517578,21.68000030517578,2044098.0
2025-03-28 09:15:00,21.780000686645508,21.780000686645508,21.420000076293945,21.530000686645508,21.530000686645508,2456985.0
2025-04-01 09:15:00,21.6200008392334,21.649999618530273,21.110000610351562,21.200000762939453,21.200000762939453,5964042.0
2025-04-02 09:15:00,21.389999389648438,21.40999984741211,21.040000915527344,21.350000381469727,21.350000381469727,9649794.0
2025-04-03 09:15:00,21.440000534057617,22.5,21.440000534057617,21.899999618530273,21.899999618530273,13793720.0
2025-04-04 09:15:00,21.899999618530273,22.1200008392334,20.549999237060547,21.040000915527344,21.040000915527344,12458290.0
2025-04-07 09:15:00,20.0,21.329999923706055,19.469999313354492,20.709999084472656,20.709999084472656,6041358.0
2025-04-08 09:15:00,21.0,21.489999771118164,20.520000457763672,20.739999771118164,20.739999771118164,9622972.0
2025-04-09 09:15:00,20.739999771118164,20.739999771118164,20.239999771118164,20.43000030517578,20.43000030517578,10283380.0
2025-04-11 09:15:00,21.190000534057617,21.219999313354492,20.40999984741211,20.889999389648438,20.889999389648438,4547740.0
2025-04-15 09:15:00,21.18000030517578,21.360000610351562,20.59000015258789,21.31999969482422,21.31999969482422,3595138.0
2025-04-16 09:15:00,21.950000762939453,21.950000762939453,20.90999984741211,21.280000686645508,21.280000686645508,2230494.0
2025-04-17 09:15:00,21.600000381469727,21.899999618530273,21.209999084472656,21.530000686645508,21.530000686645508,5251997.0
2025-04-21 09:15:00,21.899999618530273,21.899999618530273,21.540000915527344,21.760000228881836,21.760000228881836,5247941.0
2025-04-22 09:15:00,21.899999618530273,21.920000076293945,21.610000610351562,21.850000381469727,21.850000381469727,2802657.0
2025-04-23 09:15:00,21.979999542236328,22.190000534057617,21.850000381469727,22.15999984741211,22.15999984741211,2973759.0
2025-04-24 09:15:00,22.270000457763672,22.489999771118164,22.09000015258789,22.399999618530273,22.399999618530273,5615106.0
2025-04-25 09:15:00,22.579999923706055,22.579999923706055,21.729999542236328,21.889999389648438,21.889999389648438,5119535.0
2025-04-28 09:15:00,22.200000762939453,22.399999618530273,21.309999465942383,22.31999969482422,22.31999969482422,3022734.0
2025-04-29 09:15:00,22.579999923706055,22.579999923706055,22.030000686645508,22.15999984741211,22.15999984741211,2654738.0
2025-04-30 09:15:00,22.3700008392334,22.420000076293945,22.1200008392334,22.200000762939453,22.200000762939453,2938060.0
2025-05-02 09:15:00,22.479999542236328,22.479999542236328,21.950000762939453,22.09000015258789,22.09000015258789,3669273.0
2025-05-05 09:15:00,22.59000015258789,22.59000015258789,22.059999465942383,22.239999771118164,22.239999771118164,3005598.0
2025-05-06 09:15:00,22.0,22.100000381469727,21.809999465942383,21.940000534057617,21.940000534057617,3836088.0
2025-05-07 09:15:00,21.950000762939453,22.0,21.68000030517578,21.860000610351562,21.860000610351562,1948005.0
2025-05-08 09:15:00,22.520000457763672,22.520000457763672,21.510000228881836,21.579999923706055,21.579999923706055,2459813.0
2025-05-09 09:15:00,21.579999923706055,21.690000534057617,21.290000915527344,21.489999771118164,21.489999771118164,2686099.0
2025-05-12 09:15:00,21.950000762939453,21.950000762939453,21.040000915527344,21.579999923706055,21.579999923706055,9549538.0
2025-05-13 09:15:00,21.899999618530273,22.079999923706055,21.3799991607666,21.84000015258789,21.84000015258789,7059218.0
2025-05-14 09:15:00,22.09000015258789,22.09000015258789,21.649999618530273,21.8799991607666,21.8799991607666,6279546.0
2025-05-15 09:15:00,21.899999618530273,22.09000015258789,21.760000228881836,22.059999465942383,22.059999465942383,5444584.0
2025-05-16 09:15:00,22.200000762939453,22.200000762939453,21.959999084472656,22.149999618530273,22.149999618530273,8428435.0
2025-05-19 09:15:00,22.219999313354492,22.989999771118164,22.149999618530273,22.260000228881836,22.260000228881836,15212870.0
2025-05-20 09:15:00,22.610000610351562,22.610000610351562,21.90999984741211,21.940000534057617,21.940000534057617,12616920.0
2025-05-21 09:15:00,21.940000534057617,23.100000381469727,21.200000762939453,22.209999084472656,22.209999084472656,5831837.0
2025-05-22 09:15:00,22.209999084472656,22.3799991607666,21.90999984741211,22.010000228881836,22.010000228881836,7523308.0
2025-05-23 09:15:00,22.190000534057617,22.239999771118164,21.700000762939453,21.90999984741211,21.90999984741211,8462786.0
2025-05-26 09:15:00,22.3799991607666,22.3799991607666,21.90999984741211,21.979999542236328,21.979999542236328,4412669.0
2025-05-27 09:15:00,22.170000076293945,22.170000076293945,21.700000762939453,21.979999542236328,21.979999542236328,2865549.0
2025-05-28 09:15:00,21.979999542236328,22.43000030517578,21.84000015258789,21.860000610351562,21.860000610351562,4881758.0
2025-05-29 09:15:00,22.09000015258789,22.09000015258789,21.8700008392334,22.0,22.0,3726807.0
2025-05-30 09:15:00,22.1200008392334,22.1200008392334,21.8799991607666,21.90999984741211,21.90999984741211,2996988.0
2025-06-02 09:15:00,22.149999618530273,22.149999618530273,21.760000228881836,21.8700008392334,21.8700008392334,4036946.0
2025-06-03 09:15:00,22.40999984741211,24.399999618530273,21.719999313354492,21.829999923706055,21.829999923706055,3931314.0
2025-06-04 09:15:00,22.3700008392334,22.3700008392334,21.239999771118164,21.850000381469727,21.850000381469727,2375554.0
2025-06-05 09:15:00,21.299999237060547,22.100000381469727,21.299999237060547,22.059999465942383,22.059999465942383,5182394.0
2025-06-06 09:15:00,22.610000610351562,22.610000610351562,21.84000015258789,22.100000381469727,22.100000381469727,3196815.0
2025-06-09 09:15:00,22.68000030517578,22.68000030517578,22.110000610351562,22.229999542236328,22.229999542236328,5227768.0
2025-06-10 09:15:00,22.68000030517578,22.68000030517578,22.209999084472656,22.360000610351562,22.360000610351562,4641196.0
2025-06-11 09:15:00,21.799999237060547,22.489999771118164,21.200000762939453,22.469999313354492,22.469999313354492,4375706.0
2025-06-12 09:15:00,22.530000686645508,22.780000686645508,22.219999313354492,22.459999084472656,22.459999084472656,7797988.0
2025-06-13 09:15:00,22.8799991607666,22.8799991607666,22.15999984741211,22.399999618530273,22.399999618530273,4586073.0
2025-06-16 09:15:00,21.84000015258789,22.559999465942383,21.110000610351562,22.459999084472656,22.459999084472656,4548165.0
2025-06-17 09:15:00,22.75,23.020000457763672,22.0,22.110000610351562,22.110000610351562,7982980.0
2025-06-18 09:15:00,22.65999984741211,22.65999984741211,22.010000228881836,22.059999465942383,22.059999465942383,2467149.0
2025-06-19 09:15:00,22.610000610351562,22.719999313354492,21.5,21.889999389648438,21.889999389648438,2994651.0
2025-06-20 09:15:00,21.34000015258789,23.110000610351562,21.34000015258789,22.049999237060547,22.049999237060547,2039762.0
2025-06-23 09:15:00,21.489999771118164,22.6299991607666,21.489999771118164,22.030000686645508,22.030000686645508,4106744.0
2025-06-24 09:15:00,22.690000534057617,22.690000534057617,22.0,22.100000381469727,22.100000381469727,2807317.0
2025-06-25 09:15:00,22.649999618530273,22.649999618530273,22.059999465942383,22.209999084472656,22.209999084472656,2005281.0
2025-06-26 09:15:00,22.760000228881836,22.760000228881836,22.110000610351562,22.229999542236328,22.229999542236328,2521929.0
2025-06-27 09:15:00,22.780000686645508,22.780000686645508,22.229999542236328,22.389999389648438,22.389999389648438,5825692.0
2025-06-30 09:15:00,22.940000534057617,22.940000534057617,22.3799991607666,22.479999542236328,22.479999542236328,3921228.0
2025-07-01 09:15:00,23.040000915527344,23.040000915527344,22.34000015258789,22.489999771118164,22.489999771118164,3744390.0
2025-07-02 09:15:00,22.489999771118164,22.899999618530273,22.399999618530273,22.549999237060547,22.549999237060547,3585074.0
2025-07-03 09:15:00,23.0,23.0,21.979999542236328,22.6299991607666,22.6299991607666,3954026.0
2025-07-04 09:15:00,22.059999465942383,23.190000534057617,22.059999465942383,22.829999923706055,22.829999923706055,5500203.0
2025-07-07 09:15:00,23.399999618530273,23.399999618530273,22.110000610351562,22.829999923706055,22.829999923706055,4073333.0
2025-07-08 09:15:00,22.25,23.049999237060547,22.110000610351562,22.65999984741211,22.65999984741211,4163102.0
2025-07-09 09:15:00,23.219999313354492,23.219999313354492,22.09000015258789,22.670000076293945,22.670000076293945,8890060.0
2025-07-10 09:15:00,22.75,22.75,22.329999923706055,22.559999465942383,22.559999465942383,2228902.0
2025-07-11 09:15:00,22.299999237060547,22.979999542236328,22.299999237060547,22.75,22.75,5806446.0
2025-07-14 09:15:00,23.43000030517578,23.43000030517578,22.56999969482422,22.889999389648438,22.889999389648438,5019209.0
2025-07-15 09:15:00,22.6200008392334,23.200000762939453,22.6200008392334,23.170000076293945,23.170000076293945,9190297.0
2025-07-16 09:15:00,22.59000015258789,23.479999542236328,22.59000015258789,23.1299991607666,23.1299991607666,6729135.0
2025-07-17 09:15:00,23.700000762939453,23.700000762939453,23.100000381469727,23.170000076293945,23.170000076293945,5450449.0
2025-07-18 09:15:00,23.3799991607666,23.3799991607666,22.59000015258789,23.079999923706055,23.079999923706055,3671399.0
2025-07-21 09:15:00,23.079999923706055,23.649999618530273,22.93000030517578,23.020000457763672,23.020000457763672,2338571.0
2025-07-22 09:15:00,23.450000762939453,23.450000762939453,22.780000686645508,22.809999465942383,22.809999465942383,3350731.0
2025-07-23 09:15:00,22.799999237060547,22.93000030517578,22.229999542236328,22.899999618530273,22.899999618530273,1769438.0
2025-07-24 09:15:00,22.899999618530273,23.1200008392334,22.31999969482422,23.040000915527344,23.040000915527344,3388649.0
2025-07-25 09:15:00,23.190000534057617,23.239999771118164,22.969999313354492,23.18000030517578,23.18000030517578,6352237.0
2025-07-28 09:15:00,22.6200008392334,23.75,22.6200008392334,23.290000915527344,23.290000915527344,12721460.0
2025-07-29 09:15:00,23.8700008392334,24.0,22.700000762939453,23.600000381469727,23.600000381469727,5527989.0
2025-07-30 09:15:00,23.010000228881836,23.700000762939453,23.010000228881836,23.600000381469727,23.600000381469727,2723209.0
2025-07-31 09:15:00,23.010000228881836,23.600000381469727,22.90999984741211,23.309999465942383,23.309999465942383,4325193.0
2025-08-01 09:15:00,23.889999389648438,23.889999389648438,22.559999465942383,22.6200008392334,22.6200008392334,7994758.0
2025-08-04 09:15:00,22.600000381469727,23.139999389648438,22.450000762939453,22.739999771118164,22.739999771118164,4225985.0
2025-08-05 09:15:00,22.950000762939453,22.950000762939453,22.450000762939453,22.559999465942383,22.559999465942383,3128629.0
2025-08-06 09:15:00,21.989999771118164,22.559999465942383,21.989999771118164,22.09000015258789,22.09000015258789,5140147.0
2025-08-07 09:15:00,22.040000915527344,22.270000457763672,21.520000457763672,22.229999542236328,22.229999542236328,6780829.0
2025-08-08 09:15:00,22.229999542236328,22.899999618530273,21.670000076293945,21.989999771118164,21.989999771118164,2532289.0
2025-08-11 09:15:00,21.989999771118164,22.530000686645508,21.850000381469727,22.1299991607666,22.1299991607666,2626074.0
2025-08-12 09:15:00,21.56999969482422,22.68000030517578,21.56999969482422,22.299999237060547,22.299999237060547,1686361.0
2025-08-13 09:15:00,22.850000381469727,22.850000381469727,22.100000381469727,22.649999618530273,22.649999618530273,2287161.0
2025-08-14 09:15:00,23.209999084472656,23.209999084472656,22.450000762939453,22.65999984741211,22.65999984741211,1826038.0
2025-08-18 09:15:00,22.899999618530273,22.899999618530273,22.600000381469727,22.719999313354492,22.719999313354492,4250363.0
2025-08-19 09:15:00,23.280000686645508,23.280000686645508,22.520000457763672,22.6299991607666,22.6299991607666,1432610.0
2025-08-20 09:15:00,22.43000030517578,22.860000610351562,22.43000030517578,22.56999969482422,22.56999969482422,17522150.0
2025-08-21 09:15:00,22.56999969482422,22.799999237060547,22.440000534057617,22.770000457763672,22.770000457763672,7098409.0
2025-08-22 09:15:00,22.950000762939453,22.950000762939453,22.56999969482422,22.84000015258789,22.84000015258789,3334981.0
2025-08-25 09:15:00,23.0,23.0,22.670000076293945,22.950000762939453,22.950000762939453,2517882.0
2025-08-26 09:15:00,23.520000457763672,23.520000457763672,22.549999237060547,22.579999923706055,22.579999923706055,9029076.0
2025-08-28 09:15:00,22.579999923706055,23.0,22.309999465942383,22.389999389648438,22.389999389648438,7531911.0
2025-08-29 09:15:00,22.940000534057617,22.940000534057617,22.149999618530273,22.3799991607666,22.3799991607666,2820613.0
2025-09-01 09:15:00,22.579999923706055,22.579999923706055,22.209999084472656,22.34000015258789,22.34000015258789,3549674.0
2025-09-02 09:15:00,22.15999984741211,22.889999389648438,22.15999984741211,22.299999237060547,22.299999237060547,3103576.0
2025-09-03 09:15:00,22.100000381469727,22.600000381469727,22.100000381469727,22.5,22.5,2418431.0
2025-09-04 09:15:00,22.5,22.969999313354492,22.1200008392334,22.479999542236328,22.479999542236328,2457444.0
2025-09-05 09:15:00,22.479999542236328,22.670000076293945,22.399999618530273,22.469999313354492,22.469999313354492,2713247.0
2025-09-08 09:15:00,23.030000686645508,23.030000686645508,22.280000686645508,22.420000076293945,22.420000076293945,2461413.0
2025-09-09 09:15:00,22.979999542236328,22.979999542236328,22.260000228881836,22.559999465942383,22.559999465942383,1719682.0
2025-09-10 09:15:00,22.559999465942383,22.75,22.399999618530273,22.639999389648438,22.639999389648438,2545757.0
2025-09-11 09:15:00,22.649999618530273,22.829999923706055,22.559999465942383,22.770000457763672,22.770000457763672,3344304.0
2025-09-12 09:15:00,22.770000457763672,22.969999313354492,22.200000762939453,22.889999389648438,22.889999389648438,3287912.0
2025-09-15 09:15:00,23.459999084472656,23.459999084472656,22.540000915527344,22.75,22.75,3994746.0
2025-09-16 09:15:00,22.18000030517578,22.940000534057617,22.18000030517578,22.790000915527344,22.790000915527344,2267185.0
2025-09-17 09:15:00,22.969999313354492,22.969999313354492,22.700000762939453,22.780000686645508,22.780000686645508,3058858.0
2025-09-18 09:15:00,22.889999389648438,23.18000030517578,22.68000030517578,23.1299991607666,23.1299991607666,4866618.0
2025-09-19 09:15:00,23.209999084472656,23.260000228881836,22.979999542236328,23.209999084472656,23.209999084472656,3546455.0
2025-09-22 09:15:00,23.209999084472656,23.329999923706055,22.889999389648438,22.920000076293945,22.920000076293945,4627074.0
2025-09-23 09:15:00,23.489999771118164,23.489999771118164,22.780000686645508,22.860000610351562,22.860000610351562,2835787.0
2025-09-24 09:15:00,22.280000686645508,23.43000030517578,22.280000686645508,22.729999542236328,22.729999542236328,1457661.0
2025-09-25 09:15:00,23.200000762939453,23.200000762939453,22.0,22.540000915527344,22.540000915527344,2230814.0
2025-09-26 09:15:00,22.540000915527344,22.700000762939453,21.920000076293945,22.049999237060547,22.049999237060547,11939700.0
2025-09-29 09:15:00,21.899999618530273,22.299999237060547,21.899999618530273,22.020000457763672,22.020000457763672,5233420.0
2025-09-30 09:15:00,21.459999084472656,22.719999313354492,21.459999084472656,22.010000228881836,22.010000228881836,2454019.0
2025-10-01 09:15:00,21.829999923706055,22.350000381469727,21.829999923706055,22.309999465942383,22.309999465942383,5917188.0
2025-10-03 09:15:00,22.450000762939453,22.450000762939453,22.209999084472656,22.309999465942383,22.309999465942383,3437927.0
2025-10-06 09:15:00,22.489999771118164,22.489999771118164,22.010000228881836,22.309999465942383,22.309999465942383,3080351.0
2025-10-07 09:15:00,22.1299991607666,22.489999771118164,22.1299991607666,22.3799991607666,22.3799991607666,3981301.0
2025-10-08 09:15:00,22.43000030517578,22.5,22.209999084472656,22.229999542236328,22.229999542236328,2030176.0
2025-10-09 09:15:00,22.899999618530273,22.899999618530273,22.25,22.479999542236328,22.479999542236328,3684503.0
2025-10-10 09:15:00,22.700000762939453,22.850000381469727,22.420000076293945,22.770000457763672,22.770000457763672,3859377.0
2025-10-13 09:15:00,22.200000762939453,22.90999984741211,22.200000762939453,22.709999084472656,22.709999084472656,2986042.0
2025-10-14 09:15:00,22.709999084472656,22.809999465942383,22.459999084472656,22.549999237060547,22.549999237060547,5398950.0
2025-10-15 09:15:00,22.559999465942383,22.760000228881836,22.540000915527344,22.56999969482422,22.56999969482422,1781735.0
2025-10-16 09:15:00,22.68000030517578,22.68000030517578,22.549999237060547,22.6200008392334,22.6200008392334,2027405.0
2025-10-17 09:15:00,22.6200008392334,22.850000381469727,22.559999465942383,22.770000457763672,22.770000457763672,3147937.0
2025-10-20 09:15:00,22.899999618530273,23.010000228881836,22.780000686645508,22.979999542236328,22.979999542236328,4494199.0
2025-10-21 09:15:00,22.399999618530273,23.190000534057617,22.399999618530273,23.049999237060547,23.049999237060547,1636621.0
2025-10-23 09:15:00,23.049999237060547,23.31999969482422,23.0,23.030000686645508,23.030000686645508,7022316.0
2025-10-24 09:15:00,23.600000381469727,24.399999618530273,22.799999237060547,22.8700008392334,22.8700008392334,4768172.0
2025-10-27 09:15:00,22.8700008392334,23.020000457763672,22.809999465942383,22.829999923706055,22.829999923706055,3207694.0
2025-10-28 09:15:00,23.510000228881836,23.510000228881836,22.700000762939453,22.780000686645508,22.780000686645508,2148852.0
2025-10-29 09:15:00,22.84000015258789,23.049999237060547,22.780000686645508,22.969999313354492,22.969999313354492,4679682.0
2025-10-30 09:15:00,22.690000534057617,23.43000030517578,22.670000076293945,22.829999923706055,22.829999923706055,4875338.0
2025-10-31 09:15:00,22.829999923706055,22.8799991607666,22.690000534057617,22.719999313354492,22.719999313354492,3847029.0
2025-11-03 09:15:00,22.8799991607666,23.0,22.6299991607666,22.940000534057617,22.940000534057617,3465956.0
2025-11-04 09:15:00,22.780000686645508,23.1299991607666,22.780000686645508,22.850000381469727,22.850000381469727,2648122.0
2025-11-06 09:15:00,22.860000610351562,22.979999542236328,22.700000762939453,22.760000228881836,22.760000228881836,2142275.0
2025-11-07 09:15:00,22.84000015258789,22.850000381469727,22.639999389648438,22.68000030517578,22.68000030517578,2449987.0
2025-11-10 09:15:00,23.239999771118164,23.239999771118164,22.510000228881836,22.90999984741211,22.90999984741211,2765569.0
2025-11-11 09:15:00,23.079999923706055,23.079999923706055,22.799999237060547,22.90999984741211,22.90999984741211,2287792.0
2025-11-12 09:15:00,22.920000076293945,23.149999618530273,22.90999984741211,23.1299991607666,23.1299991607666,6897997.0
2025-11-13 09:15:00,23.299999237060547,23.5,23.1200008392334,23.25,23.25,9248212.0
2025-11-14 09:15:00,23.290000915527344,23.389999389648438,23.149999618530273,23.34000015258789,23.34000015258789,5429457.0
2025-11-17 09:15:00,23.5,23.5,22.5,23.399999618530273,23.399999618530273,3766043.0
2025-11-18 09:15:00,23.5,23.5,23.0,23.260000228881836,23.260000228881836,3869485.0
2025-11-19 09:15:00,23.290000915527344,23.360000610351562,23.149999618530273,23.280000686645508,23.280000686645508,6529713.0
2025-11-20 09:15:00,23.770000457763672,23.93000030517578,23.100000381469727,23.270000457763672,23.270000457763672,2833728.0
2025-11-21 09:15:00,23.020000457763672,23.850000381469727,23.020000457763672,23.149999618530273,23.149999618530273,4310890.0
2025-11-24 09:15:00,23.15999984741211,23.260000228881836,22.979999542236328,23.030000686645508,23.030000686645508,6475183.0
2025-11-25 09:15:00,23.030000686645508,23.25,23.010000228881836,23.170000076293945,23.170000076293945,2594355.0
2025-11-26 09:15:00,23.360000610351562,23.40999984741211,22.940000534057617,23.3799991607666,23.3799991607666,5399538.0
2025-11-27 09:15:00,22.790000915527344,23.56999969482422,22.790000915527344,23.399999618530273,23.399999618530273,3304729.0
2025-11-28 09:15:00,22.809999465942383,23.549999237060547,22.809999465942383,23.520000457763672,23.520000457763672,4396582.0
2025-12-01 09:15:00,23.610000610351562,23.610000610351562,23.3799991607666,23.489999771118164,23.489999771118164,4336827.0
2025-12-02 09:15:00,23.610000610351562,23.610000610351562,23.399999618530273,23.459999084472656,23.459999084472656,2345321.0
2025-12-03 09:15:00,23.540000915527344,23.540000915527344,23.260000228881836,23.450000762939453,23.450000762939453,7601729.0
2025-12-04 09:15:00,23.260000228881836,23.610000610351562,23.260000228881836,23.489999771118164,23.489999771118164,4336981.0
2025-12-05 09:15:00,23.299999237060547,23.75,23.299999237060547,23.479999542236328,23.479999542236328,3303967.0
2025-12-08 09:15:00,23.610000610351562,23.610000610351562,23.110000610351562,23.190000534057617,23.190000534057617,3508547.0
2025-12-09 09:15:00,23.5,23.5,22.920000076293945,23.049999237060547,23.049999237060547,3983705.0
2025-12-10 09:15:00,22.469999313354492,23.260000228881836,22.469999313354492,23.100000381469727,23.100000381469727,2577152.0
2025-12-11 09:15:00,22.920000076293945,23.3700008392334,22.920000076293945,23.329999923706055,23.329999923706055,2406815.0
2025-12-12 09:15:00,23.90999984741211,23.90999984741211,23.139999389648438,23.329999923706055,23.329999923706055,2193822.0
2025-12-15 09:15:00,23.520000457763672,23.520000457763672,23.1200008392334,23.239999771118164,23.239999771118164,5221730.0
2025-12-16 09:15:00,23.290000915527344,23.290000915527344,23.100000381469727,23.110000610351562,23.110000610351562,1969132.0
2025-12-17 09:15:00,23.489999771118164,23.489999771118164,23.030000686645508,23.139999389648438,23.139999389648438,1966538.0
2025-12-18 09:15:00,23.0,23.709999084472656,22.940000534057617,23.09000015258789,23.09000015258789,3523833.0
2025-12-19 09:15:00,22.510000228881836,23.399999618530273,22.510000228881836,23.31999969482422,23.31999969482422,4458413.0
2025-12-22 09:15:00,22.799999237060547,23.899999618530273,22.799999237060547,23.450000762939453,23.450000762939453,3894398.0
2025-12-23 09:15:00,23.5,23.549999237060547,23.3700008392334,23.40999984741211,23.40999984741211,4350973.0
2025-12-24 09:15:00,22.81999969482422,23.739999771118164,22.81999969482422,23.309999465942383,23.309999465942383,3507646.0
2025-12-26 09:15:00,23.1200008392334,23.520000457763672,23.1200008392334,23.25,23.25,2834517.0
2025-12-29 09:15:00,22.65999984741211,23.34000015258789,22.65999984741211,23.1299991607666,23.1299991607666,3431012.0
2025-12-30 09:15:00,23.350000381469727,23.350000381469727,22.979999542236328,23.149999618530273,23.149999618530273,3459641.0
2025-12-31 09:15:00,23.719999313354492,23.719999313354492,23.100000381469727,23.34000015258789,23.34000015258789,13714190.0
2026-01-01 09:15:00,23.600000381469727,23.600000381469727,23.1200008392334,23.200000762939453,23.200000762939453,2745956.0
2026-01-02 09:15:00,23.780000686645508,23.81999969482422,23.010000228881836,23.34000015258789,23.34000015258789,6555558.0
2026-01-05 09:15:00,23.5,23.5,23.18000030517578,23.25,23.25,13255440.0
2026-01-06 09:15:00,23.829999923706055,23.829999923706055,22.549999237060547,23.670000076293945,23.670000076293945,10404290.0
2026-01-07 09:15:00,24.0,24.040000915527344,23.06999969482422,23.860000610351562,23.860000610351562,11271170.0
2026-01-08 09:15:00,23.860000610351562,24.100000381469727,23.260000228881836,23.479999542236328,23.479999542236328,4779460.0
2026-01-09 09:15:00,24.059999465942383,24.059999465942383,22.889999389648438,23.34000015258789,23.34000015258789,6397867.0
2026-01-12 09:15:00,24.040000915527344,24.040000915527344,22.959999084472656,23.239999771118164,23.239999771118164,4527749.0
2026-01-13 09:15:00,23.5,23.5,22.959999084472656,23.100000381469727,23.100000381469727,4758613.0
2026-01-14 09:15:00,22.520000457763672,23.290000915527344,22.520000457763672,23.09000015258789,23.09000015258789,2577983.0
2026-01-16 09:15:00,23.65999984741211,23.65999984741211,22.75,22.799999237060547,22.799999237060547,7236388.0
2026-01-19 09:15:00,22.649999618530273,23.3700008392334,22.229999542236328,22.700000762939453,22.700000762939453,5065609.0
2026-01-20 09:15:00,23.260000228881836,23.260000228881836,22.219999313354492,22.280000686645508,22.280000686645508,5729662.0
2026-01-21 09:15:00,22.829999923706055,22.829999923706055,22.0,22.1299991607666,22.1299991607666,4303982.0
2026-01-22 09:15:00,22.68000030517578,22.68000030517578,22.170000076293945,22.510000228881836,22.510000228881836,3388224.0
2026-01-23 09:15:00,21.940000534057617,26.520000457763672,21.940000534057617,22.31999969482422,22.31999969482422,3377218.0
2026-01-27 09:15:00,22.31999969482422,22.940000534057617,22.049999237060547,22.34000015258789,22.34000015258789,2623271.0
2026-01-28 09:15:00,22.510000228881836,22.510000228881836,22.149999618530273,22.270000457763672,22.270000457763672,4062612.0
2026-01-29 09:15:00,22.350000381469727,22.65999984741211,22.020000457763672,22.1200008392334,22.1200008392334,3700742.0
2026-01-30 09:15:00,22.299999237060547,22.299999237060547,21.950000762939453,22.239999771118164,22.239999771118164,3591202.0
2026-02-02 09:15:00,22.1200008392334,22.3700008392334,21.709999084472656,22.079999923706055,22.079999923706055,3932475.0
2026-02-03 09:15:00,22.079999923706055,23.600000381469727,22.079999923706055,22.739999771118164,22.739999771118164,10008930.0
2026-02-04 09:15:00,22.950000762939453,22.950000762939453,22.200000762939453,22.700000762939453,22.700000762939453,3625946.0
2026-02-05 09:15:00,22.920000076293945,22.93000030517578,22.5,22.639999389648438,22.639999389648438,5383068.0
2026-02-06 09:15:00,22.06999969482422,23.200000762939453,22.06999969482422,22.489999771118164,22.489999771118164,4586090.0
2026-02-09 09:15:00,22.899999618530273,23.09000015258789,22.489999771118164,22.920000076293945,22.920000076293945,5361127.0
2026-02-10 09:15:00,22.34000015258789,23.170000076293945,22.34000015258789,22.809999465942383,22.809999465942383,4153906.0
2026-02-11 09:15:00,23.350000381469727,23.350000381469727,22.5,22.979999542236328,22.979999542236328,4425389.0
2026-02-12 09:15:00,22.979999542236328,22.989999771118164,22.809999465942383,22.940000534057617,22.940000534057617,4174656.0
2026-02-13 09:15:00,23.510000228881836,23.510000228881836,22.360000610351562,22.75,22.75,2867677.0
2026-02-16 09:15:00,22.75,23.0,22.5,22.940000534057617,22.940000534057617,2743878.0
2026-02-17 09:15:00,22.850000381469727,23.299999237060547,22.84000015258789,23.030000686645508,23.030000686645508,3721997.0
2026-02-18 09:15:00,22.450000762939453,23.139999389648438,22.450000762939453,23.09000015258789,23.09000015258789,4805272.0
2026-02-19 09:15:00,23.09000015258789,23.209999084472656,22.899999618530273,22.969999313354492,22.969999313354492,4355639.0
2026-02-20 09:15:00,23.540000915527344,23.540000915527344,22.899999618530273,23.020000457763672,23.020000457763672,2783575.0
2026-02-23 09:15:00,23.709999084472656,23.709999084472656,23.010000228881836,23.1299991607666,23.1299991607666,2751317.0
2026-02-24 09:15:00,23.040000915527344,23.3799991607666,23.0,23.239999771118164,23.239999771118164,4836615.0
2026-02-25 09:15:00,23.239999771118164,23.709999084472656,22.0,23.65999984741211,23.65999984741211,8808455.0
2026-02-26 09:15:00,23.059999465942383,24.030000686645508,22.809999465942383,23.860000610351562,23.860000610351562,9965091.0
2026-02-27 09:15:00,23.260000228881836,23.889999389648438,23.260000228881836,23.59000015258789,23.59000015258789,5572841.0
2026-03-02 09:15:00,23.5,23.75,23.010000228881836,23.600000381469727,23.600000381469727,5364896.0
2026-03-04 09:15:00,24.190000534057617,24.190000534057617,23.1200008392334,23.219999313354492,23.219999313354492,8116666.0
2026-03-05 09:15:00,23.229999542236328,23.649999618530273,22.850000381469727,23.56999969482422,23.56999969482422,5995689.0
2026-03-06 09:15:00,23.850000381469727,23.850000381469727,23.459999084472656,23.540000915527344,23.540000915527344,3808196.0
2026-03-09 09:15:00,23.540000915527344,23.56999969482422,22.5,23.530000686645508,23.530000686645508,8239807.0
2026-03-10 09:15:00,24.110000610351562,24.110000610351562,23.530000686645508,23.860000610351562,23.860000610351562,7418990.0
2026-03-11 09:15:00,24.079999923706055,24.18000030517578,23.760000228881836,24.0,24.0,14476380.0
2026-03-12 09:15:00,24.600000381469727,24.600000381469727,23.5,23.90999984741211,23.90999984741211,10706070.0
2026-03-13 09:15:00,24.15999984741211,24.15999984741211,23.3700008392334,23.40999984741211,23.40999984741211,10185520.0
2026-03-16 09:15:00,22.81999969482422,23.799999237060547,22.81999969482422,23.15999984741211,23.15999984741211,6578745.0
2026-03-17 09:15:00,23.0,23.549999237060547,22.579999923706055,23.209999084472656,23.209999084472656,3171296.0
2026-03-18 09:15:00,23.299999237060547,23.459999084472656,23.139999389648438,23.209999084472656,23.209999084472656,4034553.0
2026-03-19 09:15:00,22.6200008392334,23.5,22.6200008392334,23.0,23.0,4743197.0
2026-03-20 09:15:00,23.010000228881836,23.5,22.899999618530273,23.200000762939453,23.200000762939453,4019866.0
2026-03-23 09:15:00,23.780000686645508,23.780000686645508,22.6299991607666,22.719999313354492,22.719999313354492,7547074.0
2026-03-24 09:15:00,23.280000686645508,23.280000686645508,22.600000381469727,22.829999923706055,22.829999923706055,4270755.0
2026-03-25 09:15:00,22.899999618530273,23.43000030517578,22.799999237060547,23.280000686645508,23.280000686645508,4310387.0
2026-03-27 09:15:00,23.510000228881836,23.510000228881836,22.719999313354492,23.18000030517578,23.18000030517578,6184797.0
2026-03-30 09:15:00,23.18000030517578,23.59000015258789,22.760000228881836,22.799999237060547,22.799999237060547,5881149.0
2026-04-01 09:15:00,23.09000015258789,23.420000076293945,21.950000762939453,22.290000915527344,22.290000915527344,19600770.0
2026-04-02 09:15:00,22.290000915527344,22.479999542236328,21.690000534057617,22.40999984741211,22.40999984741211,7796398.0
2026-04-06 09:15:00,22.969999313354492,22.979999542236328,22.059999465942383,22.440000534057617,22.440000534057617,5644413.0
2026-04-07 09:15:00,23.0,23.0,22.200000762939453,22.43000030517578,22.43000030517578,3517735.0
2026-04-08 09:15:00,22.989999771118164,23.450000762939453,22.440000534057617,22.600000381469727,22.600000381469727,11387740.0
2026-04-09 09:15:00,22.600000381469727,23.100000381469727,22.540000915527344,22.739999771118164,22.739999771118164,3924426.0
2026-04-10 09:15:00,23.100000381469727,23.100000381469727,22.549999237060547,22.729999542236328,22.729999542236328,4694970.0
2026-04-13 09:15:00,23.100000381469727,23.100000381469727,22.420000076293945,22.6200008392334,22.6200008392334,11313420.0
2026-04-15 09:15:00,23.18000030517578,23.18000030517578,22.639999389648438,23.049999237060547,23.049999237060547,10009540.0
2026-04-16 09:15:00,22.469999313354492,23.200000762939453,22.469999313354492,23.079999923706055,23.079999923706055,4733815.0
2026-04-17 09:15:00,23.649999618530273,23.649999618530273,23.0,23.1200008392334,23.1200008392334,4906877.0
2026-04-20 09:15:00,23.600000381469727,23.600000381469727,22.959999084472656,23.020000457763672,23.020000457763672,4478796.0
2026-04-21 09:15:00,23.020000457763672,23.200000762939453,22.6200008392334,23.049999237060547,23.049999237060547,3256097.0
2026-04-22 09:15:00,23.059999465942383,23.09000015258789,22.93000030517578,23.0,23.0,8674422.0
2026-04-23 09:15:00,23.450000762939453,23.75,22.31999969482422,23.6200008392334,23.6200008392334,26985450.0
2026-04-24 09:15:00,23.799999237060547,23.799999237060547,23.020000457763672,23.209999084472656,23.209999084472656,14874260.0
2026-04-27 09:15:00,23.790000915527344,23.81999969482422,23.219999313354492,23.780000686645508,23.780000686645508,9702212.0
2026-04-28 09:15:00,23.950000762939453,24.3700008392334,23.540000915527344,23.739999771118164,23.739999771118164,5322998.0
2026-04-29 09:15:00,23.950000762939453,23.979999542236328,23.5,23.860000610351562,23.860000610351562,3755529.0
2026-04-30 09:15:00,23.260000228881836,24.0,23.260000228881836,23.90999984741211,23.90999984741211,5386289.0
2026-05-04 09:15:00,23.90999984741211,24.5,23.6200008392334,24.049999237060547,24.049999237060547,11110490.0
2026-05-05 09:15:00,24.5,24.5,23.950000762939453,24.170000076293945,24.170000076293945,4861882.0
2026-05-06 09:15:00,23.559999465942383,25.1200008392334,23.559999465942383,24.81999969482422,24.81999969482422,48854870.0
2026-05-07 09:15:00,25.440000534057617,25.440000534057617,24.6200008392334,24.790000915527344,24.790000915527344,12563360.0
2026-05-08 09:15:00,24.809999465942383,24.959999084472656,24.600000381469727,24.780000686645508,24.780000686645508,7292625.0
2026-05-11 09:15:00,24.780000686645508,24.979999542236328,24.479999542236328,24.809999465942383,24.809999465942383,9735037.0
2026-05-12 09:15:00,24.809999465942383,25.299999237060547,24.389999389648438,24.420000076293945,24.420000076293945,16875950.0
2026-05-13 09:15:00,24.200000762939453,24.979999542236328,24.040000915527344,24.530000686645508,24.530000686645508,9013459.0
2026-05-14 09:15:00,24.829999923706055,25.260000228881836,24.25,25.209999084472656,25.209999084472656,13678990.0
2026-05-15 09:15:00,25.200000762939453,25.540000915527344,25.110000610351562,25.260000228881836,25.260000228881836,9944031.0
2026-05-18 09:15:00,25.260000228881836,25.540000915527344,25.040000915527344,25.440000534057617,25.440000534057617,17867310.0
2026-05-19 09:15:00,25.540000915527344,25.690000534057617,25.149999618530273,25.540000915527344,25.540000915527344,8816020.0
2026-05-20 09:15:00,25.780000686645508,25.780000686645508,25.420000076293945,25.5,25.5,8179258.0
2026-05-21 09:15:00,24.860000610351562,25.790000915527344,24.860000610351562,25.489999771118164,25.489999771118164,6367349.0
2026-05-22 09:15:00,25.5,25.59000015258789,25.190000534057617,25.229999542236328,25.229999542236328,8588974.0
2026-05-25 09:15:00,25.049999237060547,25.860000610351562,25.049999237060547,25.329999923706055,25.329999923706055,7281811.0
2026-05-26 09:15:00,25.579999923706055,25.579999923706055,25.18000030517578,25.309999465942383,25.309999465942383,4904779.0
2026-05-27 09:15:00,25.540000915527344,25.540000915527344,25.209999084472656,25.31999969482422,25.31999969482422,7979037.0
2026-05-29 09:15:00,25.579999923706055,25.579999923706055,24.399999618530273,25.020000457763672,25.020000457763672,9896004.0
2026-06-01 09:15:00,25.309999465942383,25.31999969482422,24.799999237060547,24.8799991607666,24.8799991607666,6586941.0
2026-06-02 09:15:00,25.18000030517578,25.18000030517578,24.43000030517578,24.670000076293945,24.670000076293945,10349510.0
2026-06-03 09:15:00,24.399999618530273,24.920000076293945,24.399999618530273,24.760000228881836,24.760000228881836,4249091.0
2026-06-04 09:15:00,25.100000381469727,25.100000381469727,24.520000457763672,24.790000915527344,24.790000915527344,3900728.0
2026-06-05 09:15:00,25.079999923706055,25.079999923706055,24.09000015258789,24.899999618530273,24.899999618530273,3786588.0
2026-06-08 09:15:00,25.520000457763672,25.649999618530273,24.270000457763672,24.799999237060547,24.799999237060547,7649532.0
2026-06-09 09:15:00,25.420000076293945,25.420000076293945,24.559999465942383,24.979999542236328,24.979999542236328,4477646.0
2026-06-10 09:15:00,25.280000686645508,25.280000686645508,24.75,24.790000915527344,24.790000915527344,3981351.0
2026-06-11 09:15:00,24.170000076293945,25.399999618530273,24.170000076293945,24.979999542236328,24.979999542236328,8240703.0
2026-06-12 09:15:00,25.600000381469727,25.600000381469727,24.729999542236328,25.010000228881836,25.010000228881836,5491057.0
2026-06-15 09:15:00,25.010000228881836,25.190000534057617,24.25,24.850000381469727,24.850000381469727,6863483.0
2026-06-16 09:15:00,24.850000381469727,25.190000534057617,24.600000381469727,24.799999237060547,24.799999237060547,3279415.0
2026-06-17 09:15:00,25.360000610351562,25.360000610351562,24.239999771118164,24.75,24.75,20223320.0
2026-06-18 09:15:00,25.030000686645508,25.030000686645508,24.690000534057617,24.899999618530273,24.899999618530273,3296291.0
2026-06-19 09:15:00,24.399999618530273,25.520000457763672,24.399999618530273,25.09000015258789,25.09000015258789,4440408.0
2026-06-22 09:15:00,25.3799991607666,25.43000030517578,25.09000015258789,25.389999389648438,25.389999389648438,6034169.0
2026-06-23 09:15:00,25.59000015258789,25.959999084472656,25.389999389648438,25.690000534057617,25.690000534057617,12160838.0
2026-06-24 09:15:00,25.690000534057617,26.329999923706055,25.5,25.719999313354492,25.719999313354492,9039741.0
2026-06-25 09:15:00,26.360000610351562,26.360000610351562,25.56999969482422,25.6299991607666,25.6299991607666,7442511.0
2026-06-29 09:15:00,25.6299991607666,26.899999618530273,25.200000762939453,25.899999618530273,25.899999618530273,8207698.0
2026-06-30 09:15:00,26.420000076293945,26.420000076293945,25.850000381469727,26.040000915527344,26.040000915527344,7065077.0
2026-07-01 09:15:00,26.690000534057617,26.690000534057617,25.780000686645508,25.829999923706055,25.829999923706055,6731572.0
2026-07-02 09:15:00,25.829999923706055,26.469999313354492,25.809999465942383,25.959999084472656,25.959999084472656,5971227.0
2026-07-03 09:15:00,25.309999465942383,26.549999237060547,25.0,26.479999542236328,26.479999542236328,9307165.0
2026-07-06 09:15:00,26.950000762939453,26.950000762939453,25.989999771118164,26.530000686645508,26.530000686645508,6685533.0
2026-07-07 09:15:00,26.530000686645508,27.059999465942383,26.34000015258789,26.399999618530273,26.399999618530273,4032381.0
2026-07-08 09:15:00,27.059999465942383,27.059999465942383,25.969999313354492,26.15999984741211,26.15999984741211,8455671.0
2026-07-09 09:15:00,26.15999984741211,26.809999465942383,26.030000686645508,26.34000015258789,26.34000015258789,3674392.0
2026-07-10 09:15:00,26.34000015258789,26.600000381469727,26.139999389648438,26.43000030517578,26.43000030517578,3568070.0
2026-07-13 09:15:00,26.43000030517578,26.68000030517578,26.209999084472656,26.389999389648438,26.389999389648438,3649960.0
2026-07-14 09:15:00,25.729999542236328,26.959999084472656,25.729999542236328,26.59000015258789,26.59000015258789,5943934.0
2026-07-15 09:15:00,25.920000076293945,26.850000381469727,25.0,26.75,26.75,6700062.0
2026-07-16 09:15:00,27.25,27.25,26.649999618530273,26.760000228881836,26.760000228881836,5990727.0
2026-07-17 09:15:00,26.899999618530273,26.899999618530273,26.280000686645508,26.389999389648438,26.389999389648438,6519374.0
2026-07-20 09:15:00,26.389999389648438,27.0,26.329999923706055,26.770000457763672,26.770000457763672,6541028.0
2026-07-21 09:15:00,26.989999771118164,27.010000228881836,26.6200008392334,26.860000610351562,26.860000610351562,2718803.0
2026-07-22 09:15:00,27.0,27.0,26.299999237060547,26.510000228881836,26.510000228881836,10171483.0
2026-07-23 09:15:00,25.84000015258789,26.84000015258789,25.829999923706055,26.31999969482422,26.31999969482422,8950859.0
2026-07-24 09:15:00,26.31999969482422,26.59000015258789,26.020000457763672,26.280000686645508,26.280000686645508,2846354.0
2026-07-27 09:15:00,26.280000686645508,26.850000381469727,26.280000686645508,26.719999313354492,26.719999313354492,5154164.0
2026-07-28 09:15:00,26.850000381469727,26.850000381469727,26.610000610351562,26.729999542236328,26.729999542236328,2655669.0
2026-07-29 09:15:00,26.059999465942383,27.1200008392334,26.059999465942383,27.079999923706055,27.079999923706055,6414684.0
2026-07-30 09:15:00,27.09000015258789,27.260000228881836,26.979999542236328,27.09000015258789,27.09000015258789,4695794.0
2026-07-31 09:15:00,27.5,27.5,27.059999465942383,27.270000457763672,27.270000457763672,4631649.0
2026-08-03 09:15:00,27.270000457763672,27.950000762939453,27.15999984741211,27.229999542236328,27.229999542236328,5428430.0
2026-08-04 09:15:00,27.229999542236328,27.920000076293945,27.0,27.260000228881836,27.260000228881836,3320548.0
2026-08-05 09:15:00,27.260000228881836,27.559999465942383,27.149999618530273,27.329999923706055,27.329999923706055,4045724.0
2026-08-06 09:15:00,28.010000228881836,28.010000228881836,27.0,27.290000915527344,27.290000915527344,6465098.0
2026-08-07 09:15:00,27.5,27.5,27.18000030517578,27.31999969482422,27.31999969482422,3005719.0
2026-08-10 09:15:00,27.5,27.540000915527344,27.18000030517578,27.239999771118164,27.239999771118164,4858280.0
2026-08-11 09:15:00,27.920000076293945,27.920000076293945,27.190000534057617,27.489999771118164,27.489999771118164,3219176.0
2026-08-12 09:15:00,27.489999771118164,27.690000534057617,27.309999465942383,27.43000030517578,27.43000030517578,4941859.0
2026-08-13 09:15:00,26.739999771118164,27.489999771118164,26.739999771118164,27.450000762939453,27.450000762939453,2446424.0
2026-08-14 09:15:00,27.489999771118164,27.719999313354492,27.190000534057617,27.25,27.25,3835127.0
2026-08-17 09:15:00,27.93000030517578,27.93000030517578,27.100000381469727,27.18000030517578,27.18000030517578,4658932.0
2026-08-18 09:15:00,27.850000381469727,27.850000381469727,26.5,27.18000030517578,27.18000030517578,3531468.0
2026-08-19 09:15:00,27.850000381469727,27.850000381469727,26.760000228881836,27.040000915527344,27.040000915527344,3526949.0
2026-08-20 09:15:00,27.600000381469727,27.600000381469727,27.06999969482422,27.190000534057617,27.190000534057617,2906416.0
2026-08-21 09:15:00,27.190000534057617,27.389999389648438,26.940000534057617,27.079999923706055,27.079999923706055,4657058.0
2026-08-24 09:15:00,27.899999618530273,27.899999618530273,26.920000076293945,27.06999969482422,27.06999969482422,3566028.0
2026-08-25 09:15:00,27.309999465942383,27.309999465942383,26.950000762939453,27.18000030517578,27.18000030517578,2930603.0
2026-08-26 09:15:00,27.850000381469727,27.850000381469727,27.170000076293945,27.450000762939453,27.450000762939453,3625665.0
2026-08-27 09:15:00,27.700000762939453,27.700000762939453,27.3700008392334,27.540000915527344,27.540000915527344,3327348.0
2026-08-28 09:15:00,27.940000534057617,27.940000534057617,27.510000228881836,27.760000228881836,27.760000228881836,4556422.0
2026-08-31 09:15:00,28.31999969482422,28.31999969482422,27.5,27.600000381469727,27.600000381469727,4324336.0
2026-09-01 09:15:00,28.149999618530273,28.149999618530273,27.3799991607666,27.530000686645508,27.530000686645508,4083030.0
2026-09-02 09:15:00,28.360000610351562,28.360000610351562,27.34000015258789,27.559999465942383,27.559999465942383,5928234.0
2026-09-03 09:15:00,28.0,28.0,27.34000015258789,27.3700008392334,27.3700008392334,4645980.0
2026-09-04 09:15:00,27.3700008392334,27.600000381469727,27.209999084472656,27.31999969482422,27.31999969482422,4482502.0
2026-09-07 09:15:00,27.420000076293945,27.5,26.899999618530273,27.399999618530273,27.399999618530273,4126001.0
2026-09-08 09:15:00,28.079999923706055,28.079999923706055,27.34000015258789,27.65999984741211,27.65999984741211,4041902.0
2026-09-09 09:15:00,26.959999084472656,28.399999618530273,26.959999084472656,27.5,27.5,3758240.0
2026-09-10 09:15:00,27.5,27.649999618530273,27.209999084472656,27.270000457763672,27.270000457763672,3713168.0
2026-09-11 09:15:00,27.270000457763672,27.770000457763672,26.579999923706055,27.290000915527344,27.290000915527344,3064207.0
2026-09-15 09:15:00,27.469999313354492,27.469999313354492,26.790000915527344,26.940000534057617,26.940000534057617,3727254.0
2026-09-16 09:15:00,26.260000228881836,27.100000381469727,26.260000228881836,26.950000762939453,26.950000762939453,3991876.0
2026-09-17 09:15:00,27.15999984741211,27.389999389648438,26.68000030517578,27.360000610351562,27.360000610351562,3319130.0
2026-09-18 09:15:00,27.8799991607666,27.8799991607666,27.360000610351562,27.5,27.5,3520516.0
2026-09-21 09:15:00,26.809999465942383,28.18000030517578,26.809999465942383,27.760000228881836,27.760000228881836,9884121.0
2026-09-22 09:15:00,28.399999618530273,28.399999618530273,27.149999618530273,27.68000030517578,27.68000030517578,2961932.0
2026-09-23 09:15:00,28.3700008392334,28.3700008392334,27.610000610351562,27.889999389648438,27.889999389648438,3305177.0
2026-09-24 09:15:00,28.579999923706055,28.579999923706055,27.709999084472656,27.799999237060547,27.799999237060547,4033114.0
2026-09-25 09:15:00,28.399999618530273,28.399999618530273,27.639999389648438,27.799999237060547,27.799999237060547,4149103.0
2026-09-28 09:15:00,28.110000610351562,28.110000610351562,27.5,27.559999465942383,27.559999465942383,4818923.0
2026-09-29 09:15:00,28.110000610351562,28.110000610351562,27.559999465942383,27.790000915527344,27.790000915527344,4751571.0
2026-09-30 09:15:00,27.790000915527344,28.549999237060547,27.219999313354492,27.31999969482422,27.31999969482422,4945372.0
