Date,Open,High,Low,Close,Adj_Close,Volume
2022-03-02 09:15:00,66.5999984741211,67.37999725341797,66.5999984741211,67.08999633789062,67.08999633789062,671240.0
2022-03-03 09:15:00,67.30000305175781,68.0,67.02999877929688,67.4800033569336,67.4800033569336,278653.0
2022-03-04 09:15:00,67.5999984741211,67.98999786376953,67.22000122070312,67.5199966430664,67.5199966430664,572952.0
2022-03-07 09:15:00,67.5999984741211,70.9000015258789,67.5999984741211,70.37000274658203,70.37000274658203,2521109.0
2022-03-08 09:15:00,71.19999694824219,71.97000122070312,69.0999984741211,70.55999755859375,70.55999755859375,1555427.0
2022-03-09 09:15:00,71.58000183105469,74.0,70.12999725341797,70.6500015258789,70.6500015258789,3069502.0
2022-03-10 09:15:00,68.5,69.69999694824219,67.5,68.5,68.5,1852430.0
2022-03-11 09:15:00,68.69999694824219,69.94999694824219,68.69999694824219,69.47000122070312,69.47000122070312,450947.0
2022-03-14 09:15:00,69.98999786376953,69.98999786376953,67.9000015258789,68.48999786376953,68.48999786376953,766744.0
2022-03-15 09:15:00,68.0,68.0,66.88999938964844,66.95999908447266,66.95999908447266,1206446.0
2022-03-16 09:15:00,66.95999908447266,67.19999694824219,66.87000274658203,67.13999938964844,67.13999938964844,421069.0
2022-03-17 09:15:00,68.25,68.25,67.19999694824219,67.55000305175781,67.55000305175781,498307.0
2022-03-21 09:15:00,67.75,67.75,67.0199966430664,67.3499984741211,67.3499984741211,495028.0
2022-03-22 09:15:00,67.80000305175781,68.48999786376953,67.2699966430664,67.47000122070312,67.47000122070312,901527.0
2022-03-23 09:15:00,67.30000305175781,67.4000015258789,66.69999694824219,67.33999633789062,67.33999633789062,705057.0
2022-03-24 09:15:00,67.80000305175781,67.87999725341797,67.30000305175781,67.5199966430664,67.5199966430664,180506.0
2022-03-25 09:15:00,67.80000305175781,68.68000030517578,67.80000305175781,68.5999984741211,68.5999984741211,973088.0
2022-03-28 09:15:00,67.0,68.19000244140625,67.0,67.3499984741211,67.3499984741211,482797.0
2022-03-29 09:15:00,67.5,67.5,66.31999969482422,66.38999938964844,66.38999938964844,709264.0
2022-03-30 09:15:00,66.66000366210938,66.87000274658203,66.25,66.6500015258789,66.6500015258789,296240.0
2022-03-31 09:15:00,66.6500015258789,66.68000030517578,65.80999755859375,66.30000305175781,66.30000305175781,1513326.0
2022-04-01 09:15:00,66.5999984741211,66.95999908447266,66.55000305175781,66.72000122070312,66.72000122070312,290914.0
2022-04-04 09:15:00,66.9800033569336,66.9800033569336,66.0,66.54000091552734,66.54000091552734,563048.0
2022-04-05 09:15:00,66.5,66.5,65.9000015258789,66.1500015258789,66.1500015258789,587450.0
2022-04-06 09:15:00,66.0,66.05000305175781,65.45999908447266,65.9800033569336,65.9800033569336,448926.0
2022-04-07 09:15:00,66.25,66.5,65.70999908447266,66.04000091552734,66.04000091552734,490405.0
2022-04-08 09:15:00,66.37999725341797,66.55000305175781,66.05999755859375,66.4800033569336,66.4800033569336,268062.0
2022-04-11 09:15:00,66.69000244140625,67.44999694824219,66.4000015258789,67.3499984741211,67.3499984741211,316116.0
2022-04-12 09:15:00,68.0,68.0,67.26000213623047,67.4000015258789,67.4000015258789,915728.0
2022-04-13 09:15:00,67.80000305175781,69.1500015258789,67.80000305175781,69.0,69.0,812052.0
2022-04-18 09:15:00,68.30999755859375,69.98999786376953,68.30999755859375,69.62000274658203,69.62000274658203,940469.0
2022-04-19 09:15:00,69.87999725341797,69.9800033569336,69.30999755859375,69.5999984741211,69.5999984741211,579141.0
2022-04-20 09:15:00,69.18000030517578,69.18000030517578,67.86000061035156,68.05999755859375,68.05999755859375,707140.0
2022-04-21 09:15:00,68.19999694824219,68.19999694824219,67.3499984741211,67.45999908447266,67.45999908447266,581100.0
2022-04-22 09:15:00,67.83000183105469,67.83000183105469,66.1500015258789,66.33000183105469,66.33000183105469,1233175.0
2022-04-25 09:15:00,66.33000183105469,66.33000183105469,65.19999694824219,65.30999755859375,65.30999755859375,1237896.0
2022-04-26 09:15:00,65.5999984741211,65.68000030517578,65.01000213623047,65.41999816894531,65.41999816894531,774433.0
2022-04-27 09:15:00,65.5999984741211,70.48999786376953,64.63999938964844,64.9800033569336,64.9800033569336,488290.0
2022-04-28 09:15:00,64.9800033569336,64.9800033569336,63.75,64.25,64.25,809968.0
2022-04-29 09:15:00,64.4000015258789,64.80000305175781,64.20999908447266,64.56999969482422,64.56999969482422,798571.0
2022-05-02 09:15:00,64.44999694824219,64.44999694824219,62.54999923706055,62.83000183105469,62.83000183105469,1779659.0
2022-05-04 09:15:00,62.5,62.790000915527344,62.349998474121094,62.630001068115234,62.630001068115234,720146.0
2022-05-05 09:15:00,62.70000076293945,64.0,62.70000076293945,63.349998474121094,63.349998474121094,519360.0
2022-05-06 09:15:00,63.34000015258789,63.34000015258789,62.02000045776367,62.4900016784668,62.4900016784668,799198.0
2022-05-09 09:15:00,64.01000213623047,64.01000213623047,61.849998474121094,61.97999954223633,61.97999954223633,522812.0
2022-05-10 09:15:00,62.290000915527344,62.290000915527344,61.380001068115234,61.63999938964844,61.63999938964844,451137.0
2022-05-11 09:15:00,61.5,61.5,60.209999084472656,61.36000061035156,61.36000061035156,553283.0
2022-05-12 09:15:00,61.36000061035156,61.36000061035156,59.88999938964844,59.9900016784668,59.9900016784668,2005985.0
2022-05-13 09:15:00,59.9900016784668,59.9900016784668,58.75,59.13999938964844,59.13999938964844,974549.0
2022-05-16 09:15:00,59.5,60.20000076293945,59.40999984741211,59.97999954223633,59.97999954223633,439978.0
2022-05-17 09:15:00,60.400001525878906,61.5,60.400001525878906,61.380001068115234,61.380001068115234,438564.0
2022-05-18 09:15:00,61.380001068115234,61.9900016784668,60.54999923706055,61.18000030517578,61.18000030517578,562662.0
2022-05-19 09:15:00,61.29999923706055,61.9900016784668,60.119998931884766,60.58000183105469,60.58000183105469,564481.0
2022-05-20 09:15:00,61.9900016784668,64.95999908447266,61.2599983215332,61.900001525878906,61.900001525878906,325362.0
2022-05-23 09:15:00,63.400001525878906,63.689998626708984,61.099998474121094,62.02000045776367,62.02000045776367,325340.0
2022-05-24 09:15:00,61.45000076293945,61.56999969482422,60.959999084472656,61.36000061035156,61.36000061035156,638967.0
2022-05-25 09:15:00,61.720001220703125,61.900001525878906,61.36000061035156,61.439998626708984,61.439998626708984,371250.0
2022-05-26 09:15:00,61.20000076293945,61.380001068115234,61.02000045776367,61.119998931884766,61.119998931884766,263459.0
2022-05-27 09:15:00,61.400001525878906,62.79999923706055,61.400001525878906,62.209999084472656,62.209999084472656,311278.0
2022-05-30 09:15:00,62.189998626708984,62.4900016784668,61.709999084472656,61.790000915527344,61.790000915527344,248188.0
2022-05-31 09:15:00,61.7400016784668,61.7400016784668,61.099998474121094,61.33000183105469,61.33000183105469,264299.0
2022-06-01 09:15:00,64.80000305175781,64.80000305175781,60.29999923706055,60.41999816894531,60.41999816894531,566304.0
2022-06-02 09:15:00,64.80000305175781,64.80000305175781,61.0099983215332,61.61000061035156,61.61000061035156,198732.0
2022-06-03 09:15:00,61.9900016784668,62.349998474121094,61.9900016784668,62.130001068115234,62.130001068115234,302129.0
2022-06-06 09:15:00,62.20000076293945,62.290000915527344,61.61000061035156,62.18000030517578,62.18000030517578,248048.0
2022-06-07 09:15:00,62.0,62.0,61.310001373291016,61.599998474121094,61.599998474121094,301947.0
2022-06-08 09:15:00,61.65999984741211,62.08000183105469,61.650001525878906,61.709999084472656,61.709999084472656,232089.0
2022-06-09 09:15:00,61.720001220703125,61.970001220703125,61.5,61.560001373291016,61.560001373291016,174969.0
2022-06-10 09:15:00,60.9900016784668,61.02000045776367,60.52000045776367,60.56999969482422,60.56999969482422,677557.0
2022-06-13 09:15:00,61.380001068115234,61.380001068115234,60.59000015258789,60.689998626708984,60.689998626708984,545683.0
2022-06-14 09:15:00,64.80000305175781,64.80000305175781,59.709999084472656,59.77000045776367,59.77000045776367,741242.0
2022-06-15 09:15:00,60.0,60.599998474121094,59.720001220703125,60.459999084472656,60.459999084472656,319059.0
2022-06-16 09:15:00,61.2400016784668,61.2400016784668,60.5,60.709999084472656,60.709999084472656,370200.0
2022-06-17 09:15:00,60.5,61.45000076293945,60.5,61.31999969482422,61.31999969482422,760123.0
2022-06-20 09:15:00,61.099998474121094,61.099998474121094,60.650001525878906,60.849998474121094,60.849998474121094,260083.0
2022-06-21 09:15:00,61.150001525878906,61.150001525878906,60.54999923706055,60.90999984741211,60.90999984741211,99039.0
2022-06-22 09:15:00,60.0099983215332,60.599998474121094,60.0099983215332,60.290000915527344,60.290000915527344,266482.0
2022-06-23 09:15:00,60.2400016784668,60.38999938964844,60.0,60.04999923706055,60.04999923706055,166627.0
2022-06-24 09:15:00,60.04999923706055,60.04999923706055,59.119998931884766,59.33000183105469,59.33000183105469,583796.0
2022-06-27 09:15:00,59.599998474121094,60.650001525878906,59.599998474121094,60.58000183105469,60.58000183105469,553572.0
2022-06-28 09:15:00,60.29999923706055,60.40999984741211,59.81999969482422,60.36000061035156,60.36000061035156,152654.0
2022-06-29 09:15:00,59.880001068115234,59.880001068115234,59.209999084472656,59.29999923706055,59.29999923706055,589890.0
2022-06-30 09:15:00,59.310001373291016,59.380001068115234,58.90999984741211,58.970001220703125,58.970001220703125,472964.0
2022-07-01 09:15:00,59.0,59.599998474121094,57.900001525878906,57.970001220703125,57.970001220703125,890405.0
2022-07-04 09:15:00,58.900001525878906,58.939998626708984,57.70000076293945,58.0099983215332,58.0099983215332,592728.0
2022-07-05 09:15:00,58.20000076293945,58.79999923706055,58.150001525878906,58.2599983215332,58.2599983215332,400340.0
2022-07-06 09:15:00,64.5,64.5,56.470001220703125,57.349998474121094,57.349998474121094,956634.0
2022-07-07 09:15:00,57.45000076293945,68.0,56.95000076293945,57.27000045776367,57.27000045776367,1028593.0
2022-07-08 09:15:00,57.900001525878906,57.939998626708984,56.529998779296875,56.689998626708984,56.689998626708984,1295185.0
2022-07-11 09:15:00,56.5,57.09000015258789,56.5,56.79999923706055,56.79999923706055,891533.0
2022-07-12 09:15:00,57.79999923706055,57.79999923706055,56.150001525878906,56.18000030517578,56.18000030517578,929824.0
2022-07-13 09:15:00,57.0,57.0,56.150001525878906,56.279998779296875,56.279998779296875,397215.0
2022-07-14 09:15:00,56.70000076293945,56.70000076293945,55.97999954223633,56.02000045776367,56.02000045776367,819439.0
2022-07-15 09:15:00,55.75,55.75,54.2599983215332,54.68000030517578,54.68000030517578,1238023.0
2022-07-18 09:15:00,55.900001525878906,55.97999954223633,55.5099983215332,55.90999984741211,55.90999984741211,583258.0
2022-07-19 09:15:00,55.20000076293945,55.689998626708984,55.20000076293945,55.58000183105469,55.58000183105469,652829.0
2022-07-20 09:15:00,56.97999954223633,56.97999954223633,55.31999969482422,55.61000061035156,55.61000061035156,514092.0
2022-07-21 09:15:00,55.25,55.25,54.29999923706055,54.38999938964844,54.38999938964844,1691298.0
2022-07-22 09:15:00,55.11000061035156,55.599998474121094,54.90999984741211,55.16999816894531,55.16999816894531,550622.0
2022-07-25 09:15:00,54.9900016784668,54.9900016784668,54.599998474121094,54.849998474121094,54.849998474121094,797712.0
2022-07-26 09:15:00,54.45000076293945,54.54999923706055,54.2599983215332,54.290000915527344,54.290000915527344,1260496.0
2022-07-27 09:15:00,54.290000915527344,54.790000915527344,54.27000045776367,54.650001525878906,54.650001525878906,609442.0
2022-07-28 09:15:00,55.25,56.369998931884766,55.25,56.04999923706055,56.04999923706055,1294772.0
2022-07-29 09:15:00,56.20000076293945,57.900001525878906,56.20000076293945,57.400001525878906,57.400001525878906,1732405.0
2022-08-01 09:15:00,57.599998474121094,58.040000915527344,57.41999816894531,57.95000076293945,57.95000076293945,545276.0
2022-08-02 09:15:00,57.70000076293945,57.900001525878906,57.31999969482422,57.4900016784668,57.4900016784668,686348.0
2022-08-03 09:15:00,57.04999923706055,57.20000076293945,56.720001220703125,56.88999938964844,56.88999938964844,757072.0
2022-08-04 09:15:00,57.0,57.900001525878906,57.0,57.83000183105469,57.83000183105469,690683.0
2022-08-05 09:15:00,57.900001525878906,57.900001525878906,57.31999969482422,57.369998931884766,57.369998931884766,440322.0
2022-08-08 09:15:00,57.099998474121094,57.790000915527344,57.02000045776367,57.689998626708984,57.689998626708984,765007.0
2022-08-10 09:15:00,57.79999923706055,58.5099983215332,57.79999923706055,58.36000061035156,58.36000061035156,610760.0
2022-08-11 09:15:00,58.20000076293945,58.65999984741211,58.150001525878906,58.47999954223633,58.47999954223633,450696.0
2022-08-12 09:15:00,58.5,58.599998474121094,58.0099983215332,58.119998931884766,58.119998931884766,546889.0
2022-08-16 09:15:00,58.099998474121094,58.099998474121094,57.56999969482422,57.66999816894531,57.66999816894531,966114.0
2022-08-17 09:15:00,57.79999923706055,58.09000015258789,57.25,57.36000061035156,57.36000061035156,902734.0
2022-08-18 09:15:00,57.11000061035156,57.290000915527344,56.599998474121094,56.90999984741211,56.90999984741211,1010924.0
2022-08-19 09:15:00,56.5,56.599998474121094,55.5,55.66999816894531,55.66999816894531,2181948.0
2022-08-22 09:15:00,55.400001525878906,55.599998474121094,54.83000183105469,54.90999984741211,54.90999984741211,2039976.0
2022-08-23 09:15:00,54.9900016784668,55.29999923706055,54.83000183105469,55.119998931884766,55.119998931884766,1419927.0
2022-08-24 09:15:00,55.45000076293945,55.470001220703125,55.119998931884766,55.29999923706055,55.29999923706055,647181.0
2022-08-25 09:15:00,55.5,55.95000076293945,55.40999984741211,55.83000183105469,55.83000183105469,844094.0
2022-08-26 09:15:00,55.75,55.880001068115234,55.41999816894531,55.560001373291016,55.560001373291016,1177008.0
2022-08-29 09:15:00,55.560001373291016,55.560001373291016,54.22999954223633,54.369998931884766,54.369998931884766,2499958.0
2022-08-30 09:15:00,59.79999923706055,59.79999923706055,54.2599983215332,54.36000061035156,54.36000061035156,2468165.0
2022-09-01 09:15:00,54.0,54.5,52.099998474121094,52.27000045776367,52.27000045776367,7131358.0
2022-09-02 09:15:00,52.599998474121094,53.0,52.5099983215332,52.7400016784668,52.7400016784668,2415510.0
2022-09-05 09:15:00,53.0,53.4900016784668,52.81999969482422,53.41999816894531,53.41999816894531,1134409.0
2022-09-06 09:15:00,53.790000915527344,53.900001525878906,53.5099983215332,53.65999984741211,53.65999984741211,1836308.0
2022-09-07 09:15:00,53.2599983215332,53.380001068115234,52.599998474121094,53.2599983215332,53.2599983215332,2193324.0
2022-09-08 09:15:00,53.59000015258789,54.099998474121094,53.59000015258789,54.0,54.0,1746372.0
2022-09-09 09:15:00,54.5,54.619998931884766,54.310001373291016,54.54999923706055,54.54999923706055,1659339.0
2022-09-12 09:15:00,54.689998626708984,55.599998474121094,54.58000183105469,55.529998779296875,55.529998779296875,1383131.0
2022-09-13 09:15:00,55.66999816894531,56.84000015258789,55.66999816894531,56.7400016784668,56.7400016784668,2295131.0
2022-09-14 09:15:00,55.88999938964844,56.25,55.75,56.189998626708984,56.189998626708984,1072002.0
2022-09-15 09:15:00,56.400001525878906,56.400001525878906,55.900001525878906,56.220001220703125,56.220001220703125,534356.0
2022-09-16 09:15:00,55.7400016784668,55.88999938964844,54.61000061035156,54.97999954223633,54.97999954223633,1718739.0
2022-09-19 09:15:00,55.5,56.38999938964844,55.5,55.90999984741211,55.90999984741211,683189.0
2022-09-20 09:15:00,56.20000076293945,56.369998931884766,55.91999816894531,55.97999954223633,55.97999954223633,533220.0
2022-09-21 09:15:00,55.9900016784668,56.47999954223633,55.72999954223633,56.38999938964844,56.38999938964844,1288694.0
2022-09-22 09:15:00,56.38999938964844,57.220001220703125,56.2400016784668,57.13999938964844,57.13999938964844,1686839.0
2022-09-23 09:15:00,57.349998474121094,57.439998626708984,56.43000030517578,56.540000915527344,56.540000915527344,902307.0
2022-09-26 09:15:00,53.0,55.47999954223633,53.0,55.2599983215332,55.2599983215332,2234716.0
2022-09-27 09:15:00,54.939998626708984,55.349998474121094,54.619998931884766,55.040000915527344,55.040000915527344,923728.0
2022-09-28 09:15:00,54.900001525878906,54.900001525878906,53.91999816894531,54.02000045776367,54.02000045776367,1530786.0
2022-09-29 09:15:00,54.5,55.599998474121094,54.5,55.43000030517578,55.43000030517578,1149251.0
2022-09-30 09:15:00,55.70000076293945,56.349998474121094,55.41999816894531,56.119998931884766,56.119998931884766,1020843.0
2022-10-03 09:15:00,56.29999923706055,57.20000076293945,56.29999923706055,56.880001068115234,56.880001068115234,1335269.0
2022-10-04 09:15:00,58.90999984741211,60.599998474121094,58.90999984741211,60.220001220703125,60.220001220703125,5665572.0
2022-10-06 09:15:00,59.5099983215332,60.400001525878906,46.150001525878906,59.83000183105469,59.83000183105469,1768191.0
2022-10-07 09:15:00,60.40999984741211,60.63999938964844,60.20000076293945,60.4900016784668,60.4900016784668,1295474.0
2022-10-10 09:15:00,61.0,61.0,58.0,58.25,58.25,2216039.0
2022-10-11 09:15:00,57.97999954223633,57.97999954223633,57.11000061035156,57.220001220703125,57.220001220703125,1044405.0
2022-10-12 09:15:00,56.939998626708984,57.20000076293945,56.72999954223633,57.150001525878906,57.150001525878906,892594.0
2022-10-13 09:15:00,56.900001525878906,56.97999954223633,56.470001220703125,56.880001068115234,56.880001068115234,1873536.0
2022-10-14 09:15:00,56.58000183105469,56.7400016784668,55.70000076293945,55.81999969482422,55.81999969482422,2241901.0
2022-10-17 09:15:00,56.0,60.9900016784668,54.9900016784668,55.52000045776367,55.52000045776367,2747859.0
2022-10-18 09:15:00,55.97999954223633,56.279998779296875,55.619998931884766,55.86000061035156,55.86000061035156,1610688.0
2022-10-19 09:15:00,56.0,56.13999938964844,55.41999816894531,55.709999084472656,55.709999084472656,1052919.0
2022-10-20 09:15:00,55.25,55.91999816894531,55.2400016784668,55.810001373291016,55.810001373291016,796641.0
2022-10-21 09:15:00,55.97999954223633,55.9900016784668,55.25,55.349998474121094,55.349998474121094,2987728.0
2022-10-24 18:15:00,57.0099983215332,57.04999923706055,56.25,56.93000030517578,56.93000030517578,1285301.0
2022-10-25 09:15:00,56.95000076293945,57.18000030517578,56.31999969482422,56.52000045776367,56.52000045776367,1327449.0
2022-10-27 09:15:00,59.9900016784668,59.9900016784668,57.25,57.369998931884766,57.369998931884766,1786452.0
2022-10-28 09:15:00,57.7599983215332,57.849998474121094,57.099998474121094,57.209999084472656,57.209999084472656,1275259.0
2022-10-31 09:15:00,57.25,57.29999923706055,56.75,57.11000061035156,57.11000061035156,1413676.0
2022-11-01 09:15:00,57.689998626708984,58.56999969482422,57.4900016784668,58.41999816894531,58.41999816894531,2627978.0
2022-11-02 09:15:00,58.310001373291016,58.59000015258789,58.25,58.369998931884766,58.369998931884766,997288.0
2022-11-03 09:15:00,58.369998931884766,58.369998931884766,56.869998931884766,56.97999954223633,56.97999954223633,2268065.0
2022-11-04 09:15:00,57.4900016784668,58.41999816894531,57.4900016784668,58.31999969482422,58.31999969482422,1849262.0
2022-11-07 09:15:00,59.619998931884766,60.09000015258789,59.209999084472656,59.970001220703125,59.970001220703125,3602733.0
2022-11-09 09:15:00,60.900001525878906,61.79999923706055,60.459999084472656,60.72999954223633,60.72999954223633,2843550.0
2022-11-10 09:15:00,60.72999954223633,60.72999954223633,60.0,60.560001373291016,60.560001373291016,1306491.0
2022-11-11 09:15:00,62.209999084472656,62.209999084472656,60.90999984741211,61.58000183105469,61.58000183105469,2853016.0
2022-11-14 09:15:00,61.45000076293945,61.58000183105469,60.900001525878906,61.150001525878906,61.150001525878906,1374642.0
2022-11-15 09:15:00,61.5,62.04999923706055,61.5,61.779998779296875,61.779998779296875,1495311.0
2022-11-16 09:15:00,61.5,61.70000076293945,61.0,61.560001373291016,61.560001373291016,1435553.0
2022-11-17 09:15:00,60.83000183105469,60.970001220703125,60.529998779296875,60.58000183105469,60.58000183105469,1205090.0
2022-11-18 09:15:00,60.84000015258789,60.900001525878906,60.4900016784668,60.81999969482422,60.81999969482422,823261.0
2022-11-21 09:15:00,61.81999969482422,61.81999969482422,59.849998474121094,59.93000030517578,59.93000030517578,1532697.0
2022-11-22 09:15:00,60.400001525878906,60.91999816894531,60.400001525878906,60.810001373291016,60.810001373291016,1202865.0
2022-11-23 09:15:00,60.790000915527344,61.04999923706055,60.45000076293945,60.77000045776367,60.77000045776367,1745016.0
2022-11-24 09:15:00,61.0,61.61000061035156,61.0,61.459999084472656,61.459999084472656,1191747.0
2022-11-25 09:15:00,61.790000915527344,61.790000915527344,61.0,61.09000015258789,61.09000015258789,1328111.0
2022-11-28 09:15:00,60.099998474121094,61.58000183105469,60.099998474121094,61.439998626708984,61.439998626708984,1372688.0
2022-11-29 09:15:00,61.41999816894531,61.41999816894531,61.0099983215332,61.209999084472656,61.209999084472656,1383143.0
2022-11-30 09:15:00,61.380001068115234,61.439998626708984,61.08000183105469,61.31999969482422,61.31999969482422,656779.0
2022-12-01 09:15:00,62.0,62.97999954223633,62.0,62.529998779296875,62.529998779296875,2814423.0
2022-12-02 09:15:00,62.88999938964844,63.95000076293945,62.88999938964844,63.7599983215332,63.7599983215332,2931386.0
2022-12-05 09:15:00,64.0,65.30999755859375,64.0,65.11000061035156,65.11000061035156,2634912.0
2022-12-06 09:15:00,64.38999938964844,64.38999938964844,63.790000915527344,64.12000274658203,64.12000274658203,2345153.0
2022-12-07 09:15:00,64.0,64.13999938964844,63.79999923706055,63.83000183105469,63.83000183105469,1596473.0
2022-12-08 09:15:00,64.9800033569336,64.9800033569336,64.16000366210938,64.55999755859375,64.55999755859375,931355.0
2022-12-09 09:15:00,65.70999908447266,65.80000305175781,65.0999984741211,65.27999877929688,65.27999877929688,1803759.0
2022-12-12 09:15:00,65.0,66.25,65.0,66.11000061035156,66.11000061035156,1920959.0
2022-12-13 09:15:00,66.23999786376953,66.23999786376953,66.0,66.08999633789062,66.08999633789062,1087122.0
2022-12-14 09:15:00,66.51000213623047,67.02999877929688,66.51000213623047,66.68000030517578,66.68000030517578,1287396.0
2022-12-15 09:15:00,66.48999786376953,66.48999786376953,65.5,65.56999969482422,65.56999969482422,1503093.0
2022-12-16 09:15:00,65.68000030517578,65.75,64.7699966430664,64.91000366210938,64.91000366210938,1464378.0
2022-12-19 09:15:00,65.61000061035156,66.19999694824219,65.61000061035156,66.12000274658203,66.12000274658203,1140849.0
2022-12-20 09:15:00,65.9000015258789,67.19000244140625,65.48999786376953,67.01000213623047,67.01000213623047,1733723.0
2022-12-21 09:15:00,67.44999694824219,67.8499984741211,67.33000183105469,67.38999938964844,67.38999938964844,1662672.0
2022-12-22 09:15:00,67.51000213623047,67.5999984741211,66.75,66.91999816894531,66.91999816894531,3035686.0
2022-12-23 09:15:00,66.69000244140625,66.87000274658203,66.44000244140625,66.76000213623047,66.76000213623047,1178458.0
2022-12-26 09:15:00,66.8499984741211,67.0,66.66999816894531,66.72000122070312,66.72000122070312,483561.0
2022-12-27 09:15:00,67.23999786376953,68.0,66.94999694824219,67.97000122070312,67.97000122070312,1206472.0
2022-12-28 09:15:00,67.79000091552734,67.79000091552734,66.80999755859375,66.95999908447266,66.95999908447266,1037369.0
2022-12-29 09:15:00,66.88999938964844,67.12999725341797,66.69000244140625,66.95999908447266,66.95999908447266,791712.0
2022-12-30 09:15:00,67.68000030517578,67.75,67.19999694824219,67.2300033569336,67.2300033569336,1278013.0
2023-01-02 09:15:00,67.77999877929688,67.77999877929688,67.33000183105469,67.66999816894531,67.66999816894531,589562.0
2023-01-03 09:15:00,67.9800033569336,68.9000015258789,67.9800033569336,68.66999816894531,68.66999816894531,1559415.0
2023-01-04 09:15:00,68.29000091552734,68.80000305175781,68.08000183105469,68.7300033569336,68.7300033569336,1075915.0
2023-01-05 09:15:00,67.88999938964844,67.88999938964844,66.4000015258789,66.91999816894531,66.91999816894531,2209592.0
2023-01-06 09:15:00,67.0,67.19000244140625,66.80000305175781,66.87999725341797,66.87999725341797,1217957.0
2023-01-09 09:15:00,67.51000213623047,68.5,67.51000213623047,67.94999694824219,67.94999694824219,877040.0
2023-01-10 09:15:00,68.0,68.01000213623047,66.69999694824219,67.08000183105469,67.08000183105469,794149.0
2023-01-11 09:15:00,67.08000183105469,67.69000244140625,67.0199966430664,67.54000091552734,67.54000091552734,674649.0
2023-01-12 09:15:00,67.5,67.5,66.88999938964844,67.1500015258789,67.1500015258789,1108209.0
2023-01-13 09:15:00,67.20999908447266,67.5,66.81999969482422,67.18000030517578,67.18000030517578,2143703.0
2023-01-16 09:15:00,68.01000213623047,68.3499984741211,68.01000213623047,68.26000213623047,68.26000213623047,1292119.0
2023-01-17 09:15:00,68.44999694824219,68.51000213623047,67.9800033569336,68.05000305175781,68.05000305175781,1284553.0
2023-01-18 09:15:00,68.01000213623047,68.37999725341797,67.8499984741211,68.19999694824219,68.19999694824219,795382.0
2023-01-19 09:15:00,68.06999969482422,68.06999969482422,66.52999877929688,66.73999786376953,66.73999786376953,1986369.0
2023-01-20 09:15:00,67.41000366210938,67.88999938964844,67.0999984741211,67.58999633789062,67.58999633789062,892881.0
2023-01-23 09:15:00,67.87000274658203,67.9800033569336,67.33999633789062,67.5199966430664,67.5199966430664,1476635.0
2023-01-24 09:15:00,67.69999694824219,67.69999694824219,67.0199966430664,67.30999755859375,67.30999755859375,808166.0
2023-01-25 09:15:00,67.30000305175781,67.38999938964844,67.0999984741211,67.25,67.25,620850.0
2023-01-27 09:15:00,67.86000061035156,67.86000061035156,67.31999969482422,67.47000122070312,67.47000122070312,755828.0
2023-01-30 09:15:00,67.45999908447266,67.68000030517578,67.36000061035156,67.44999694824219,67.44999694824219,514927.0
2023-01-31 09:15:00,67.56999969482422,67.56999969482422,66.91999816894531,66.9800033569336,66.9800033569336,787228.0
2023-02-01 09:15:00,67.75,69.0999984741211,67.5,68.70999908447266,68.70999908447266,2529810.0
2023-02-02 09:15:00,69.5199966430664,70.76000213623047,69.51000213623047,70.5999984741211,70.5999984741211,1564567.0
2023-02-03 09:15:00,69.4800033569336,69.4800033569336,68.61000061035156,68.87999725341797,68.87999725341797,1291238.0
2023-02-06 09:15:00,67.5,67.5,66.80999755859375,66.91999816894531,66.91999816894531,1781332.0
2023-02-07 09:15:00,66.69999694824219,66.94999694824219,66.62000274658203,66.80999755859375,66.80999755859375,1033795.0
2023-02-08 09:15:00,66.79000091552734,67.08000183105469,66.61000061035156,66.83999633789062,66.83999633789062,635053.0
2023-02-09 09:15:00,66.83999633789062,67.0199966430664,66.63999938964844,66.73999786376953,66.73999786376953,441182.0
2023-02-10 09:15:00,66.19000244140625,66.47000122070312,65.58999633789062,66.04000091552734,66.04000091552734,1220929.0
2023-02-13 09:15:00,66.0,66.0,65.51000213623047,65.62000274658203,65.62000274658203,665085.0
2023-02-14 09:15:00,65.79000091552734,65.94999694824219,65.45999908447266,65.55999755859375,65.55999755859375,550186.0
2023-02-15 09:15:00,65.47000122070312,65.47000122070312,64.72000122070312,64.80000305175781,64.80000305175781,852011.0
2023-02-16 09:15:00,66.30000305175781,66.30000305175781,64.81999969482422,64.9800033569336,64.9800033569336,1075574.0
2023-02-17 09:15:00,65.04000091552734,65.04000091552734,63.970001220703125,64.11000061035156,64.11000061035156,1315070.0
2023-02-20 09:15:00,64.5,65.44000244140625,64.5,65.33000183105469,65.33000183105469,720404.0
2023-02-21 09:15:00,67.30000305175781,67.30000305175781,64.95999908447266,65.12000274658203,65.12000274658203,540926.0
2023-02-22 09:15:00,65.43000030517578,65.4800033569336,65.13999938964844,65.22000122070312,65.22000122070312,2801263.0
2023-02-23 09:15:00,64.88999938964844,65.12999725341797,64.41999816894531,64.52999877929688,64.52999877929688,1033456.0
2023-02-24 09:15:00,64.70999908447266,64.70999908447266,63.689998626708984,63.900001525878906,63.900001525878906,977374.0
2023-02-27 09:15:00,63.959999084472656,63.959999084472656,62.290000915527344,62.90999984741211,62.90999984741211,1077495.0
2023-02-28 09:15:00,62.90999984741211,62.90999984741211,62.220001220703125,62.47999954223633,62.47999954223633,941958.0
2023-03-01 09:15:00,63.41999816894531,64.08999633789062,63.41999816894531,63.7599983215332,63.7599983215332,564090.0
2023-03-02 09:15:00,63.59000015258789,63.619998931884766,63.150001525878906,63.209999084472656,63.209999084472656,545485.0
2023-03-03 09:15:00,63.779998779296875,63.779998779296875,63.31999969482422,63.540000915527344,63.540000915527344,741512.0
2023-03-06 09:15:00,63.900001525878906,63.9900016784668,63.58000183105469,63.720001220703125,63.720001220703125,466229.0
2023-03-08 09:15:00,62.5,62.5,60.95000076293945,61.29999923706055,61.29999923706055,3576546.0
2023-03-09 09:15:00,61.4900016784668,61.4900016784668,60.880001068115234,60.939998626708984,60.939998626708984,2918665.0
2023-03-10 09:15:00,60.97999954223633,61.31999969482422,60.790000915527344,61.2599983215332,61.2599983215332,3710092.0
2023-03-13 09:15:00,61.97999954223633,63.369998931884766,61.97999954223633,63.099998474121094,63.099998474121094,2043903.0
2023-03-14 09:15:00,64.66000366210938,65.8499984741211,64.66000366210938,64.91000366210938,64.91000366210938,3281435.0
2023-03-15 09:15:00,65.30999755859375,65.6500015258789,65.0999984741211,65.4000015258789,65.4000015258789,1141797.0
2023-03-16 09:15:00,65.5199966430664,66.37999725341797,65.51000213623047,66.23999786376953,66.23999786376953,2627036.0
2023-03-17 09:15:00,66.11000061035156,66.29000091552734,65.75,65.88999938964844,65.88999938964844,1245181.0
2023-03-20 09:15:00,66.81999969482422,68.05999755859375,66.80999755859375,67.58999633789062,67.58999633789062,4585765.0
2023-03-21 09:15:00,67.5999984741211,67.97000122070312,67.1500015258789,67.36000061035156,67.36000061035156,1375348.0
2023-03-22 09:15:00,67.2699966430664,67.58000183105469,67.0199966430664,67.43000030517578,67.43000030517578,740204.0
2023-03-23 09:15:00,68.0199966430664,68.56999969482422,68.0199966430664,68.26000213623047,68.26000213623047,3425770.0
2023-03-24 09:15:00,68.55999755859375,69.1500015258789,68.52999877929688,68.9800033569336,68.9800033569336,1696490.0
2023-03-27 09:15:00,68.88999938964844,69.05000305175781,68.31999969482422,68.41999816894531,68.41999816894531,2230680.0
2023-03-28 09:15:00,68.58000183105469,68.72000122070312,68.13999938964844,68.30999755859375,68.30999755859375,1922457.0
2023-03-29 09:15:00,68.69999694824219,69.27999877929688,68.69999694824219,69.19999694824219,69.19999694824219,914488.0
2023-03-31 09:15:00,70.11000061035156,70.77999877929688,70.11000061035156,70.66999816894531,70.66999816894531,2649758.0
2023-04-03 09:15:00,69.01000213623047,70.5199966430664,68.55000305175781,70.38999938964844,70.38999938964844,3089356.0
2023-04-05 09:15:00,72.5999984741211,73.5,72.5999984741211,72.94999694824219,72.94999694824219,4591195.0
2023-04-06 09:15:00,72.9000015258789,73.3499984741211,72.55000305175781,73.22000122070312,73.22000122070312,2019373.0
2023-04-10 09:15:00,72.9800033569336,73.37999725341797,72.75,73.23999786376953,73.23999786376953,1369637.0
2023-04-11 09:15:00,73.19999694824219,73.76000213623047,73.12000274658203,73.56999969482422,73.56999969482422,1875856.0
2023-04-12 09:15:00,74.19999694824219,74.51000213623047,73.63999938964844,73.8499984741211,73.8499984741211,7650952.0
2023-04-13 09:15:00,74.47000122070312,75.0,74.41999816894531,74.86000061035156,74.86000061035156,1936956.0
2023-04-17 09:15:00,74.86000061035156,74.91000366210938,74.02999877929688,74.62000274658203,74.62000274658203,1425763.0
2023-04-18 09:15:00,73.9800033569336,73.9800033569336,73.13999938964844,73.68000030517578,73.68000030517578,1049139.0
2023-04-19 09:15:00,73.91999816894531,74.37999725341797,72.9000015258789,73.0,73.0,1413187.0
2023-04-20 09:15:00,73.80999755859375,74.77999877929688,73.80000305175781,74.56999969482422,74.56999969482422,2251078.0
2023-04-21 09:15:00,74.58000183105469,74.58000183105469,73.73999786376953,73.94000244140625,73.94000244140625,1070965.0
2023-04-24 09:15:00,73.56999969482422,73.77999877929688,73.13999938964844,73.66999816894531,73.66999816894531,1334225.0
2023-04-25 09:15:00,74.04000091552734,74.06999969482422,73.62999725341797,73.7300033569336,73.7300033569336,1109083.0
2023-04-26 09:15:00,73.69000244140625,73.7300033569336,73.29000091552734,73.51000213623047,73.51000213623047,1418088.0
2023-04-27 09:15:00,73.0999984741211,74.12999725341797,73.0999984741211,73.44999694824219,73.44999694824219,848004.0
2023-04-28 09:15:00,73.27999877929688,73.30999755859375,72.86000061035156,73.08000183105469,73.08000183105469,1068007.0
2023-05-02 09:15:00,73.08000183105469,73.4800033569336,72.86000061035156,72.98999786376953,72.98999786376953,862100.0
2023-05-03 09:15:00,74.11000061035156,74.51000213623047,74.0999984741211,74.41000366210938,74.41000366210938,1044236.0
2023-05-04 09:15:00,75.05000305175781,75.41000366210938,74.83000183105469,75.1500015258789,75.1500015258789,1327246.0
2023-05-05 09:15:00,75.86000061035156,76.2699966430664,75.8499984741211,75.93000030517578,75.93000030517578,994840.0
2023-05-08 09:15:00,75.38999938964844,75.47000122070312,75.19000244140625,75.25,75.25,1047024.0
2023-05-09 09:15:00,75.55000305175781,75.55000305175781,74.80000305175781,75.2300033569336,75.2300033569336,731033.0
2023-05-10 09:15:00,75.73999786376953,75.73999786376953,75.31999969482422,75.41999816894531,75.41999816894531,377004.0
2023-05-11 09:15:00,75.41999816894531,75.41999816894531,73.5999984741211,73.88999938964844,73.88999938964844,1583543.0
2023-05-12 09:15:00,71.9000015258789,72.1500015258789,70.75,71.08999633789062,71.08999633789062,3047404.0
2023-05-15 09:15:00,71.88999938964844,72.0,71.20999908447266,71.83000183105469,71.83000183105469,989402.0
2023-05-16 09:15:00,71.87999725341797,71.87999725341797,70.98999786376953,71.25,71.25,1148640.0
2023-05-17 09:15:00,71.19000244140625,71.22000122070312,70.80000305175781,70.94999694824219,70.94999694824219,647538.0
2023-05-18 09:15:00,70.98999786376953,71.0999984741211,70.41000366210938,70.66999816894531,70.66999816894531,1054982.0
2023-05-19 09:15:00,71.30000305175781,71.41000366210938,70.80999755859375,71.20999908447266,71.20999908447266,1355757.0
2023-05-22 09:15:00,71.69000244140625,71.77999877929688,71.16999816894531,71.68000030517578,71.68000030517578,1060980.0
2023-05-23 09:15:00,71.4000015258789,71.4000015258789,69.83999633789062,69.91999816894531,69.91999816894531,2457636.0
2023-05-24 09:15:00,70.4000015258789,70.68000030517578,70.12999725341797,70.41999816894531,70.41999816894531,520428.0
2023-05-25 09:15:00,69.6500015258789,69.79000091552734,69.31999969482422,69.72000122070312,69.72000122070312,1169741.0
2023-05-26 09:15:00,69.62000274658203,69.86000061035156,69.25,69.75,69.75,1439837.0
2023-05-29 09:15:00,70.98999786376953,70.98999786376953,69.86000061035156,70.19999694824219,70.19999694824219,870090.0
2023-05-30 09:15:00,70.20999908447266,70.20999908447266,69.36000061035156,69.95999908447266,69.95999908447266,977228.0
2023-05-31 09:15:00,71.0,71.0,69.76000213623047,70.18000030517578,70.18000030517578,979768.0
2023-06-01 09:15:00,70.48999786376953,70.75,70.01000213623047,70.30000305175781,70.30000305175781,876593.0
2023-06-02 09:15:00,71.30999755859375,71.58999633789062,71.30999755859375,71.4800033569336,71.4800033569336,1380513.0
2023-06-05 09:15:00,71.12000274658203,71.12000274658203,70.41000366210938,70.62999725341797,70.62999725341797,720403.0
2023-06-06 09:15:00,70.88999938964844,71.05000305175781,70.5,70.7300033569336,70.7300033569336,799362.0
2023-06-07 09:15:00,72.8499984741211,72.8499984741211,70.31999969482422,70.70999908447266,70.70999908447266,793479.0
2023-06-08 09:15:00,70.88999938964844,71.18000030517578,70.61000061035156,71.05999755859375,71.05999755859375,673758.0
2023-06-09 09:15:00,72.11000061035156,72.9000015258789,72.11000061035156,72.66000366210938,72.66000366210938,1822390.0
2023-06-12 09:15:00,73.0,73.0,72.0,72.3499984741211,72.3499984741211,781085.0
2023-06-13 09:15:00,72.2699966430664,72.3499984741211,72.0,72.2699966430664,72.2699966430664,529771.0
2023-06-14 09:15:00,71.69999694824219,71.69999694824219,71.13999938964844,71.4800033569336,71.4800033569336,830790.0
2023-06-15 09:15:00,71.13999938964844,71.13999938964844,69.88999938964844,70.12000274658203,70.12000274658203,2143346.0
2023-06-16 09:15:00,71.12999725341797,71.5999984741211,70.95999908447266,71.48999786376953,71.48999786376953,982876.0
2023-06-19 09:15:00,71.79000091552734,71.91000366210938,71.47000122070312,71.73999786376953,71.73999786376953,690259.0
2023-06-20 09:15:00,71.75,71.75,71.31999969482422,71.44999694824219,71.44999694824219,538485.0
2023-06-21 09:15:00,71.5,71.5,69.18000030517578,69.36000061035156,69.36000061035156,4585021.0
2023-06-22 09:15:00,68.30000305175781,68.44999694824219,67.81999969482422,68.08999633789062,68.08999633789062,3088872.0
2023-06-23 09:15:00,66.98999786376953,67.5199966430664,66.94999694824219,67.41000366210938,67.41000366210938,3082365.0
2023-06-26 09:15:00,68.0,68.5999984741211,68.0,68.4800033569336,68.4800033569336,1151807.0
2023-06-27 09:15:00,69.87999725341797,69.87999725341797,68.66000366210938,68.80000305175781,68.80000305175781,786012.0
2023-06-28 09:15:00,68.80000305175781,68.8499984741211,68.22000122070312,68.37999725341797,68.37999725341797,966121.0
2023-06-30 09:15:00,68.54000091552734,68.54000091552734,67.3499984741211,67.56999969482422,67.56999969482422,2415830.0
2023-07-03 09:15:00,68.25,68.63999938964844,68.12000274658203,68.5,68.5,2025714.0
2023-07-04 09:15:00,68.76000213623047,69.0999984741211,68.69999694824219,69.0199966430664,69.0199966430664,782197.0
2023-07-05 09:15:00,68.94000244140625,69.0999984741211,68.63999938964844,68.91999816894531,68.91999816894531,1266208.0
2023-07-06 09:15:00,69.51000213623047,70.05000305175781,69.51000213623047,69.73999786376953,69.73999786376953,1938050.0
2023-07-07 09:15:00,68.9800033569336,69.0,68.7300033569336,68.94000244140625,68.94000244140625,1361935.0
2023-07-10 09:15:00,72.38999938964844,72.38999938964844,69.51000213623047,69.6500015258789,69.6500015258789,1162165.0
2023-07-11 09:15:00,73.12999725341797,73.12999725341797,69.80000305175781,70.0,70.0,1185812.0
2023-07-12 09:15:00,70.08999633789062,70.11000061035156,69.76000213623047,69.88999938964844,69.88999938964844,417321.0
2023-07-13 09:15:00,71.83000183105469,72.23999786376953,71.7699966430664,72.1500015258789,72.1500015258789,4576374.0
2023-07-14 09:15:00,73.5,73.83999633789062,73.33000183105469,73.61000061035156,73.61000061035156,2972875.0
2023-07-17 09:15:00,73.52999877929688,74.0199966430664,73.52999877929688,73.80999755859375,73.80999755859375,1413693.0
2023-07-18 09:15:00,73.87999725341797,74.25,73.80999755859375,74.05000305175781,74.05000305175781,1276415.0
2023-07-19 09:15:00,74.05000305175781,74.44999694824219,74.05000305175781,74.41999816894531,74.41999816894531,953889.0
2023-07-20 09:15:00,74.68000030517578,74.87000274658203,74.5,74.76000213623047,74.76000213623047,957020.0
2023-07-21 09:15:00,74.1500015258789,74.1500015258789,73.36000061035156,73.44999694824219,73.44999694824219,1095316.0
2023-07-24 09:15:00,73.6500015258789,73.6500015258789,72.87999725341797,73.2300033569336,73.2300033569336,1102428.0
2023-07-25 09:15:00,73.27999877929688,73.3499984741211,72.76000213623047,73.16999816894531,73.16999816894531,615473.0
2023-07-26 09:15:00,73.41000366210938,73.63999938964844,73.16000366210938,73.58000183105469,73.58000183105469,728258.0
2023-07-27 09:15:00,74.22000122070312,74.48999786376953,74.0999984741211,74.1500015258789,74.1500015258789,1069483.0
2023-07-28 09:15:00,72.80000305175781,72.80000305175781,72.22000122070312,72.4000015258789,72.4000015258789,2031445.0
2023-07-31 09:15:00,73.73999786376953,73.73999786376953,72.43000030517578,72.68000030517578,72.68000030517578,639962.0
2023-08-01 09:15:00,73.51000213623047,73.69999694824219,73.19000244140625,73.37000274658203,73.37000274658203,1042233.0
2023-08-02 09:15:00,73.0999984741211,73.12999725341797,72.2699966430664,72.97000122070312,72.97000122070312,937930.0
2023-08-03 09:15:00,72.97000122070312,72.97000122070312,70.86000061035156,71.13999938964844,71.13999938964844,3218783.0
2023-08-04 09:15:00,71.2300033569336,71.37000274658203,70.83999633789062,71.13999938964844,71.13999938964844,1260572.0
2023-08-07 09:15:00,71.1500015258789,71.18000030517578,70.94000244140625,71.04000091552734,71.04000091552734,947339.0
2023-08-08 09:15:00,70.48999786376953,70.48999786376953,70.0999984741211,70.31999969482422,70.31999969482422,1959340.0
2023-08-09 09:15:00,71.12999725341797,71.12999725341797,69.33999633789062,69.41000366210938,69.41000366210938,2844894.0
2023-08-10 09:15:00,69.61000061035156,69.6500015258789,69.04000091552734,69.4800033569336,69.4800033569336,1665309.0
2023-08-11 09:15:00,72.18000030517578,72.18000030517578,69.11000061035156,69.25,69.25,2041383.0
2023-08-14 09:15:00,69.19999694824219,69.80000305175781,69.04000091552734,69.31999969482422,69.31999969482422,1294150.0
2023-08-16 09:15:00,69.33000183105469,69.73999786376953,69.18000030517578,69.68000030517578,69.68000030517578,983234.0
2023-08-17 09:15:00,69.69000244140625,69.69000244140625,68.79000091552734,69.16999816894531,69.16999816894531,3248169.0
2023-08-18 09:15:00,69.5999984741211,69.8499984741211,69.44999694824219,69.62999725341797,69.62999725341797,1281747.0
2023-08-21 09:15:00,69.69999694824219,69.8499984741211,69.52999877929688,69.7300033569336,69.7300033569336,1160461.0
2023-08-22 09:15:00,70.61000061035156,71.05000305175781,70.5999984741211,70.94999694824219,70.94999694824219,1715367.0
2023-08-23 09:15:00,71.18000030517578,71.80000305175781,71.18000030517578,71.62000274658203,71.62000274658203,2645515.0
2023-08-24 09:15:00,72.0,72.80000305175781,71.8499984741211,72.54000091552734,72.54000091552734,2927644.0
2023-08-25 09:15:00,71.98999786376953,72.69999694824219,71.98999786376953,72.55000305175781,72.55000305175781,1535518.0
2023-08-28 09:15:00,72.55999755859375,72.66999816894531,72.44999694824219,72.4800033569336,72.4800033569336,703440.0
2023-08-29 09:15:00,72.70999908447266,72.9000015258789,72.55999755859375,72.69000244140625,72.69000244140625,861990.0
2023-08-30 09:15:00,73.3499984741211,73.69000244140625,73.3499984741211,73.4800033569336,73.4800033569336,1984076.0
2023-08-31 09:15:00,73.5,73.51000213623047,73.0999984741211,73.29000091552734,73.29000091552734,984164.0
2023-09-01 09:15:00,73.30000305175781,73.61000061035156,72.86000061035156,73.55000305175781,73.55000305175781,1554996.0
2023-09-04 09:15:00,73.5999984741211,73.5999984741211,72.3499984741211,72.43000030517578,72.43000030517578,2654036.0
2023-09-05 09:15:00,72.19999694824219,72.19999694824219,71.11000061035156,71.2300033569336,71.2300033569336,2758623.0
2023-09-06 09:15:00,71.4800033569336,71.5,70.86000061035156,71.12000274658203,71.12000274658203,1732555.0
2023-09-07 09:15:00,70.4000015258789,70.5,70.16999816894531,70.4000015258789,70.4000015258789,3289103.0
2023-09-08 09:15:00,70.41000366210938,70.48999786376953,70.04000091552734,70.16999816894531,70.16999816894531,3130300.0
2023-09-11 09:15:00,70.36000061035156,70.98999786376953,70.05000305175781,70.61000061035156,70.61000061035156,2529960.0
2023-09-12 09:15:00,70.61000061035156,70.83999633789062,70.19999694824219,70.29000091552734,70.29000091552734,1995787.0
2023-09-13 09:15:00,70.29000091552734,70.3499984741211,69.77999877929688,70.05000305175781,70.05000305175781,2417194.0
2023-09-14 09:15:00,70.05999755859375,70.1500015258789,69.05999755859375,69.26000213623047,69.26000213623047,5413916.0
2023-09-15 09:15:00,70.0199966430664,70.80000305175781,69.87000274658203,70.7300033569336,70.7300033569336,2185132.0
2023-09-18 09:15:00,71.36000061035156,71.36000061035156,70.73999786376953,71.08000183105469,71.08000183105469,1937237.0
2023-09-20 09:15:00,71.0,71.23999786376953,70.80000305175781,71.08000183105469,71.08000183105469,1801867.0
2023-09-21 09:15:00,71.08999633789062,71.13999938964844,70.70999908447266,70.93000030517578,70.93000030517578,1536175.0
2023-09-22 09:15:00,71.33000183105469,72.02999877929688,71.31999969482422,71.83000183105469,71.83000183105469,3853615.0
2023-09-25 09:15:00,71.88999938964844,71.97000122070312,71.41999816894531,71.70999908447266,71.70999908447266,2206114.0
2023-09-26 09:15:00,70.55000305175781,70.63999938964844,70.12000274658203,70.52999877929688,70.52999877929688,3096159.0
2023-09-27 09:15:00,70.0,70.12999725341797,69.75,69.97000122070312,69.97000122070312,2388217.0
2023-09-28 09:15:00,69.5,69.63999938964844,69.27999877929688,69.55000305175781,69.55000305175781,2514192.0
2023-09-29 09:15:00,70.23999786376953,70.7300033569336,70.0,70.55999755859375,70.55999755859375,1301328.0
2023-10-03 09:15:00,67.4800033569336,68.43000030517578,66.0999984741211,67.7300033569336,67.7300033569336,14049138.0
2023-10-04 09:15:00,69.5,69.5,66.94000244140625,67.05999755859375,67.05999755859375,7707877.0
2023-10-05 09:15:00,67.0,67.58000183105469,66.87999725341797,67.38999938964844,67.38999938964844,4110952.0
2023-10-06 09:15:00,67.29000091552734,68.4000015258789,67.18000030517578,68.25,68.25,2889866.0
2023-10-09 09:15:00,68.5,69.69999694824219,68.31999969482422,69.30999755859375,69.30999755859375,5071774.0
2023-10-10 09:15:00,69.30999755859375,69.68000030517578,69.0,69.44999694824219,69.44999694824219,5033079.0
2023-10-11 09:15:00,70.0999984741211,71.55000305175781,69.23999786376953,69.5199966430664,69.5199966430664,2620365.0
2023-10-12 09:15:00,69.79000091552734,69.79000091552734,68.7699966430664,68.9000015258789,68.9000015258789,4911861.0
2023-10-13 09:15:00,68.68000030517578,68.87999725341797,68.44999694824219,68.69000244140625,68.69000244140625,2124707.0
2023-10-16 09:15:00,70.38999938964844,70.4000015258789,69.3499984741211,69.72000122070312,69.72000122070312,4341776.0
2023-10-17 09:15:00,69.79000091552734,69.91000366210938,69.44999694824219,69.80000305175781,69.80000305175781,2750680.0
2023-10-18 09:15:00,70.30999755859375,70.94000244140625,70.30999755859375,70.8499984741211,70.8499984741211,3743207.0
2023-10-19 09:15:00,70.48999786376953,70.6500015258789,70.0999984741211,70.27999877929688,70.27999877929688,2345762.0
2023-10-20 09:15:00,70.5,70.9000015258789,70.08000183105469,70.76000213623047,70.76000213623047,2193812.0
2023-10-23 09:15:00,70.76000213623047,71.13999938964844,70.51000213623047,70.91999816894531,70.91999816894531,4229666.0
2023-10-25 09:15:00,70.4800033569336,70.51000213623047,69.75,70.01000213623047,70.01000213623047,1775611.0
2023-10-26 09:15:00,70.30000305175781,70.69999694824219,70.11000061035156,70.58999633789062,70.58999633789062,3035432.0
2023-10-27 09:15:00,70.44999694824219,70.45999908447266,70.0999984741211,70.16999816894531,70.16999816894531,1283657.0
2023-10-30 09:15:00,70.61000061035156,71.0,70.47000122070312,70.8499984741211,70.8499984741211,2142651.0
2023-10-31 09:15:00,70.9000015258789,71.0999984741211,70.7300033569336,71.04000091552734,71.04000091552734,1906181.0
2023-11-01 09:15:00,69.98999786376953,69.98999786376953,69.51000213623047,69.70999908447266,69.70999908447266,2636960.0
2023-11-02 09:15:00,70.38999938964844,70.80000305175781,70.30999755859375,70.68000030517578,70.68000030517578,1295164.0
2023-11-03 09:15:00,70.18000030517578,70.18000030517578,69.69999694824219,69.81999969482422,69.81999969482422,6998617.0
2023-11-06 09:15:00,70.79000091552734,70.8499984741211,70.5199966430664,70.7699966430664,70.7699966430664,3077508.0
2023-11-07 09:15:00,70.38999938964844,70.44999694824219,69.75,70.04000091552734,70.04000091552734,3627229.0
2023-11-08 09:15:00,70.04000091552734,70.04000091552734,69.12000274658203,69.37000274658203,69.37000274658203,3435748.0
2023-11-09 09:15:00,69.29000091552734,69.30000305175781,69.0199966430664,69.22000122070312,69.22000122070312,2106050.0
2023-11-10 09:15:00,69.70999908447266,69.95999908447266,69.5999984741211,69.69000244140625,69.69000244140625,2416828.0
2023-11-13 09:15:00,68.77999877929688,68.88999938964844,68.4000015258789,68.62999725341797,68.62999725341797,3933206.0
2023-11-15 09:15:00,68.30000305175781,70.94000244140625,68.30000305175781,70.86000061035156,70.86000061035156,7257773.0
2023-11-16 09:15:00,70.9800033569336,71.54000091552734,70.80999755859375,71.41999816894531,71.41999816894531,4426100.0
2023-11-17 09:15:00,69.30000305175781,72.4000015258789,69.30000305175781,72.2699966430664,72.2699966430664,5847598.0
2023-11-20 09:15:00,72.26000213623047,72.26000213623047,71.47000122070312,71.58000183105469,71.58000183105469,1739741.0
2023-11-21 09:15:00,71.98999786376953,72.05000305175781,71.5199966430664,71.58000183105469,71.58000183105469,1267609.0
2023-11-22 09:15:00,71.58999633789062,72.29000091552734,71.51000213623047,72.18000030517578,72.18000030517578,2281078.0
2023-11-23 09:15:00,75.79000091552734,75.79000091552734,71.70999908447266,71.9000015258789,71.9000015258789,966015.0
2023-11-24 09:15:00,71.9000015258789,72.05999755859375,71.66999816894531,71.87000274658203,71.87000274658203,1004510.0
2023-11-28 09:15:00,72.9000015258789,73.9800033569336,72.9000015258789,73.41000366210938,73.41000366210938,5105403.0
2023-11-29 09:15:00,73.73999786376953,74.43000030517578,73.73999786376953,74.08000183105469,74.08000183105469,4314951.0
2023-11-30 09:15:00,74.13999938964844,74.8499984741211,74.12999725341797,74.61000061035156,74.61000061035156,3007969.0
2023-12-01 09:15:00,74.88999938964844,75.2699966430664,74.75,75.20999908447266,75.20999908447266,2668865.0
2023-12-04 09:15:00,75.22000122070312,75.80000305175781,74.80000305175781,75.1500015258789,75.1500015258789,2644739.0
2023-12-05 09:15:00,74.26000213623047,74.2699966430664,73.51000213623047,73.63999938964844,73.63999938964844,2794509.0
2023-12-06 09:15:00,73.81999969482422,73.81999969482422,72.97000122070312,73.04000091552734,73.04000091552734,2849540.0
2023-12-07 09:15:00,72.5999984741211,72.9000015258789,72.37999725341797,72.81999969482422,72.81999969482422,2208499.0
2023-12-08 09:15:00,72.7699966430664,73.0,72.3499984741211,72.44000244140625,72.44000244140625,2980691.0
2023-12-11 09:15:00,71.38999938964844,71.4000015258789,70.30000305175781,70.3499984741211,70.3499984741211,11275445.0
2023-12-12 09:15:00,70.51000213623047,70.58999633789062,70.19999694824219,70.26000213623047,70.26000213623047,5638945.0
2023-12-13 09:15:00,70.11000061035156,70.11000061035156,69.55000305175781,69.69000244140625,69.69000244140625,5702772.0
2023-12-14 09:15:00,71.51000213623047,72.80000305175781,71.51000213623047,72.56999969482422,72.56999969482422,8231907.0
2023-12-15 09:15:00,72.62999725341797,72.9000015258789,72.5,72.81999969482422,72.81999969482422,2875579.0
2023-12-18 09:15:00,72.79000091552734,72.79000091552734,72.20999908447266,72.51000213623047,72.51000213623047,1604289.0
2023-12-19 09:15:00,72.4800033569336,72.4800033569336,72.0,72.37999725341797,72.37999725341797,1415724.0
2023-12-20 09:15:00,73.5999984741211,73.5999984741211,72.61000061035156,72.66000366210938,72.66000366210938,1606445.0
2023-12-21 09:15:00,73.0,73.31999969482422,73.0,73.13999938964844,73.13999938964844,2534868.0
2023-12-22 09:15:00,73.37000274658203,73.5999984741211,73.19999694824219,73.4800033569336,73.4800033569336,1708101.0
2023-12-26 09:15:00,73.4800033569336,73.5999984741211,73.25,73.30999755859375,73.30999755859375,1812463.0
2023-12-27 09:15:00,73.29000091552734,73.30000305175781,72.94999694824219,73.05999755859375,73.05999755859375,1463384.0
2023-12-28 09:15:00,73.36000061035156,73.6500015258789,73.1500015258789,73.38999938964844,73.38999938964844,1597282.0
2023-12-29 09:15:00,73.30000305175781,73.30000305175781,72.13999938964844,72.18000030517578,72.18000030517578,3924324.0
2024-01-01 09:15:00,72.80000305175781,72.80000305175781,71.9800033569336,72.4800033569336,72.4800033569336,1371577.0
2024-01-02 09:15:00,72.5,73.1500015258789,72.5,73.01000213623047,73.01000213623047,1613569.0
2024-01-03 09:15:00,72.4000015258789,72.4000015258789,71.55000305175781,71.58999633789062,71.58999633789062,4680855.0
2024-01-04 09:15:00,70.9000015258789,70.98999786376953,70.51000213623047,70.69000244140625,70.69000244140625,8451612.0
2024-01-05 09:15:00,70.98999786376953,71.25,70.48999786376953,70.52999877929688,70.52999877929688,5043431.0
2024-01-08 09:15:00,70.98999786376953,70.98999786376953,70.33999633789062,70.41999816894531,70.41999816894531,2439276.0
2024-01-09 09:15:00,70.87999725341797,71.08000183105469,70.55000305175781,70.87000274658203,70.87000274658203,1873889.0
2024-01-10 09:15:00,70.87000274658203,70.87000274658203,70.12000274658203,70.48999786376953,70.48999786376953,2530338.0
2024-01-11 09:15:00,70.5,70.58000183105469,70.25,70.43000030517578,70.43000030517578,1486123.0
2024-01-12 09:15:00,70.43000030517578,70.43000030517578,70.05999755859375,70.25,70.25,3290966.0
2024-01-15 09:15:00,70.25,70.25,70.25,70.25,70.25,0.0
2024-01-16 09:15:00,71.0,71.0,70.58000183105469,70.69999694824219,70.69999694824219,1172651.0
2024-01-17 09:15:00,70.70999908447266,70.70999908447266,69.87000274658203,70.06999969482422,70.06999969482422,3722396.0
2024-01-18 09:15:00,70.06999969482422,70.06999969482422,69.69000244140625,69.8499984741211,69.8499984741211,3091906.0
2024-01-19 09:15:00,70.02999877929688,70.29000091552734,70.0,70.16000366210938,70.16000366210938,2406803.0
2024-01-23 09:15:00,70.0999984741211,70.0999984741211,69.30000305175781,69.43000030517578,69.43000030517578,3831096.0
2024-01-24 09:15:00,69.66000366210938,70.19999694824219,69.3499984741211,70.12999725341797,70.12999725341797,1959253.0
2024-01-25 09:15:00,70.04000091552734,70.30000305175781,70.0,70.12000274658203,70.12000274658203,1071846.0
2024-01-29 09:15:00,70.38999938964844,71.69999694824219,70.19999694824219,70.43000030517578,70.43000030517578,1122290.0
2024-01-30 09:15:00,70.9000015258789,70.9000015258789,70.55000305175781,70.77999877929688,70.77999877929688,1753973.0
2024-01-31 09:15:00,70.77999877929688,70.79000091552734,70.52999877929688,70.58999633789062,70.58999633789062,808554.0
2024-02-01 09:15:00,70.5999984741211,70.5999984741211,69.61000061035156,69.9800033569336,69.9800033569336,2302916.0
2024-02-02 09:15:00,70.68000030517578,71.0,70.41000366210938,70.79000091552734,70.79000091552734,2206040.0
2024-02-05 09:15:00,70.79000091552734,70.79000091552734,69.11000061035156,69.22000122070312,69.22000122070312,5917562.0
2024-02-06 09:15:00,69.0999984741211,69.33000183105469,68.95999908447266,69.0,69.0,4261394.0
2024-02-07 09:15:00,69.58000183105469,69.58000183105469,68.70999908447266,68.8499984741211,68.8499984741211,3492402.0
2024-02-08 09:15:00,68.88999938964844,69.04000091552734,68.69000244140625,68.9000015258789,68.9000015258789,2220095.0
2024-02-09 09:15:00,69.31999969482422,69.6500015258789,69.31999969482422,69.54000091552734,69.54000091552734,2012516.0
2024-02-12 09:15:00,69.55000305175781,70.20999908447266,69.5,69.87000274658203,69.87000274658203,2385609.0
2024-02-13 09:15:00,69.77999877929688,70.06999969482422,69.51000213623047,70.0199966430664,70.0199966430664,1470251.0
2024-02-14 09:15:00,68.4000015258789,68.4000015258789,67.70999908447266,67.91999816894531,67.91999816894531,8603909.0
2024-02-15 09:15:00,68.72000122070312,69.19999694824219,68.63999938964844,69.12999725341797,69.12999725341797,2270736.0
2024-02-16 09:15:00,69.9000015258789,69.9800033569336,69.75,69.91000366210938,69.91000366210938,2236982.0
2024-02-19 09:15:00,70.11000061035156,70.19999694824219,69.91999816894531,70.01000213623047,70.01000213623047,6171734.0
2024-02-20 09:15:00,69.79000091552734,69.9000015258789,69.61000061035156,69.80000305175781,69.80000305175781,1065769.0
2024-02-21 09:15:00,70.08999633789062,70.08999633789062,69.58000183105469,69.66999816894531,69.66999816894531,4841962.0
2024-02-22 09:15:00,69.38999938964844,69.87000274658203,69.19000244140625,69.66000366210938,69.66000366210938,960932.0
2024-02-23 09:15:00,69.12999725341797,69.1500015258789,68.75,68.7699966430664,68.7699966430664,3937282.0
2024-02-26 09:15:00,69.47000122070312,69.47000122070312,68.80999755859375,68.86000061035156,68.86000061035156,1054784.0
2024-02-27 09:15:00,68.9000015258789,68.9000015258789,68.41000366210938,68.68000030517578,68.68000030517578,2304620.0
2024-02-28 09:15:00,67.0199966430664,68.52999877929688,67.0,68.01000213623047,68.01000213623047,3644998.0
2024-02-29 09:15:00,68.38999938964844,68.68000030517578,68.05999755859375,68.29000091552734,68.29000091552734,1322789.0
2024-03-01 09:15:00,68.73999786376953,68.9800033569336,68.5999984741211,68.83999633789062,68.83999633789062,2199774.0
2024-03-04 09:15:00,69.9800033569336,69.9800033569336,69.11000061035156,69.6500015258789,69.6500015258789,2615918.0
2024-03-05 09:15:00,70.16000366210938,71.1500015258789,70.16000366210938,71.05999755859375,71.05999755859375,8238315.0
2024-03-06 09:15:00,71.04000091552734,71.04000091552734,70.20999908447266,70.66000366210938,70.66000366210938,2909291.0
2024-03-07 09:15:00,71.0,71.48999786376953,71.0,71.2699966430664,71.2699966430664,3808814.0
2024-03-11 09:15:00,72.33000183105469,72.33000183105469,71.30000305175781,71.7699966430664,71.7699966430664,6658298.0
2024-03-12 09:15:00,71.7699966430664,72.05999755859375,71.26000213623047,71.94999694824219,71.94999694824219,3701081.0
2024-03-13 09:15:00,71.58999633789062,71.5999984741211,71.12000274658203,71.26000213623047,71.26000213623047,4232600.0
2024-03-14 09:15:00,72.05999755859375,72.86000061035156,72.05999755859375,72.55000305175781,72.55000305175781,6279237.0
2024-03-15 09:15:00,72.55999755859375,72.80000305175781,72.41000366210938,72.7300033569336,72.7300033569336,4952028.0
2024-03-18 09:15:00,72.5999984741211,72.81999969482422,72.2699966430664,72.66000366210938,72.66000366210938,4407074.0
2024-03-19 09:15:00,72.88999938964844,72.88999938964844,72.25,72.43000030517578,72.43000030517578,2429850.0
2024-03-20 09:15:00,72.72000122070312,72.72000122070312,72.38999938964844,72.48999786376953,72.48999786376953,2127493.0
2024-03-21 09:15:00,73.26000213623047,73.88999938964844,73.26000213623047,73.77999877929688,73.77999877929688,7495607.0
2024-03-22 09:15:00,72.68000030517578,72.69000244140625,72.08000183105469,72.47000122070312,72.47000122070312,7622247.0
2024-03-26 09:15:00,72.55000305175781,73.0199966430664,72.29000091552734,72.83000183105469,72.83000183105469,2472612.0
2024-03-27 09:15:00,72.5,72.55000305175781,72.11000061035156,72.33999633789062,72.33999633789062,2107826.0
2024-03-28 09:15:00,72.41999816894531,72.80999755859375,72.26000213623047,72.41999816894531,72.41999816894531,2496483.0
2024-04-01 09:15:00,73.55000305175781,74.19999694824219,73.13999938964844,74.02999877929688,74.02999877929688,8145835.0
2024-04-02 09:15:00,74.4000015258789,75.20999908447266,74.04000091552734,75.04000091552734,75.04000091552734,6802523.0
2024-04-03 09:15:00,76.05999755859375,76.94000244140625,75.80999755859375,76.16999816894531,76.16999816894531,13610680.0
2024-04-04 09:15:00,77.11000061035156,78.0999984741211,77.0999984741211,78.02999877929688,78.02999877929688,9851806.0
2024-04-05 09:15:00,77.80000305175781,78.0,77.01000213623047,77.87000274658203,77.87000274658203,10071915.0
2024-04-08 09:15:00,79.30000305175781,80.70999908447266,79.20999908447266,80.52999877929688,80.52999877929688,11701802.0
2024-04-09 09:15:00,80.9800033569336,81.13999938964844,80.16000366210938,81.01000213623047,81.01000213623047,9664307.0
2024-04-10 09:15:00,81.47000122070312,81.47000122070312,80.80000305175781,80.91999816894531,80.91999816894531,6193756.0
2024-04-12 09:15:00,82.5,82.9800033569336,81.51000213623047,82.86000061035156,82.86000061035156,9403073.0
2024-04-15 09:15:00,81.9800033569336,82.16999816894531,81.0,81.45999908447266,81.45999908447266,7857189.0
2024-04-16 09:15:00,82.0199966430664,82.5999984741211,81.58000183105469,81.83000183105469,81.83000183105469,4969587.0
2024-04-18 09:15:00,81.83000183105469,82.0,81.5199966430664,81.79000091552734,81.79000091552734,4114979.0
2024-04-19 09:15:00,81.97000122070312,81.9800033569336,81.26000213623047,81.55000305175781,81.55000305175781,3107884.0
2024-04-22 09:15:00,80.83000183105469,80.93000030517578,79.76000213623047,80.27999877929688,80.27999877929688,7831569.0
2024-04-23 09:15:00,78.56999969482422,78.75,78.0999984741211,78.56999969482422,78.56999969482422,15864651.0
2024-04-24 09:15:00,79.5999984741211,80.05999755859375,78.94999694824219,79.11000061035156,79.11000061035156,3831935.0
2024-04-25 09:15:00,78.61000061035156,79.55999755859375,78.61000061035156,79.33999633789062,79.33999633789062,3785425.0
2024-04-26 09:15:00,79.69000244140625,80.05999755859375,79.41000366210938,79.77999877929688,79.77999877929688,3017395.0
2024-04-29 09:15:00,79.44999694824219,79.54000091552734,79.05000305175781,79.43000030517578,79.43000030517578,3528177.0
2024-04-30 09:15:00,78.98999786376953,78.98999786376953,78.26000213623047,78.55999755859375,78.55999755859375,4076323.0
2024-05-02 09:15:00,78.55999755859375,79.0,78.20999908447266,78.43000030517578,78.43000030517578,4406629.0
2024-05-03 09:15:00,78.61000061035156,79.06999969482422,78.43000030517578,78.66000366210938,78.66000366210938,3569321.0
2024-05-06 09:15:00,79.5999984741211,81.0,79.01000213623047,79.77999877929688,79.77999877929688,4780610.0
2024-05-07 09:15:00,80.05000305175781,80.87999725341797,79.80000305175781,80.05999755859375,80.05999755859375,3407993.0
2024-05-08 09:15:00,80.12000274658203,80.48999786376953,79.5,79.77999877929688,79.77999877929688,3495594.0
2024-05-09 09:15:00,80.5,80.93000030517578,80.2300033569336,80.55000305175781,80.55000305175781,2887479.0
2024-05-10 09:15:00,81.9000015258789,83.08000183105469,81.80000305175781,83.01000213623047,83.01000213623047,6718856.0
2024-05-13 09:15:00,82.5,83.5,81.61000061035156,81.97000122070312,81.97000122070312,4756260.0
2024-05-14 09:15:00,82.36000061035156,82.83999633789062,82.26000213623047,82.56999969482422,82.56999969482422,5149096.0
2024-05-15 09:15:00,82.5999984741211,83.26000213623047,82.5999984741211,83.08999633789062,83.08999633789062,3078983.0
2024-05-16 09:15:00,84.19999694824219,84.8499984741211,84.12000274658203,84.33999633789062,84.33999633789062,6007416.0
2024-05-17 09:15:00,84.48999786376953,84.9800033569336,84.11000061035156,84.80000305175781,84.80000305175781,3891266.0
2024-05-21 09:15:00,90.31999969482422,91.3499984741211,90.08999633789062,91.02999877929688,91.02999877929688,9887567.0
2024-05-22 09:15:00,91.05000305175781,91.80000305175781,90.72000122070312,90.80999755859375,90.80999755859375,7806411.0
2024-05-23 09:15:00,88.94000244140625,88.94000244140625,87.19999694824219,88.05999755859375,88.05999755859375,7507768.0
2024-05-24 09:15:00,87.63999938964844,88.27999877929688,87.33000183105469,88.01000213623047,88.01000213623047,5357615.0
2024-05-27 09:15:00,88.41999816894531,89.27999877929688,88.41999816894531,88.97000122070312,88.97000122070312,3545244.0
2024-05-28 09:15:00,91.12000274658203,91.79000091552734,90.16000366210938,91.19999694824219,91.19999694824219,6138061.0
2024-05-29 09:15:00,92.33000183105469,93.08000183105469,92.0999984741211,92.45999908447266,92.45999908447266,5337077.0
2024-05-30 09:15:00,91.69999694824219,91.79000091552734,90.47000122070312,90.8499984741211,90.8499984741211,4111219.0
2024-05-31 09:15:00,90.0,90.7699966430664,89.55000305175781,90.5999984741211,90.5999984741211,3400330.0
2024-06-03 09:15:00,88.44000244140625,88.44000244140625,87.0,88.12000274658203,88.12000274658203,11074671.0
2024-06-04 09:15:00,89.0,89.48999786376953,86.27999877929688,87.30999755859375,87.30999755859375,7655983.0
2024-06-05 09:15:00,87.0,87.30000305175781,86.20999908447266,86.7699966430664,86.7699966430664,4160286.0
2024-06-06 09:15:00,89.3499984741211,89.80000305175781,88.20999908447266,88.83999633789062,88.83999633789062,4368995.0
2024-06-07 09:15:00,90.33000183105469,91.8499984741211,89.01000213623047,89.37999725341797,89.37999725341797,6244962.0
2024-06-10 09:15:00,87.19999694824219,87.4000015258789,86.2699966430664,87.33999633789062,87.33999633789062,12480895.0
2024-06-11 09:15:00,86.4000015258789,86.58000183105469,85.83000183105469,86.20999908447266,86.20999908447266,10858960.0
2024-06-12 09:15:00,87.12999725341797,87.13999938964844,86.6500015258789,86.81999969482422,86.81999969482422,7529094.0
2024-06-13 09:15:00,86.48999786376953,86.75,86.05999755859375,86.58000183105469,86.58000183105469,9025368.0
2024-06-14 09:15:00,86.23999786376953,86.23999786376953,85.66999816894531,86.11000061035156,86.11000061035156,13581199.0
2024-06-18 09:15:00,87.4800033569336,87.48999786376953,86.12000274658203,86.26000213623047,86.26000213623047,4734222.0
2024-06-19 09:15:00,87.4800033569336,87.4800033569336,86.43000030517578,86.91999816894531,86.91999816894531,4234781.0
2024-06-20 09:15:00,87.80999755859375,88.75,87.80999755859375,88.5,88.5,5536699.0
2024-06-21 09:15:00,89.01000213623047,89.4800033569336,88.30999755859375,88.69999694824219,88.69999694824219,5412371.0
2024-06-24 09:15:00,87.29000091552734,87.36000061035156,86.16000366210938,86.98999786376953,86.98999786376953,6130512.0
2024-06-25 09:15:00,86.73999786376953,86.94000244140625,86.0199966430664,86.80999755859375,86.80999755859375,5287594.0
2024-06-26 09:15:00,85.58999633789062,85.63999938964844,84.63999938964844,85.2699966430664,85.2699966430664,13212096.0
2024-06-27 09:15:00,86.0,86.0,84.5,85.05999755859375,85.05999755859375,4862251.0
2024-06-28 09:15:00,85.88999938964844,86.08999633789062,85.2300033569336,85.9000015258789,85.9000015258789,3330304.0
2024-07-01 09:15:00,87.0,87.0,85.05000305175781,85.58000183105469,85.58000183105469,4958530.0
2024-07-02 09:15:00,85.66000366210938,86.25,85.6500015258789,85.94999694824219,85.94999694824219,3650634.0
2024-07-03 09:15:00,86.9000015258789,87.66999816894531,86.33000183105469,87.44000244140625,87.44000244140625,5846093.0
2024-07-04 09:15:00,88.47000122070312,88.4800033569336,87.5,87.88999938964844,87.88999938964844,5466784.0
2024-07-05 09:15:00,88.69000244140625,88.77999877929688,88.1500015258789,88.68000030517578,88.68000030517578,4989381.0
2024-07-08 09:15:00,100.0,100.0,89.12000274658203,89.44000244140625,89.44000244140625,4891688.0
2024-07-09 09:15:00,89.48999786376953,89.94000244140625,89.12000274658203,89.86000061035156,89.86000061035156,4540484.0
2024-07-10 09:15:00,89.55000305175781,89.80000305175781,89.05000305175781,89.69999694824219,89.69999694824219,3856274.0
2024-07-11 09:15:00,90.19999694824219,90.19999694824219,89.80000305175781,90.02999877929688,90.02999877929688,3759980.0
2024-07-12 09:15:00,90.16999816894531,90.4000015258789,89.25,89.61000061035156,89.61000061035156,6109009.0
2024-07-15 09:15:00,89.91999816894531,89.94999694824219,89.12000274658203,89.4000015258789,89.4000015258789,4894516.0
2024-07-16 09:15:00,89.77999877929688,89.88999938964844,89.4000015258789,89.77999877929688,89.77999877929688,3265339.0
2024-07-18 09:15:00,89.23999786376953,89.5199966430664,89.01000213623047,89.43000030517578,89.43000030517578,5570956.0
2024-07-19 09:15:00,88.19000244140625,89.0,86.76000213623047,86.91000366210938,86.91000366210938,9735167.0
2024-07-22 09:15:00,86.98999786376953,86.98999786376953,86.05999755859375,86.30000305175781,86.30000305175781,4929344.0
2024-07-23 09:15:00,86.9000015258789,87.0999984741211,82.33999633789062,83.51000213623047,83.51000213623047,17580132.0
2024-07-24 09:15:00,86.01000213623047,86.08999633789062,82.5,82.91000366210938,82.91000366210938,12159702.0
2024-07-25 09:15:00,82.70999908447266,82.70999908447266,79.5199966430664,79.87000274658203,79.87000274658203,21276178.0
2024-07-26 09:15:00,79.9000015258789,80.38999938964844,79.48999786376953,79.80000305175781,79.80000305175781,10821154.0
2024-07-29 09:15:00,81.01000213623047,81.01000213623047,80.0,80.36000061035156,80.36000061035156,10627655.0
2024-07-30 09:15:00,79.98999786376953,80.23999786376953,79.69999694824219,80.0,80.0,7411042.0
2024-07-31 09:15:00,81.01000213623047,82.0,81.01000213623047,81.83999633789062,81.83999633789062,6994609.0
2024-08-01 09:15:00,82.05000305175781,82.5999984741211,82.05000305175781,82.33999633789062,82.33999633789062,5723859.0
2024-08-02 09:15:00,82.0,82.80000305175781,81.91000366210938,82.04000091552734,82.04000091552734,6410077.0
2024-08-05 09:15:00,82.05000305175781,82.05000305175781,78.76000213623047,78.94000244140625,78.94000244140625,10118044.0
2024-08-06 09:15:00,79.16000366210938,79.16000366210938,76.69999694824219,77.29000091552734,77.29000091552734,18412305.0
2024-08-07 09:15:00,78.98999786376953,79.25,77.5199966430664,78.56999969482422,78.56999969482422,9017954.0
2024-08-08 09:15:00,78.5,78.5,77.26000213623047,77.3499984741211,77.3499984741211,12411158.0
2024-08-09 09:15:00,79.36000061035156,79.38999938964844,78.0,78.69999694824219,78.69999694824219,8936932.0
2024-08-12 09:15:00,78.20999908447266,79.97000122070312,78.20999908447266,79.83999633789062,79.83999633789062,7137549.0
2024-08-13 09:15:00,79.6500015258789,79.7699966430664,79.13999938964844,79.30999755859375,79.30999755859375,4166578.0
2024-08-14 09:15:00,79.4800033569336,79.80000305175781,79.0,79.62000274658203,79.62000274658203,7600440.0
2024-08-16 09:15:00,79.94999694824219,80.37999725341797,79.70999908447266,80.01000213623047,80.01000213623047,5384011.0
2024-08-19 09:15:00,81.41000366210938,82.30000305175781,81.41000366210938,82.0,82.0,7027306.0
2024-08-20 09:15:00,82.33000183105469,83.41000366210938,82.31999969482422,83.37000274658203,83.37000274658203,7020648.0
2024-08-21 09:15:00,82.98999786376953,83.1500015258789,82.70999908447266,82.94999694824219,82.94999694824219,6113618.0
2024-08-22 09:15:00,83.08999633789062,83.08999633789062,82.48999786376953,82.9000015258789,82.9000015258789,2981229.0
2024-08-23 09:15:00,82.25,82.5999984741211,81.95999908447266,82.4800033569336,82.4800033569336,4066869.0
2024-08-26 09:15:00,82.80000305175781,84.23999786376953,82.70999908447266,84.12999725341797,84.12999725341797,7003444.0
2024-08-27 09:15:00,83.98999786376953,84.30999755859375,83.41999816894531,83.98999786376953,83.98999786376953,6720490.0
2024-08-28 09:15:00,84.18000030517578,84.18000030517578,82.66999816894531,83.29000091552734,83.29000091552734,8329652.0
2024-08-29 09:15:00,83.30999755859375,83.47000122070312,82.8499984741211,83.27999877929688,83.27999877929688,8135752.0
2024-08-30 09:15:00,83.27999877929688,83.30000305175781,82.76000213623047,83.06999969482422,83.06999969482422,4146694.0
2024-09-02 09:15:00,80.87999725341797,80.94999694824219,80.30000305175781,80.88999938964844,80.88999938964844,13184005.0
2024-09-03 09:15:00,80.83999633789062,80.83999633789062,80.41000366210938,80.5199966430664,80.5199966430664,4861142.0
2024-09-04 09:15:00,79.87999725341797,79.87999725341797,79.02999877929688,79.38999938964844,79.38999938964844,9600605.0
2024-09-05 09:15:00,79.80999755859375,81.18000030517578,79.80999755859375,81.08000183105469,81.08000183105469,4484316.0
2024-09-06 09:15:00,81.27999877929688,81.5,81.0,81.31999969482422,81.31999969482422,4748166.0
2024-09-09 09:15:00,80.19999694824219,80.19999694824219,78.80000305175781,79.7699966430664,79.7699966430664,9385558.0
2024-09-10 09:15:00,79.98999786376953,80.5999984741211,79.81999969482422,80.33999633789062,80.33999633789062,4100077.0
2024-09-11 09:15:00,80.5999984741211,81.43000030517578,80.43000030517578,81.29000091552734,81.29000091552734,4297585.0
2024-09-12 09:15:00,81.29000091552734,81.4800033569336,81.0199966430664,81.2300033569336,81.2300033569336,3341320.0
2024-09-13 09:15:00,83.55999755859375,84.26000213623047,83.44000244140625,84.12000274658203,84.12000274658203,17133291.0
2024-09-16 09:15:00,85.69999694824219,86.4000015258789,85.69999694824219,86.23999786376953,86.23999786376953,18260257.0
2024-09-17 09:15:00,86.13999938964844,86.13999938964844,85.22000122070312,85.37999725341797,85.37999725341797,6607543.0
2024-09-18 09:15:00,85.19000244140625,85.25,84.63999938964844,84.95999908447266,84.95999908447266,4958988.0
2024-09-19 09:15:00,84.9000015258789,86.77999877929688,84.5,86.61000061035156,86.61000061035156,9670742.0
2024-09-20 09:15:00,86.0999984741211,86.6500015258789,86.0199966430664,86.4800033569336,86.4800033569336,6582957.0
2024-09-23 09:15:00,86.4800033569336,86.58000183105469,84.91000366210938,85.3499984741211,85.3499984741211,9108494.0
2024-09-24 09:15:00,86.22000122070312,86.61000061035156,85.69999694824219,86.12999725341797,86.12999725341797,6775175.0
2024-09-25 09:15:00,88.01000213623047,88.4800033569336,87.68000030517578,88.11000061035156,88.11000061035156,13022745.0
2024-09-26 09:15:00,88.80000305175781,89.05999755859375,88.30000305175781,88.98999786376953,88.98999786376953,8690590.0
2024-09-27 09:15:00,88.9800033569336,88.9800033569336,88.01000213623047,88.33999633789062,88.33999633789062,8563111.0
2024-09-30 09:15:00,87.98999786376953,88.44999694824219,87.80000305175781,88.04000091552734,88.04000091552734,6037780.0
2024-10-01 09:15:00,87.63999938964844,88.05000305175781,87.5,87.66999816894531,87.66999816894531,6719196.0
2024-10-03 09:15:00,88.19999694824219,90.30000305175781,88.02999877929688,88.44999694824219,88.44999694824219,9539774.0
2024-10-04 09:15:00,89.5,90.12000274658203,89.44999694824219,89.86000061035156,89.86000061035156,10981123.0
2024-10-07 09:15:00,90.30000305175781,90.30000305175781,89.11000061035156,89.43000030517578,89.43000030517578,8924461.0
2024-10-08 09:15:00,88.48999786376953,88.58999633789062,87.08000183105469,87.66000366210938,87.66000366210938,9481522.0
2024-10-09 09:15:00,86.29000091552734,86.41000366210938,85.69000244140625,86.33000183105469,86.33000183105469,11703683.0
2024-10-10 09:15:00,86.69999694824219,86.88999938964844,85.83000183105469,86.25,86.25,7646011.0
2024-10-11 09:15:00,86.12999725341797,88.4800033569336,86.12999725341797,87.70999908447266,87.70999908447266,4613633.0
2024-10-14 09:15:00,87.81999969482422,88.51000213623047,87.81999969482422,88.38999938964844,88.38999938964844,5645476.0
2024-10-15 09:15:00,87.94999694824219,87.94999694824219,86.62000274658203,87.62999725341797,87.62999725341797,5746060.0
2024-10-16 09:15:00,88.94999694824219,89.38999938964844,88.44999694824219,89.26000213623047,89.26000213623047,7476416.0
2024-10-17 09:15:00,88.69000244140625,88.9000015258789,88.12000274658203,88.58999633789062,88.58999633789062,4592094.0
2024-10-18 09:15:00,89.33000183105469,89.94999694824219,89.27999877929688,89.80999755859375,89.80999755859375,6990026.0
2024-10-21 09:15:00,94.12000274658203,95.0,93.81999969482422,94.63999938964844,94.63999938964844,19193916.0
2024-10-22 09:15:00,94.83999633789062,95.1500015258789,94.33000183105469,94.87999725341797,94.87999725341797,10902584.0
2024-10-23 09:15:00,95.62000274658203,96.5199966430664,95.62000274658203,96.11000061035156,96.11000061035156,10002089.0
2024-10-24 09:15:00,94.58000183105469,95.18000030517578,94.08000183105469,95.12000274658203,95.12000274658203,10064239.0
2024-10-25 09:15:00,93.4800033569336,93.55000305175781,92.44999694824219,92.6500015258789,92.6500015258789,10060342.0
2024-10-28 09:15:00,93.2300033569336,94.0999984741211,93.01000213623047,93.62999725341797,93.62999725341797,8614427.0
2024-10-29 09:15:00,94.56999969482422,95.61000061035156,94.44999694824219,95.33999633789062,95.33999633789062,10670486.0
2024-10-30 09:15:00,95.41000366210938,95.94999694824219,95.3499984741211,95.66999816894531,95.66999816894531,8196468.0
2024-10-31 09:15:00,94.4000015258789,94.4000015258789,93.83999633789062,94.2699966430664,94.2699966430664,6807029.0
2024-11-01 09:15:00,94.2699966430664,94.2699966430664,94.2699966430664,94.2699966430664,94.2699966430664,0.0
2024-11-04 09:15:00,92.48999786376953,92.48999786376953,91.7300033569336,92.25,92.25,9527214.0
2024-11-05 09:15:00,91.56999969482422,91.81999969482422,91.19999694824219,91.70999908447266,91.70999908447266,6980485.0
2024-11-06 09:15:00,90.98999786376953,91.29000091552734,88.69999694824219,90.70999908447266,90.70999908447266,14961211.0
2024-11-07 09:15:00,88.69999694824219,88.69999694824219,87.30000305175781,87.98999786376953,87.98999786376953,18407050.0
2024-11-08 09:15:00,89.0199966430664,89.75,88.62999725341797,89.12999725341797,89.12999725341797,8058865.0
2024-11-11 09:15:00,88.47000122070312,88.73999786376953,88.11000061035156,88.4800033569336,88.4800033569336,5234148.0
2024-11-12 09:15:00,87.18000030517578,87.19000244140625,85.69999694824219,85.86000061035156,85.86000061035156,16343242.0
2024-11-13 09:15:00,87.22000122070312,87.79000091552734,87.20999908447266,87.61000061035156,87.61000061035156,7247582.0
2024-11-14 09:15:00,85.91000366210938,85.91999816894531,84.55000305175781,84.66000366210938,84.66000366210938,15343610.0
2024-11-18 09:15:00,86.43000030517578,87.08999633789062,86.43000030517578,86.91999816894531,86.91999816894531,7238539.0
2024-11-19 09:15:00,88.22000122070312,88.9000015258789,88.12999725341797,88.81999969482422,88.81999969482422,5771242.0
2024-11-21 09:15:00,87.97000122070312,88.55999755859375,87.52999877929688,88.0999984741211,88.0999984741211,5073767.0
2024-11-22 09:15:00,87.98999786376953,88.75,87.3499984741211,88.44000244140625,88.44000244140625,5698188.0
2024-11-25 09:15:00,87.44000244140625,87.44000244140625,86.26000213623047,86.87000274658203,86.87000274658203,8617613.0
2024-11-26 09:15:00,85.95999908447266,86.13999938964844,85.23999786376953,86.01000213623047,86.01000213623047,8332188.0
2024-11-27 09:15:00,86.44000244140625,87.04000091552734,86.1500015258789,86.58999633789062,86.58999633789062,6405061.0
2024-11-28 09:15:00,85.19000244140625,85.25,84.69999694824219,85.1500015258789,85.1500015258789,11256354.0
2024-11-29 09:15:00,86.23999786376953,87.04000091552734,86.12999725341797,86.91999816894531,86.91999816894531,12649073.0
2024-12-02 09:15:00,86.29000091552734,86.29000091552734,85.5999984741211,86.04000091552734,86.04000091552734,5638538.0
2024-12-03 09:15:00,86.8499984741211,87.69999694824219,86.51000213623047,87.62999725341797,87.62999725341797,6484466.0
2024-12-04 09:15:00,87.9800033569336,88.05000305175781,87.44999694824219,87.54000091552734,87.54000091552734,4359799.0
2024-12-05 09:15:00,88.37000274658203,88.94999694824219,88.31999969482422,88.55000305175781,88.55000305175781,6007405.0
2024-12-06 09:15:00,88.68000030517578,88.75,88.11000061035156,88.48999786376953,88.48999786376953,4016909.0
2024-12-09 09:15:00,88.19000244140625,88.83000183105469,87.61000061035156,88.70999908447266,88.70999908447266,5600554.0
2024-12-10 09:15:00,90.66999816894531,90.88999938964844,89.80000305175781,90.11000061035156,90.11000061035156,12303027.0
2024-12-11 09:15:00,90.98999786376953,90.98999786376953,89.94999694824219,90.05000305175781,90.05000305175781,6000446.0
2024-12-12 09:15:00,91.16999816894531,91.4800033569336,90.5199966430664,91.2699966430664,91.2699966430664,5928903.0
2024-12-13 09:15:00,88.18000030517578,88.18000030517578,87.1500015258789,87.25,87.25,16603538.0
2024-12-16 09:15:00,86.98999786376953,87.3499984741211,86.44000244140625,87.2699966430664,87.2699966430664,7605304.0
2024-12-17 09:15:00,87.2699966430664,87.2699966430664,86.1500015258789,86.37999725341797,86.37999725341797,7741873.0
2024-12-18 09:15:00,86.83999633789062,86.94000244140625,86.5199966430664,86.7300033569336,86.7300033569336,2727684.0
2024-12-19 09:15:00,84.98999786376953,84.98999786376953,84.22000122070312,84.68000030517578,84.68000030517578,13721448.0
2024-12-20 09:15:00,83.48999786376953,83.66999816894531,82.87000274658203,82.94999694824219,82.94999694824219,11166068.0
2024-12-23 09:15:00,84.91999816894531,85.56999969482422,83.5999984741211,85.48999786376953,85.48999786376953,4353703.0
2024-12-24 09:15:00,85.80000305175781,86.08999633789062,85.22000122070312,85.30000305175781,85.30000305175781,3417885.0
2024-12-26 09:15:00,85.94999694824219,85.9800033569336,85.19999694824219,85.43000030517578,85.43000030517578,3907503.0
2024-12-27 09:15:00,85.48999786376953,86.19999694824219,85.48999786376953,85.70999908447266,85.70999908447266,2879734.0
2024-12-30 09:15:00,86.8499984741211,86.8499984741211,84.69999694824219,84.94999694824219,84.94999694824219,5290023.0
2024-12-31 09:15:00,83.87000274658203,83.87000274658203,83.26000213623047,83.7300033569336,83.7300033569336,6747445.0
2025-01-01 09:15:00,83.58999633789062,84.25,83.2699966430664,83.8499984741211,83.8499984741211,3201447.0
2025-01-02 09:15:00,84.69000244140625,84.97000122070312,84.41999816894531,84.83999633789062,84.83999633789062,3824153.0
2025-01-03 09:15:00,85.94999694824219,85.94999694824219,85.19999694824219,85.86000061035156,85.86000061035156,5119947.0
2025-01-06 09:15:00,85.58999633789062,86.0,85.0199966430664,85.93000030517578,85.93000030517578,5830813.0
2025-01-07 09:15:00,86.72000122070312,87.0999984741211,86.4800033569336,87.06999969482422,87.06999969482422,5033950.0
2025-01-08 09:15:00,87.04000091552734,87.25,86.68000030517578,87.19999694824219,87.19999694824219,4640899.0
2025-01-09 09:15:00,87.56999969482422,87.56999969482422,86.9000015258789,87.2699966430664,87.2699966430664,5401960.0
2025-01-10 09:15:00,88.5,88.5,87.25,87.54000091552734,87.54000091552734,8610434.0
2025-01-13 09:15:00,87.79000091552734,88.4000015258789,87.13999938964844,87.29000091552734,87.29000091552734,12717060.0
2025-01-14 09:15:00,86.18000030517578,86.54000091552734,85.68000030517578,86.2699966430664,86.2699966430664,6119434.0
2025-01-15 09:15:00,86.69999694824219,87.43000030517578,86.47000122070312,87.31999969482422,87.31999969482422,4692149.0
2025-01-16 09:15:00,88.51000213623047,89.0,88.4000015258789,88.94999694824219,88.94999694824219,9296842.0
2025-01-17 09:15:00,88.37999725341797,88.38999938964844,87.55999755859375,87.6500015258789,87.6500015258789,5113613.0
2025-01-20 09:15:00,87.37999725341797,88.05000305175781,87.0199966430664,87.7300033569336,87.7300033569336,3015237.0
2025-01-21 09:15:00,88.0199966430664,88.44000244140625,87.72000122070312,87.80999755859375,87.80999755859375,4262782.0
2025-01-22 09:15:00,88.22000122070312,88.75,88.20999908447266,88.61000061035156,88.61000061035156,4199983.0
2025-01-23 09:15:00,88.5,88.5,87.62999725341797,87.8499984741211,87.8499984741211,2513578.0
2025-01-24 09:15:00,88.4000015258789,88.80000305175781,87.86000061035156,88.66999816894531,88.66999816894531,4718901.0
2025-01-27 09:15:00,87.83999633789062,87.94000244140625,87.0199966430664,87.58999633789062,87.58999633789062,5545733.0
2025-01-28 09:15:00,87.18000030517578,87.4000015258789,86.6500015258789,87.0999984741211,87.0999984741211,4582166.0
2025-01-29 09:15:00,87.75,88.08999633789062,87.62999725341797,88.01000213623047,88.01000213623047,4350390.0
2025-01-30 09:15:00,88.80999755859375,89.55000305175781,88.80999755859375,89.5,89.5,6269956.0
2025-01-31 09:15:00,90.0199966430664,90.80999755859375,90.0,90.66999816894531,90.66999816894531,7846647.0
2025-02-01 09:15:00,90.98999786376953,91.0,89.7699966430664,90.11000061035156,90.11000061035156,3520845.0
2025-02-03 09:15:00,90.0,90.6500015258789,89.3499984741211,90.52999877929688,90.52999877929688,5434913.0
2025-02-04 09:15:00,91.0,91.2699966430664,90.66000366210938,91.08999633789062,91.08999633789062,4219628.0
2025-02-05 09:15:00,92.02999877929688,93.16999816894531,92.0199966430664,93.02999877929688,93.02999877929688,10392689.0
2025-02-06 09:15:00,92.63999938964844,92.63999938964844,91.30999755859375,91.83999633789062,91.83999633789062,11006298.0
2025-02-07 09:15:00,92.12000274658203,92.77999877929688,92.12000274658203,92.7300033569336,92.7300033569336,4161201.0
2025-02-10 09:15:00,92.44999694824219,93.0,91.9000015258789,92.94999694824219,92.94999694824219,5366766.0
2025-02-11 09:15:00,92.27999877929688,92.27999877929688,91.0,91.37000274658203,91.37000274658203,6101960.0
2025-02-12 09:15:00,91.37000274658203,91.7699966430664,90.75,91.29000091552734,91.29000091552734,3820618.0
2025-02-13 09:15:00,92.25,92.93000030517578,92.2300033569336,92.75,92.75,4618313.0
2025-02-14 09:15:00,93.1500015258789,94.8499984741211,93.11000061035156,94.70999908447266,94.70999908447266,10813160.0
2025-02-17 09:15:00,93.98999786376953,93.98999786376953,92.05000305175781,92.86000061035156,92.86000061035156,7447168.0
2025-02-18 09:15:00,92.66000366210938,93.3499984741211,92.66000366210938,93.20999908447266,93.20999908447266,4520632.0
2025-02-19 09:15:00,93.73999786376953,94.69000244140625,93.52999877929688,94.55999755859375,94.55999755859375,5931501.0
2025-02-20 09:15:00,94.4800033569336,94.79000091552734,94.01000213623047,94.55999755859375,94.55999755859375,4267610.0
2025-02-21 09:15:00,94.18000030517578,94.37000274658203,93.69000244140625,94.05999755859375,94.05999755859375,5427019.0
2025-02-24 09:15:00,93.9000015258789,93.97000122070312,93.05000305175781,93.20999908447266,93.20999908447266,5830280.0
2025-02-25 09:15:00,93.19999694824219,93.19999694824219,92.4000015258789,92.91000366210938,92.91000366210938,4493551.0
2025-02-27 09:15:00,92.69999694824219,92.69999694824219,91.22000122070312,91.97000122070312,91.97000122070312,6648422.0
2025-02-28 09:15:00,90.98999786376953,90.98999786376953,90.0999984741211,90.45999908447266,90.45999908447266,7582604.0
2025-03-03 09:15:00,91.0,91.5999984741211,90.61000061035156,91.41000366210938,91.41000366210938,4918381.0
2025-03-04 09:15:00,92.25,92.62000274658203,91.80000305175781,92.52999877929688,92.52999877929688,4657750.0
2025-03-05 09:15:00,93.1500015258789,93.38999938964844,92.51000213623047,93.29000091552734,93.29000091552734,4427612.0
2025-03-06 09:15:00,93.63999938964844,93.98999786376953,93.31999969482422,93.5199966430664,93.5199966430664,4464895.0
2025-03-07 09:15:00,94.0,94.1500015258789,93.70999908447266,94.08999633789062,94.08999633789062,4099028.0
2025-03-10 09:15:00,94.94999694824219,94.94999694824219,93.44999694824219,94.0999984741211,94.0999984741211,5405947.0
2025-03-11 09:15:00,93.4000015258789,93.7699966430664,92.75,93.6500015258789,93.6500015258789,4227345.0
2025-03-12 09:15:00,94.41000366210938,95.05000305175781,94.37999725341797,94.97000122070312,94.97000122070312,6512571.0
2025-03-13 09:15:00,95.18000030517578,95.80000305175781,94.80999755859375,95.20999908447266,95.20999908447266,6450093.0
2025-03-17 09:15:00,96.73999786376953,96.83999633789062,96.2300033569336,96.4800033569336,96.4800033569336,8680598.0
2025-03-18 09:15:00,96.4800033569336,96.4800033569336,96.4800033569336,96.4800033569336,96.4800033569336,0.0
2025-03-19 09:15:00,97.6500015258789,97.73999786376953,96.20999908447266,96.41000366210938,96.41000366210938,13398538.0
2025-03-20 09:15:00,96.77999877929688,96.77999877929688,95.5,95.83999633789062,95.83999633789062,6212394.0
2025-03-21 09:15:00,95.18000030517578,95.18000030517578,94.0199966430664,94.18000030517578,94.18000030517578,7024520.0
2025-03-24 09:15:00,94.25,94.75,94.06999969482422,94.18000030517578,94.18000030517578,6467169.0
2025-03-25 09:15:00,94.18000030517578,94.68000030517578,94.01000213623047,94.56999969482422,94.56999969482422,4811065.0
2025-03-26 09:15:00,95.33999633789062,96.04000091552734,95.33000183105469,95.73999786376953,95.73999786376953,5683235.0
2025-03-27 09:15:00,96.80000305175781,96.80000305175781,95.7300033569336,95.9000015258789,95.9000015258789,4508669.0
2025-03-28 09:15:00,97.0199966430664,97.94999694824219,97.01000213623047,97.5999984741211,97.5999984741211,8137584.0
2025-04-01 09:15:00,97.94999694824219,97.94999694824219,96.4000015258789,96.72000122070312,96.72000122070312,9561986.0
2025-04-02 09:15:00,96.69999694824219,97.01000213623047,95.76000213623047,96.8499984741211,96.8499984741211,7893352.0
2025-04-03 09:15:00,95.37999725341797,95.69000244140625,93.02999877929688,93.29000091552734,93.29000091552734,17528343.0
2025-04-04 09:15:00,90.4800033569336,90.63999938964844,89.05999755859375,89.72000122070312,89.72000122070312,21349588.0
2025-04-07 09:15:00,86.0199966430664,87.3499984741211,77.55000305175781,87.02999877929688,87.02999877929688,16614717.0
2025-04-08 09:15:00,87.75,87.75,86.61000061035156,87.44000244140625,87.44000244140625,8320739.0
2025-04-09 09:15:00,87.2300033569336,88.13999938964844,86.4800033569336,87.97000122070312,87.97000122070312,9151698.0
2025-04-11 09:15:00,89.7300033569336,90.58000183105469,89.16000366210938,90.37000274658203,90.37000274658203,8079694.0
2025-04-15 09:15:00,91.80999755859375,93.41999816894531,91.80999755859375,92.22000122070312,92.22000122070312,6931954.0
2025-04-16 09:15:00,92.5,94.0199966430664,92.18000030517578,93.80000305175781,93.80000305175781,10131037.0
2025-04-17 09:15:00,92.98999786376953,93.06999969482422,91.97000122070312,92.16000366210938,92.16000366210938,8422078.0
2025-04-21 09:15:00,92.70999908447266,93.98999786376953,92.70999908447266,93.0,93.0,12119152.0
2025-04-22 09:15:00,93.13999938964844,93.4000015258789,91.9000015258789,92.3499984741211,92.3499984741211,11921821.0
2025-04-23 09:15:00,92.9800033569336,93.7699966430664,92.41999816894531,93.54000091552734,93.54000091552734,9307481.0
2025-04-24 09:15:00,94.20999908447266,94.95999908447266,94.20999908447266,94.6500015258789,94.6500015258789,7320869.0
2025-04-25 09:15:00,94.97000122070312,94.97000122070312,94.08000183105469,94.6500015258789,94.6500015258789,10525954.0
2025-04-28 09:15:00,94.94999694824219,94.94999694824219,92.7699966430664,93.16000366210938,93.16000366210938,12948986.0
2025-04-29 09:15:00,93.01000213623047,94.80000305175781,93.01000213623047,94.66999816894531,94.66999816894531,12888237.0
2025-04-30 09:15:00,93.87999725341797,93.87999725341797,91.4000015258789,91.62000274658203,91.62000274658203,25111094.0
2025-05-02 09:15:00,91.62000274658203,92.66999816894531,91.29000091552734,91.5199966430664,91.5199966430664,8660837.0
2025-05-05 09:15:00,91.08000183105469,91.55999755859375,90.47000122070312,91.41000366210938,91.41000366210938,7669295.0
2025-05-06 09:15:00,92.62999725341797,93.22000122070312,92.62000274658203,93.0199966430664,93.0199966430664,7160924.0
2025-05-07 09:15:00,93.29000091552734,93.38999938964844,92.61000061035156,92.77999877929688,92.77999877929688,5607365.0
2025-05-08 09:15:00,92.76000213623047,92.91000366210938,91.31999969482422,92.58999633789062,92.58999633789062,6922532.0
2025-05-09 09:15:00,92.58999633789062,93.22000122070312,92.33999633789062,93.02999877929688,93.02999877929688,5463663.0
2025-05-12 09:15:00,92.87999725341797,93.22000122070312,90.86000061035156,91.44000244140625,91.44000244140625,9818744.0
2025-05-13 09:15:00,93.44999694824219,94.13999938964844,92.5199966430664,93.91000366210938,93.91000366210938,9045601.0
2025-05-14 09:15:00,92.98999786376953,93.44999694824219,92.69999694824219,93.33000183105469,93.33000183105469,5753140.0
2025-05-15 09:15:00,91.55999755859375,91.63999938964844,90.75,91.5,91.5,15157485.0
2025-05-16 09:15:00,92.31999969482422,92.75,92.11000061035156,92.2699966430664,92.2699966430664,6016197.0
2025-05-19 09:15:00,92.33000183105469,92.91000366210938,92.12999725341797,92.80999755859375,92.80999755859375,6453279.0
2025-05-20 09:15:00,92.16999816894531,92.56999969482422,91.75,92.51000213623047,92.51000213623047,6629625.0
2025-05-21 09:15:00,94.04000091552734,94.44000244140625,93.8499984741211,94.26000213623047,94.26000213623047,11883172.0
2025-05-22 09:15:00,95.16000366210938,95.55999755859375,94.30000305175781,94.44999694824219,94.44999694824219,11449044.0
2025-05-23 09:15:00,94.48999786376953,94.70999908447266,93.91000366210938,94.0199966430664,94.0199966430664,5106629.0
2025-05-26 09:15:00,94.94000244140625,95.0,94.12999725341797,94.55000305175781,94.55000305175781,6280627.0
2025-05-27 09:15:00,94.52999877929688,94.79000091552734,93.9000015258789,94.05000305175781,94.05000305175781,4643649.0
2025-05-28 09:15:00,94.43000030517578,94.9800033569336,94.41999816894531,94.88999938964844,94.88999938964844,4084373.0
2025-05-29 09:15:00,94.58999633789062,94.94999694824219,94.18000030517578,94.62999725341797,94.62999725341797,4043662.0
2025-05-30 09:15:00,94.44000244140625,94.55000305175781,93.6500015258789,94.3499984741211,94.3499984741211,5594027.0
2025-06-02 09:15:00,94.33000183105469,95.0999984741211,93.80999755859375,94.62000274658203,94.62000274658203,5801276.0
2025-06-03 09:15:00,96.19999694824219,97.25,96.05000305175781,97.16000366210938,97.16000366210938,21222360.0
2025-06-04 09:15:00,98.0,98.19000244140625,97.5199966430664,98.0999984741211,98.0999984741211,6682380.0
2025-06-05 09:15:00,98.56999969482422,101.30999755859375,97.91999816894531,100.72000122070312,100.72000122070312,13429315.0
2025-06-06 09:15:00,102.7699966430664,102.98999786376953,101.66000366210938,102.41000366210938,102.41000366210938,16301468.0
2025-06-09 09:15:00,102.41000366210938,103.2699966430664,102.12000274658203,102.98999786376953,102.98999786376953,18318181.0
2025-06-10 09:15:00,103.11000061035156,104.25,103.11000061035156,103.87000274658203,103.87000274658203,12471056.0
2025-06-11 09:15:00,103.44999694824219,103.94999694824219,102.0999984741211,102.77999877929688,102.77999877929688,14015315.0
2025-06-12 09:15:00,103.37000274658203,103.37000274658203,100.72000122070312,102.05999755859375,102.05999755859375,15776314.0
2025-06-13 09:15:00,103.55999755859375,103.80999755859375,102.5999984741211,103.70999908447266,103.70999908447266,11061672.0
2025-06-16 09:15:00,104.87999725341797,106.5,103.16000366210938,103.56999969482422,103.56999969482422,13272697.0
2025-06-17 09:15:00,103.37999725341797,104.33999633789062,102.94000244140625,104.19000244140625,104.19000244140625,9164547.0
2025-06-18 09:15:00,105.75,106.3499984741211,105.75,106.2300033569336,106.2300033569336,16547298.0
2025-06-19 09:15:00,105.75,105.75,103.6500015258789,104.12999725341797,104.12999725341797,14424864.0
2025-06-20 09:15:00,102.97000122070312,103.41000366210938,101.8499984741211,103.30999755859375,103.30999755859375,14791461.0
2025-06-23 09:15:00,103.30999755859375,103.98999786376953,103.30000305175781,103.76000213623047,103.76000213623047,7580706.0
2025-06-24 09:15:00,103.4800033569336,103.4800033569336,102.30000305175781,102.70999908447266,102.70999908447266,11607644.0
2025-06-25 09:15:00,102.22000122070312,102.77999877929688,101.80000305175781,101.87999725341797,101.87999725341797,11321642.0
2025-06-26 09:15:00,103.88999938964844,104.0999984741211,102.9000015258789,103.93000030517578,103.93000030517578,9140441.0
2025-06-27 09:15:00,106.0,106.0,101.3499984741211,101.66000366210938,101.66000366210938,12033167.0
2025-06-30 09:15:00,102.55000305175781,102.7300033569336,102.0199966430664,102.47000122070312,102.47000122070312,14581367.0
2025-07-01 09:15:00,102.45999908447266,103.55999755859375,102.12999725341797,103.41999816894531,103.41999816894531,10015937.0
2025-07-02 09:15:00,102.4800033569336,102.80000305175781,101.91000366210938,102.69999694824219,102.69999694824219,10057252.0
2025-07-03 09:15:00,103.02999877929688,104.44999694824219,103.0199966430664,103.87000274658203,103.87000274658203,10680247.0
2025-07-04 09:15:00,104.16000366210938,104.18000030517578,103.5,103.9000015258789,103.9000015258789,9051536.0
2025-07-07 09:15:00,104.38999938964844,104.38999938964844,103.06999969482422,103.79000091552734,103.79000091552734,8720372.0
2025-07-08 09:15:00,104.33000183105469,104.33000183105469,103.91000366210938,104.08999633789062,104.08999633789062,5376193.0
2025-07-09 09:15:00,103.87000274658203,103.9800033569336,103.26000213623047,103.58999633789062,103.58999633789062,20471057.0
2025-07-10 09:15:00,103.54000091552734,103.93000030517578,103.12999725341797,103.70999908447266,103.70999908447266,6889568.0
2025-07-11 09:15:00,105.51000213623047,106.77999877929688,105.51000213623047,106.69000244140625,106.69000244140625,21756787.0
2025-07-14 09:15:00,109.0,110.16999816894531,108.5199966430664,110.0199966430664,110.0199966430664,21780109.0
2025-07-15 09:15:00,108.18000030517578,108.44000244140625,107.52999877929688,108.2300033569336,108.2300033569336,15779516.0
2025-07-16 09:15:00,107.5,107.93000030517578,107.0,107.79000091552734,107.79000091552734,13945240.0
2025-07-17 09:15:00,107.9800033569336,107.9800033569336,107.0,107.13999938964844,107.13999938964844,8502030.0
2025-07-18 09:15:00,109.80999755859375,109.80999755859375,108.12000274658203,109.11000061035156,109.11000061035156,13300521.0
2025-07-21 09:15:00,109.29000091552734,109.5199966430664,108.3499984741211,109.37000274658203,109.37000274658203,11482985.0
2025-07-22 09:15:00,110.05000305175781,110.69999694824219,109.8499984741211,110.19999694824219,110.19999694824219,13560169.0
2025-07-23 09:15:00,110.98999786376953,112.19999694824219,110.30999755859375,112.01000213623047,112.01000213623047,15076720.0
2025-07-24 09:15:00,110.31999969482422,111.2300033569336,110.31999969482422,110.91000366210938,110.91000366210938,13904269.0
2025-07-25 09:15:00,111.23999786376953,111.38999938964844,110.52999877929688,110.68000030517578,110.68000030517578,8551675.0
2025-07-28 09:15:00,109.29000091552734,109.30999755859375,108.83999633789062,109.05000305175781,109.05000305175781,11445275.0
2025-07-29 09:15:00,109.4800033569336,109.62999725341797,108.70999908447266,109.5199966430664,109.5199966430664,9985342.0
2025-07-30 09:15:00,109.9800033569336,109.9800033569336,109.41000366210938,109.87999725341797,109.87999725341797,7094410.0
2025-07-31 09:15:00,107.87000274658203,107.9800033569336,106.70999908447266,106.9000015258789,106.9000015258789,16229732.0
2025-08-01 09:15:00,106.30999755859375,106.4000015258789,105.41999816894531,105.70999908447266,105.70999908447266,13325845.0
2025-08-04 09:15:00,107.3499984741211,108.37000274658203,107.0,108.08999633789062,108.08999633789062,9244106.0
2025-08-05 09:15:00,108.55000305175781,108.94000244140625,108.16000366210938,108.66000366210938,108.66000366210938,9715948.0
2025-08-06 09:15:00,109.4000015258789,109.73999786376953,108.9000015258789,109.18000030517578,109.18000030517578,8696556.0
2025-08-07 09:15:00,110.06999969482422,110.83999633789062,109.80999755859375,110.58000183105469,110.58000183105469,10114401.0
2025-08-08 09:15:00,110.9000015258789,111.4800033569336,110.5,110.97000122070312,110.97000122070312,11446933.0
2025-08-11 09:15:00,110.19999694824219,110.4000015258789,108.77999877929688,109.5199966430664,109.5199966430664,13239457.0
2025-08-12 09:15:00,109.5199966430664,109.77999877929688,109.0999984741211,109.26000213623047,109.26000213623047,7506625.0
2025-08-13 09:15:00,110.22000122070312,111.33000183105469,110.12999725341797,111.25,111.25,8527742.0
2025-08-14 09:15:00,111.12000274658203,111.37999725341797,110.5,110.83000183105469,110.83000183105469,8917370.0
2025-08-18 09:15:00,110.37000274658203,110.37999725341797,109.69999694824219,110.05999755859375,110.05999755859375,10044494.0
2025-08-19 09:15:00,109.5999984741211,109.5999984741211,108.91000366210938,109.41000366210938,109.41000366210938,7444174.0
2025-08-20 09:15:00,107.4000015258789,107.45999908447266,106.63999938964844,106.98999786376953,106.98999786376953,18166059.0
2025-08-21 09:15:00,109.27999877929688,109.27999877929688,108.62999725341797,109.12000274658203,109.12000274658203,8022638.0
2025-08-22 09:15:00,110.3499984741211,110.3499984741211,109.55999755859375,109.93000030517578,109.93000030517578,8889040.0
2025-08-25 09:15:00,111.66999816894531,112.5,111.6500015258789,112.05000305175781,112.05000305175781,13391397.0
2025-08-26 09:15:00,112.1500015258789,112.79000091552734,111.33000183105469,111.91000366210938,111.91000366210938,22085218.0
2025-08-28 09:15:00,112.5999984741211,112.97000122070312,112.30000305175781,112.77999877929688,112.77999877929688,32127716.0
2025-08-29 09:15:00,113.19999694824219,113.81999969482422,112.86000061035156,113.58000183105469,113.58000183105469,25713199.0
2025-09-01 09:15:00,118.05000305175781,118.94999694824219,117.80000305175781,118.58999633789062,118.58999633789062,49075978.0
2025-09-02 09:15:00,119.0,119.19999694824219,117.19999694824219,117.91000366210938,117.91000366210938,20207519.0
2025-09-03 09:15:00,118.0199966430664,119.56999969482422,117.95999908447266,118.95999908447266,118.95999908447266,14783833.0
2025-09-04 09:15:00,118.44999694824219,119.20999908447266,117.94999694824219,119.02999877929688,119.02999877929688,15219776.0
2025-09-05 09:15:00,118.77999877929688,119.43000030517578,118.7300033569336,119.01000213623047,119.01000213623047,10737220.0
2025-09-08 09:15:00,118.80000305175781,120.66000366210938,118.2300033569336,120.25,120.25,18497766.0
2025-09-09 09:15:00,120.44000244140625,120.54000091552734,119.9000015258789,120.19000244140625,120.19000244140625,20972064.0
2025-09-10 09:15:00,119.69000244140625,119.69000244140625,119.19999694824219,119.33999633789062,119.33999633789062,34822128.0
2025-09-11 09:15:00,119.38999938964844,119.69999694824219,119.0,119.30000305175781,119.30000305175781,28151645.0
2025-09-12 09:15:00,122.27999877929688,123.9000015258789,121.75,123.66000366210938,123.66000366210938,25108803.0
2025-09-15 09:15:00,123.69999694824219,123.88999938964844,122.5999984741211,123.08000183105469,123.08000183105469,22021244.0
2025-09-16 09:15:00,124.0,124.87999725341797,123.70999908447266,124.62000274658203,124.62000274658203,20548502.0
2025-09-17 09:15:00,122.94999694824219,122.98999786376953,121.26000213623047,121.76000213623047,121.76000213623047,35047144.0
2025-09-18 09:15:00,121.94000244140625,123.1500015258789,121.01000213623047,123.04000091552734,123.04000091552734,20564836.0
2025-09-19 09:15:00,124.25,124.29000091552734,123.0999984741211,123.6500015258789,123.6500015258789,13913406.0
2025-09-22 09:15:00,127.02999877929688,128.47000122070312,126.75,128.22000122070312,128.22000122070312,25838028.0
2025-09-23 09:15:00,128.50999450683594,129.94000244140625,128.25,129.74000549316406,129.74000549316406,30486985.0
2025-09-24 09:15:00,130.17999267578125,130.35000610351562,129.60000610351562,129.99000549316406,129.99000549316406,26339903.0
2025-09-25 09:15:00,129.75,133.0,129.0500030517578,132.3699951171875,132.3699951171875,28054826.0
2025-09-26 09:15:00,132.1999969482422,133.47000122070312,131.6999969482422,133.00999450683594,133.00999450683594,33133014.0
2025-09-29 09:15:00,138.42999267578125,139.3699951171875,138.0,139.05999755859375,139.05999755859375,46710530.0
2025-09-30 09:15:00,139.99000549316406,140.61000061035156,135.17999267578125,136.07000732421875,136.07000732421875,48526239.0
2025-10-01 09:15:00,139.47000122070312,140.0,138.0,139.8699951171875,139.8699951171875,30050148.0
2025-10-03 09:15:00,138.6999969482422,140.0,138.0,139.75999450683594,139.75999450683594,31488150.0
2025-10-06 09:15:00,142.50999450683594,144.25,142.32000732421875,143.6699981689453,143.6699981689453,41869635.0
2025-10-07 09:15:00,143.77999877929688,144.24000549316406,141.30999755859375,143.82000732421875,143.82000732421875,40997145.0
2025-10-08 09:15:00,143.9499969482422,152.92999267578125,143.5500030517578,150.92999267578125,150.92999267578125,57986358.0
2025-10-09 09:15:00,150.92999267578125,165.0,148.91000366210938,156.16000366210938,156.16000366210938,123576606.0
2025-10-10 09:15:00,156.10000610351562,159.5,147.14999389648438,153.9199981689453,153.9199981689453,69493647.0
2025-10-13 09:15:00,157.75999450683594,164.89999389648438,156.6300048828125,164.33999633789062,164.33999633789062,86689491.0
2025-10-14 09:15:00,168.44000244140625,180.0,167.11000061035156,174.30999755859375,174.30999755859375,162150539.0
2025-10-15 09:15:00,177.8000030517578,180.0,165.25999450683594,168.55999755859375,168.55999755859375,131345288.0
2025-10-16 09:15:00,173.6199951171875,174.39999389648438,156.24000549316406,157.2100067138672,157.2100067138672,155961599.0
2025-10-17 09:15:00,163.89999389648438,163.89999389648438,159.2100067138672,160.60000610351562,160.60000610351562,74867794.0
2025-10-20 09:15:00,155.9199981689453,155.9199981689453,146.3000030517578,148.82000732421875,148.82000732421875,93338792.0
2025-10-21 09:15:00,147.5,149.5,142.75,145.3000030517578,145.3000030517578,30778626.0
2025-10-23 09:15:00,142.99000549316406,144.49000549316406,135.5,141.94000244140625,141.94000244140625,102061902.0
2025-10-27 09:15:00,138.11000061035156,141.64999389648438,137.6999969482422,138.85000610351562,138.85000610351562,45614007.0
2025-10-28 09:15:00,137.10000610351562,137.67999267578125,132.99000549316406,133.80999755859375,133.80999755859375,48917651.0
2025-10-29 09:15:00,137.82000732421875,141.47000122070312,136.5500030517578,141.1300048828125,141.1300048828125,42784380.0
2025-10-30 09:15:00,139.8800048828125,141.67999267578125,138.22000122070312,140.52000427246094,140.52000427246094,39491965.0
2025-10-31 09:15:00,142.97000122070312,143.5500030517578,141.4199981689453,142.47000122070312,142.47000122070312,27111986.0
2025-11-03 09:15:00,143.2899932861328,143.58999633789062,142.00999450683594,142.47000122070312,142.47000122070312,20681532.0
2025-11-04 09:15:00,140.33999633789062,141.38999938964844,139.00999450683594,139.9499969482422,139.9499969482422,22717303.0
2025-11-06 09:15:00,140.94000244140625,142.16000366210938,140.27999877929688,141.8300018310547,141.8300018310547,18108787.0
2025-11-07 09:15:00,141.6699981689453,142.33999633789062,140.77000427246094,142.0500030517578,142.0500030517578,17175300.0
2025-11-10 09:15:00,144.1699981689453,145.9199981689453,143.00999450683594,145.33999633789062,145.33999633789062,27222939.0
2025-11-11 09:15:00,148.97000122070312,149.10000610351562,147.02999877929688,148.0500030517578,148.0500030517578,36080172.0
2025-11-12 09:15:00,148.32000732421875,150.41000366210938,147.69000244140625,150.27000427246094,150.27000427246094,29546635.0
2025-11-13 09:15:00,156.2100067138672,158.9499969482422,156.1300048828125,157.08999633789062,157.08999633789062,43847408.0
2025-11-14 09:15:00,156.27999877929688,156.27999877929688,152.22999572753906,153.25999450683594,153.25999450683594,35966813.0
2025-11-17 09:15:00,150.0,150.0,146.41000366210938,148.9199981689453,148.9199981689453,46574941.0
2025-11-18 09:15:00,146.89999389648438,147.0,144.14999389648438,146.5800018310547,146.5800018310547,36581419.0
2025-11-19 09:15:00,148.02000427246094,151.39999389648438,147.63999938964844,150.36000061035156,150.36000061035156,29754382.0
2025-11-20 09:15:00,149.38999938964844,149.69000244140625,146.75,147.99000549316406,147.99000549316406,26945493.0
2025-11-21 09:15:00,146.49000549316406,146.49000549316406,143.64999389648438,144.69000244140625,144.69000244140625,35909272.0
2025-11-24 09:15:00,146.97000122070312,147.5,145.66000366210938,147.0800018310547,147.0800018310547,16179399.0
2025-11-25 09:15:00,149.3300018310547,150.3699951171875,148.8000030517578,149.32000732421875,149.32000732421875,23995724.0
2025-11-26 09:15:00,150.52000427246094,151.85000610351562,150.52000427246094,151.63999938964844,151.63999938964844,19472046.0
2025-11-27 09:15:00,153.5,156.69000244140625,153.44000244140625,155.6999969482422,155.6999969482422,43116455.0
2025-11-28 09:15:00,156.4199981689453,157.5,156.4199981689453,156.77000427246094,156.77000427246094,25854622.0
2025-12-01 09:15:00,166.02000427246094,167.89999389648438,164.6300048828125,166.2100067138672,166.2100067138672,74751648.0
2025-12-02 09:15:00,167.00999450683594,168.39999389648438,164.8000030517578,165.33999633789062,165.33999633789062,43250934.0
2025-12-03 09:15:00,170.1999969482422,171.99000549316406,167.17999267578125,169.77999877929688,169.77999877929688,56142191.0
2025-12-04 09:15:00,169.77999877929688,170.9499969482422,165.6300048828125,167.22000122070312,167.22000122070312,42611431.0
2025-12-05 09:15:00,168.1699981689453,170.77000427246094,167.10000610351562,170.17999267578125,170.17999267578125,39924759.0
2025-12-08 09:15:00,170.1699981689453,171.3800048828125,169.1199951171875,170.83999633789062,170.83999633789062,37615886.0
2025-12-09 09:15:00,170.83999633789062,171.5,168.3300018310547,171.11000061035156,171.11000061035156,31668039.0
2025-12-10 09:15:00,176.5500030517578,177.6999969482422,174.22000122070312,175.2899932861328,175.2899932861328,53177986.0
2025-12-11 09:15:00,177.39999389648438,179.10000610351562,176.77999877929688,178.85000610351562,178.85000610351562,37254365.0
2025-12-12 09:15:00,183.32000732421875,185.0,181.6199951171875,184.1300048828125,184.1300048828125,51433702.0
2025-12-15 09:15:00,182.0399932861328,185.35000610351562,180.10000610351562,184.8699951171875,184.8699951171875,58177874.0
2025-12-16 09:15:00,181.6999969482422,184.99000549316406,180.2100067138672,184.69000244140625,184.69000244140625,45316096.0
2025-12-17 09:15:00,190.0,193.4499969482422,189.30999755859375,192.16000366210938,192.16000366210938,63395449.0
2025-12-18 09:15:00,194.7899932861328,194.8000030517578,192.85000610351562,193.25999450683594,193.25999450683594,50463772.0
2025-12-19 09:15:00,190.0,193.07000732421875,190.0,192.55999755859375,192.55999755859375,50083689.0
2025-12-22 09:15:00,197.1300048828125,201.16000366210938,197.1300048828125,199.9499969482422,199.9499969482422,70597242.0
2025-12-23 09:15:00,202.0,202.9499969482422,201.22000122070312,201.7899932861328,201.7899932861328,46020963.0
2025-12-24 09:15:00,209.4499969482422,210.0,207.11000061035156,209.22999572753906,209.22999572753906,61726800.0
2025-12-26 09:15:00,216.72999572753906,222.0,215.80999755859375,219.85000610351562,219.85000610351562,80430683.0
2025-12-29 09:15:00,235.2100067138672,243.2899932861328,196.3000030517578,218.25,218.25,285359044.0
2025-12-30 09:15:00,217.49000549316406,219.85000610351562,210.0,218.2100067138672,218.2100067138672,122080395.0
2025-12-31 09:15:00,216.8000030517578,221.8000030517578,207.50999450683594,215.42999267578125,215.42999267578125,126214141.0
2026-01-01 09:15:00,216.5,217.8000030517578,213.02000427246094,214.9499969482422,214.9499969482422,39055627.0
2026-01-02 09:15:00,220.3300018310547,222.1999969482422,217.60000610351562,221.8699951171875,221.8699951171875,63378048.0
2026-01-05 09:15:00,222.89999389648438,226.8000030517578,222.1999969482422,225.5399932861328,225.5399932861328,53838683.0
2026-01-06 09:15:00,228.16000366210938,232.49000549316406,228.16000366210938,231.64999389648438,231.64999389648438,64366251.0
2026-01-07 09:15:00,237.60000610351562,242.6999969482422,231.38999938964844,234.36000061035156,234.36000061035156,99905343.0
2026-01-08 09:15:00,232.6999969482422,232.6999969482422,220.0,223.52999877929688,223.52999877929688,105124865.0
2026-01-09 09:15:00,224.1999969482422,230.9499969482422,224.1999969482422,230.3699951171875,230.3699951171875,70230296.0
2026-01-12 09:15:00,238.14999389648438,244.6999969482422,237.14999389648438,243.35000610351562,243.35000610351562,104703224.0
2026-01-13 09:15:00,246.60000610351562,251.39999389648438,243.7899932861328,249.50999450683594,249.50999450683594,122480487.0
2026-01-14 09:15:00,258.5,264.0,258.5,262.80999755859375,262.80999755859375,137283440.0
2026-01-15 09:00:00,262.80999755859375,262.80999755859375,262.80999755859375,262.80999755859375,262.80999755859375,0.0
2026-01-16 09:15:00,262.80999755859375,269.79998779296875,261.0,269.44000244140625,269.44000244140625,115493929.0
2026-01-19 09:15:00,274.29998779296875,284.8999938964844,274.25,282.95001220703125,282.95001220703125,140270883.0
2026-01-20 09:15:00,288.1499938964844,302.239990234375,288.1499938964844,297.6199951171875,297.6199951171875,245725046.0
2026-01-21 09:15:00,300.0,312.0,297.6300048828125,310.67999267578125,310.67999267578125,155857367.0
2026-01-22 09:15:00,299.6000061035156,302.9800109863281,249.11000061035156,276.2699890136719,276.2699890136719,348178533.0
2026-01-23 09:15:00,295.6499938964844,307.7799987792969,289.0,292.7300109863281,292.7300109863281,174210106.0
2026-01-27 09:15:00,310.3999938964844,321.4800109863281,305.70001220703125,317.8500061035156,317.8500061035156,223275742.0
2026-01-28 09:15:00,320.79998779296875,337.8599853515625,320.79998779296875,332.0299987792969,332.0299987792969,170375606.0
2026-01-29 09:15:00,351.20001220703125,360.0,346.1499938964844,351.9100036621094,351.9100036621094,145645956.0
2026-01-30 09:15:00,329.0,337.79998779296875,276.6600036621094,286.4800109863281,286.4800109863281,391602898.0
2026-02-02 09:15:00,252.49000549316406,252.49000549316406,205.02000427246094,219.94000244140625,219.94000244140625,321774758.0
2026-02-03 09:15:00,224.6999969482422,258.79998779296875,220.6999969482422,247.33999633789062,247.33999633789062,259120035.0
2026-02-04 09:15:00,258.0,268.0,255.64999389648438,265.57000732421875,265.57000732421875,172801738.0
2026-02-05 09:15:00,234.89999389648438,241.8000030517578,224.0,236.4199981689453,236.4199981689453,216470548.0
2026-02-06 09:15:00,219.0,229.1999969482422,218.1999969482422,224.4600067138672,224.4600067138672,168889539.0
2026-02-09 09:15:00,241.10000610351562,247.0,240.82000732421875,243.6999969482422,243.6999969482422,101311327.0
2026-02-10 09:15:00,241.89999389648438,244.75,240.24000549316406,243.82000732421875,243.82000732421875,64114549.0
2026-02-11 09:15:00,244.10000610351562,248.47999572753906,242.0,247.3699951171875,247.3699951171875,75719689.0
2026-02-12 09:15:00,247.08999633789062,247.1699981689453,243.82000732421875,245.38999938964844,245.38999938964844,51694849.0
2026-02-13 09:15:00,228.14999389648438,234.8000030517578,226.3000030517578,232.5800018310547,232.5800018310547,117873821.0
2026-02-16 09:15:00,223.25,228.49000549316406,223.25,227.33999633789062,227.33999633789062,74290681.0
2026-02-17 09:15:00,224.8000030517578,225.4499969482422,217.5,220.0399932861328,220.0399932861328,94867203.0
2026-02-18 09:15:00,220.88999938964844,225.99000549316406,219.11000061035156,223.7899932861328,223.7899932861328,69459268.0
2026-02-19 09:15:00,230.10000610351562,234.99000549316406,229.10000610351562,233.2100067138672,233.2100067138672,70587117.0
2026-02-20 09:15:00,231.89999389648438,238.99000549316406,228.5,236.6199951171875,236.6199951171875,71527347.0
2026-02-23 09:15:00,258.0,258.010009765625,246.6999969482422,250.1699981689453,250.1699981689453,113604978.0
2026-02-24 09:15:00,252.47999572753906,253.39999389648438,248.11000061035156,250.6699981689453,250.6699981689453,78159349.0
2026-02-25 09:15:00,250.22000122070312,255.14999389648438,250.22000122070312,253.25,253.25,68648801.0
2026-02-26 09:15:00,252.3000030517578,252.99000549316406,242.0,246.05999755859375,246.05999755859375,90143038.0
2026-02-27 09:15:00,251.11000061035156,253.8000030517578,250.41000366210938,252.80999755859375,252.80999755859375,57627112.0
2026-03-02 09:15:00,265.1499938964844,276.0,265.1499938964844,274.6499938964844,274.6499938964844,151660105.0
2026-03-04 09:15:00,251.0500030517578,259.9800109863281,250.1999969482422,255.57000732421875,255.57000732421875,98302354.0
2026-03-05 09:15:00,254.8000030517578,254.8000030517578,240.5,247.92999267578125,247.92999267578125,102294680.0
2026-03-06 09:15:00,248.11000061035156,251.3800048828125,245.6999969482422,246.75999450683594,246.75999450683594,47713052.0
2026-03-09 09:15:00,244.97999572753906,249.89999389648438,243.0,247.0,247.0,53191521.0
2026-03-10 09:15:00,255.22000122070312,258.8999938964844,255.02000427246094,256.3500061035156,256.3500061035156,58397410.0
2026-03-11 09:15:00,256.3500061035156,256.95001220703125,250.72000122070312,251.69000244140625,251.69000244140625,43001167.0
2026-03-12 09:15:00,249.5,254.5800018310547,246.83999633789062,253.5,253.5,44155003.0
2026-03-13 09:15:00,248.89999389648438,249.9600067138672,242.22999572753906,244.49000549316406,244.49000549316406,59665916.0
2026-03-16 09:15:00,237.77000427246094,239.10000610351562,232.0,233.47999572753906,233.47999572753906,55867615.0
2026-03-17 09:15:00,240.2899932861328,244.99000549316406,236.11000061035156,240.88999938964844,240.88999938964844,44310379.0
2026-03-18 09:15:00,235.3000030517578,238.10000610351562,233.6999969482422,237.1300048828125,237.1300048828125,43713716.0
2026-03-19 09:15:00,230.89999389648438,230.89999389648438,217.61000061035156,218.97999572753906,218.97999572753906,104311307.0
2026-03-20 09:15:00,223.88999938964844,226.63999938964844,216.89999389648438,219.89999389648438,219.89999389648438,68961100.0
2026-03-23 09:15:00,211.77999877929688,214.88999938964844,189.35000610351562,193.52000427246094,193.52000427246094,191512865.0
2026-03-24 09:15:00,199.0,213.83999633789062,199.0,212.30999755859375,212.30999755859375,121021260.0
2026-03-25 09:15:00,220.0,223.8000030517578,219.10000610351562,221.4199981689453,221.4199981689453,66511163.0
2026-03-27 09:15:00,214.0,216.0,210.0,212.5,212.5,62965137.0
2026-03-30 09:15:00,212.5,217.39999389648438,212.5,216.0800018310547,216.0800018310547,56782213.0
2026-04-01 09:15:00,222.11000061035156,227.39999389648438,222.11000061035156,224.80999755859375,224.80999755859375,51491975.0
2026-04-02 09:15:00,218.89999389648438,219.89999389648438,211.36000061035156,215.9499969482422,215.9499969482422,54321945.0
2026-04-06 09:15:00,216.11000061035156,222.6999969482422,216.10000610351562,222.3800048828125,222.3800048828125,42822059.0
2026-04-07 09:15:00,219.14999389648438,222.25,218.25,220.02999877929688,220.02999877929688,37201465.0
2026-04-08 09:15:00,230.0,231.99000549316406,227.1999969482422,230.5800018310547,230.5800018310547,44540327.0
2026-04-09 09:15:00,224.3699951171875,224.77999877929688,222.57000732421875,223.8300018310547,223.8300018310547,34679027.0
2026-04-10 09:15:00,228.10000610351562,229.89999389648438,225.69000244140625,226.5399932861328,226.5399932861328,27569483.0
2026-04-13 09:15:00,225.10000610351562,225.64999389648438,223.8000030517578,224.97000122070312,224.97000122070312,21405424.0
2026-04-15 09:15:00,237.99000549316406,240.0,234.4199981689453,235.0800018310547,235.0800018310547,50586246.0
2026-04-16 09:15:00,238.89999389648438,240.25,237.6300048828125,237.97000122070312,237.97000122070312,30449635.0
2026-04-17 09:15:00,236.2100067138672,238.5,234.5,238.13999938964844,238.13999938964844,25993248.0
2026-04-20 09:15:00,238.64999389648438,239.88999938964844,237.0,237.27000427246094,237.27000427246094,30744898.0
2026-04-21 09:15:00,237.47999572753906,238.10000610351562,236.5,237.41000366210938,237.41000366210938,18034825.0
2026-04-22 09:15:00,235.8000030517578,237.25,234.82000732421875,236.02999877929688,236.02999877929688,24754828.0
2026-04-23 09:15:00,232.47000122070312,232.47000122070312,229.14999389648438,229.6699981689453,229.6699981689453,26895719.0
2026-04-24 09:15:00,229.44000244140625,229.44000244140625,226.5,227.88999938964844,227.88999938964844,22242742.0
2026-04-27 09:15:00,232.6300048828125,233.74000549316406,230.3800048828125,230.72000122070312,230.72000122070312,16708473.0
2026-04-28 09:15:00,228.82000732421875,229.97999572753906,224.25,224.72999572753906,224.72999572753906,30243503.0
2026-04-29 09:15:00,225.25,227.10000610351562,223.8300018310547,224.1999969482422,224.1999969482422,18864362.0
2026-04-30 09:15:00,224.1699981689453,227.91000366210938,222.11000061035156,227.5,227.5,23789194.0
2026-05-01 09:15:00,227.5,227.5,227.5,227.5,227.5,0.0
2026-05-04 09:15:00,233.02000427246094,234.36000061035156,229.05999755859375,230.36000061035156,230.36000061035156,22188668.0
2026-05-05 09:15:00,227.35000610351562,229.25,225.82000732421875,228.88999938964844,228.88999938964844,22439477.0
2026-05-06 09:15:00,232.1999969482422,234.99000549316406,232.02000427246094,234.49000549316406,234.49000549316406,29779932.0
2026-05-07 09:15:00,236.5,239.75,235.89999389648438,239.44000244140625,239.44000244140625,36459016.0
2026-05-08 09:15:00,240.02999877929688,241.6999969482422,238.02000427246094,240.1699981689453,240.1699981689453,35037585.0
2026-05-11 09:15:00,241.02000427246094,242.47999572753906,240.08999633789062,241.2899932861328,241.2899932861328,31761071.0
2026-05-12 09:15:00,257.80999755859375,259.3999938964844,249.60000610351562,252.00999450683594,252.00999450683594,71352382.0
2026-05-13 09:15:00,262.1000061035156,274.79998779296875,262.1000061035156,269.4200134277344,269.4200134277344,73426411.0
2026-05-14 09:15:00,269.4200134277344,273.3399963378906,266.1499938964844,270.92999267578125,270.92999267578125,55098457.0
2026-05-15 09:15:00,262.6000061035156,262.6000061035156,248.0,249.85000610351562,249.85000610351562,66470348.0
2026-05-18 09:15:00,249.0,255.5500030517578,247.14999389648438,253.16000366210938,253.16000366210938,49413277.0
2026-05-19 09:15:00,255.60000610351562,257.3599853515625,252.75999450683594,253.25,253.25,34386810.0
2026-05-20 09:15:00,249.47000122070312,253.39999389648438,247.0500030517578,252.66000366210938,252.66000366210938,31304121.0
2026-05-21 09:15:00,253.27000427246094,253.6999969482422,250.25999450683594,251.97000122070312,251.97000122070312,20609317.0
2026-05-22 09:15:00,253.1199951171875,254.88999938964844,252.0,252.5399932861328,252.5399932861328,22298660.0
2026-05-25 09:15:00,256.5799865722656,256.75,254.50999450683594,256.0299987792969,256.0299987792969,23557530.0
2026-05-26 09:15:00,254.8000030517578,254.8000030517578,251.0,251.2899932861328,251.2899932861328,18462426.0
2026-05-27 09:15:00,253.99000549316406,253.99000549316406,248.0,249.8699951171875,249.8699951171875,21335105.0
2026-05-28 09:15:00,249.8699951171875,249.8699951171875,249.8699951171875,249.8699951171875,249.8699951171875,0.0
2026-05-29 09:15:00,250.5500030517578,251.39999389648438,247.39999389648438,249.3699951171875,249.3699951171875,19010653.0
2026-06-01 09:15:00,246.64999389648438,250.39999389648438,246.64999389648438,249.5399932861328,249.5399932861328,14475158.0
2026-06-02 09:15:00,251.99000549316406,252.99000549316406,247.52000427246094,251.55999755859375,251.55999755859375,18283196.0
2026-06-03 09:15:00,249.1999969482422,249.89999389648438,246.5,246.7899932861328,246.7899932861328,18463657.0
2026-06-04 09:15:00,246.25999450683594,247.36000061035156,245.10000610351562,246.55999755859375,246.55999755859375,15888597.0
2026-06-05 09:15:00,246.0,247.0,241.0,243.5800018310547,243.5800018310547,23320463.0
2026-06-08 09:15:00,229.0500030517578,232.94000244140625,225.1999969482422,227.92999267578125,227.92999267578125,50269894.0
2026-06-09 09:15:00,228.0,233.2899932861328,227.99000549316406,231.89999389648438,231.89999389648438,21678738.0
2026-06-10 09:15:00,228.0,228.0,220.0,220.58999633789062,220.58999633789062,51693465.0
2026-06-11 09:15:00,220.97999572753906,223.14999389648438,219.22000122070312,221.3800048828125,221.3800048828125,27047408.0
2026-06-12 09:15:00,228.1199951171875,231.97999572753906,226.33999633789062,229.75999450683594,229.75999450683594,25950456.0
2026-06-15 09:15:00,236.0800018310547,239.3000030517578,236.0800018310547,238.6199951171875,238.6199951171875,20868853.0
2026-06-16 09:15:00,243.5,243.5,232.6199951171875,236.1300048828125,236.1300048828125,20115149.0
2026-06-17 09:15:00,235.8699951171875,235.91000366210938,233.8300018310547,234.6699981689453,234.6699981689453,14544062.0
2026-06-18 09:15:00,233.44000244140625,233.6999969482422,228.66000366210938,229.99000549316406,229.99000549316406,19489784.0
2026-06-19 09:15:00,219.44000244140625,222.35000610351562,216.02000427246094,221.4199981689453,221.4199981689453,69714932.0
2026-06-22 09:15:00,223.0,225.94000244140625,221.6199951171875,225.13999938964844,225.13999938964844,23037992.0
2026-06-23 09:15:00,219.74000549316406,219.74000549316406,213.6699981689453,215.05999755859375,215.05999755859375,56603001.0
2026-06-24 09:15:00,213.39999389648438,215.5399932861328,210.33999633789062,213.35000610351562,213.35000610351562,30471926.0
2026-06-25 09:15:00,204.3000030517578,208.24000549316406,202.5800018310547,206.57000732421875,206.57000732421875,80487014.0
2026-06-26 09:15:00,206.57000732421875,206.57000732421875,206.57000732421875,206.57000732421875,206.57000732421875,0.0
2026-06-29 09:15:00,208.89999389648438,209.92999267578125,206.5800018310547,208.02000427246094,208.02000427246094,24964973.0
2026-06-30 09:15:00,208.02000427246094,214.3300018310547,205.72000122070312,212.82000732421875,212.82000732421875,33377698.0
2026-07-01 09:15:00,212.5,212.5,209.3000030517578,211.33999633789062,211.33999633789062,26351190.0
2026-07-02 09:15:00,212.89999389648438,217.77000427246094,212.89999389648438,216.27999877929688,216.27999877929688,25504762.0
2026-07-03 09:15:00,220.64999389648438,222.14999389648438,220.35000610351562,221.30999755859375,221.30999755859375,29570599.0
2026-07-06 09:15:00,221.3300018310547,222.8699951171875,219.39999389648438,220.36000061035156,220.36000061035156,17165117.0
2026-07-07 09:15:00,218.6999969482422,218.6999969482422,215.3000030517578,216.2899932861328,216.2899932861328,19785983.0
2026-07-08 09:15:00,214.97999572753906,215.69000244140625,209.08999633789062,210.14999389648438,210.14999389648438,31130897.0
2026-07-09 09:15:00,209.47999572753906,213.64999389648438,207.63999938964844,212.9499969482422,212.9499969482422,26309703.0
2026-07-10 09:15:00,212.9499969482422,213.99000549316406,208.10000610351562,208.8300018310547,208.8300018310547,32270995.0
2026-07-13 09:15:00,205.0800018310547,208.14999389648438,203.6300048828125,207.4600067138672,207.4600067138672,24420042.0
2026-07-14 09:15:00,205.83999633789062,208.89999389648438,205.11000061035156,208.00999450683594,208.00999450683594,16814708.0
2026-07-15 09:15:00,209.7100067138672,210.13999938964844,207.8000030517578,208.66000366210938,208.66000366210938,17714572.0
2026-07-16 09:15:00,207.1300048828125,208.49000549316406,206.0500030517578,206.83999633789062,206.83999633789062,15035050.0
2026-07-17 09:15:00,205.35000610351562,205.75,203.11000061035156,204.9199981689453,204.9199981689453,25255988.0
2026-07-20 09:15:00,206.67999267578125,208.58999633789062,206.67999267578125,207.88999938964844,207.88999938964844,18491420.0
2026-07-21 09:15:00,209.49000549316406,212.5,208.39999389648438,212.22999572753906,212.22999572753906,22869321.0
2026-07-22 09:15:00,214.35000610351562,214.8699951171875,212.14999389648438,213.07000732421875,213.07000732421875,16915600.0
2026-07-23 09:15:00,214.60000610351562,214.60000610351562,209.77999877929688,211.0,211.0,20431638.0
2026-07-24 09:15:00,206.52999877929688,211.5,206.52999877929688,210.9600067138672,210.9600067138672,19686811.0
2026-07-27 09:15:00,212.50999450683594,213.8800048828125,212.02000427246094,213.00999450683594,213.00999450683594,15004369.0
2026-07-28 09:15:00,208.3699951171875,208.60000610351562,206.0,206.1999969482422,206.1999969482422,22757754.0
2026-07-29 09:15:00,206.1999969482422,208.10000610351562,205.89999389648438,206.69000244140625,206.69000244140625,19353667.0
2026-07-30 09:15:00,206.1999969482422,206.88999938964844,204.89999389648438,206.6300048828125,206.6300048828125,19901782.0
2026-07-31 09:15:00,207.1999969482422,208.5,206.25999450683594,206.50999450683594,206.50999450683594,12790272.0
2026-08-03 09:15:00,206.5500030517578,208.1999969482422,206.0,206.4499969482422,206.4499969482422,18831765.0
2026-08-04 09:15:00,206.5500030517578,207.9499969482422,206.36000061035156,207.35000610351562,207.35000610351562,12935016.0
2026-08-05 09:15:00,210.1300048828125,214.0800018310547,210.05999755859375,213.38999938964844,213.38999938964844,41478791.0
2026-08-06 09:15:00,213.52999877929688,215.4600067138672,213.1999969482422,214.52999877929688,214.52999877929688,26982774.0
2026-08-07 09:15:00,215.00999450683594,221.1999969482422,214.69000244140625,220.47000122070312,220.47000122070312,44303975.0
2026-08-10 09:15:00,220.6699981689453,221.5,218.8000030517578,220.4600067138672,220.4600067138672,23165311.0
2026-08-11 09:15:00,224.39999389648438,225.58999633789062,220.89999389648438,222.32000732421875,222.32000732421875,39896251.0
2026-08-12 09:15:00,222.8300018310547,226.16000366210938,222.4199981689453,225.75999450683594,225.75999450683594,27311475.0
2026-08-13 09:15:00,223.94000244140625,224.22000122070312,219.89999389648438,220.97000122070312,220.97000122070312,24578641.0
2026-08-14 09:15:00,219.22999572753906,221.50999450683594,217.89999389648438,221.22000122070312,221.22000122070312,20353939.0
2026-08-17 09:15:00,223.50999450683594,224.88999938964844,223.11000061035156,223.61000061035156,223.61000061035156,17613118.0
2026-08-18 09:15:00,221.55999755859375,222.5800018310547,221.16000366210938,221.6199951171875,221.6199951171875,11785788.0
2026-08-19 09:15:00,217.77999877929688,217.97000122070312,215.11000061035156,216.42999267578125,216.42999267578125,21476282.0
2026-08-20 09:15:00,225.1300048828125,226.55999755859375,224.1999969482422,225.42999267578125,225.42999267578125,36624820.0
2026-08-21 09:15:00,229.64999389648438,234.27999877929688,229.64999389648438,232.9199981689453,232.9199981689453,43131864.0
2026-08-24 09:15:00,232.5500030517578,233.5,231.25999450683594,231.8000030517578,231.8000030517578,22916556.0
2026-08-25 09:15:00,228.6300048828125,231.0500030517578,228.1300048828125,229.0,229.0,19888848.0
2026-08-26 09:15:00,232.38999938964844,232.4499969482422,229.7100067138672,230.1300048828125,230.1300048828125,14687980.0
2026-08-27 09:15:00,228.89999389648438,228.97999572753906,223.75999450683594,226.3699951171875,226.3699951171875,27766700.0
2026-08-28 09:15:00,226.27999877929688,231.8300018310547,225.4199981689453,230.4199981689453,230.4199981689453,26759523.0
2026-08-31 09:15:00,220.77000427246094,223.75,219.6999969482422,223.2100067138672,223.2100067138672,28887685.0
2026-09-01 09:15:00,222.3699951171875,223.89999389648438,217.25999450683594,217.72000122070312,217.72000122070312,32758030.0
2026-09-02 09:15:00,214.7899932861328,216.7899932861328,214.02999877929688,215.4499969482422,215.4499969482422,18590941.0
2026-09-03 09:15:00,220.0500030517578,221.99000549316406,219.41000366210938,219.8800048828125,219.8800048828125,16902866.0
2026-09-04 09:15:00,222.1199951171875,223.74000549316406,221.25,222.77999877929688,222.77999877929688,16085668.0
2026-09-07 09:15:00,220.75,220.75,218.6199951171875,219.9600067138672,219.9600067138672,13898563.0
2026-09-08 09:15:00,222.3000030517578,223.64999389648438,220.00999450683594,221.1699981689453,221.1699981689453,16238547.0
2026-09-09 09:15:00,221.49000549316406,223.64999389648438,221.49000549316406,222.58999633789062,222.58999633789062,13917585.0
2026-09-10 09:15:00,224.9499969482422,226.39999389648438,223.25,223.52999877929688,223.52999877929688,16509484.0
2026-09-11 09:15:00,216.7899932861328,218.0,214.02000427246094,216.72000122070312,216.72000122070312,31806842.0
2026-09-14 09:15:00,216.72000122070312,216.72000122070312,216.72000122070312,216.72000122070312,216.72000122070312,0.0
2026-09-15 09:15:00,216.4499969482422,216.5399932861328,213.8300018310547,214.6699981689453,214.6699981689453,16405242.0
2026-09-16 09:15:00,217.77000427246094,219.27999877929688,217.77000427246094,218.4600067138672,218.4600067138672,14593538.0
2026-09-17 09:15:00,216.00999450683594,217.5800018310547,215.1699981689453,216.63999938964844,216.63999938964844,13737345.0
2026-09-18 09:15:00,221.10000610351562,225.0,221.10000610351562,224.07000732421875,224.07000732421875,28477957.0
2026-09-21 09:15:00,223.99000549316406,223.99000549316406,221.25999450683594,222.2100067138672,222.2100067138672,14139354.0
2026-09-22 09:15:00,222.25,222.49000549316406,218.4199981689453,220.27000427246094,220.27000427246094,17443388.0
2026-09-23 09:15:00,222.6199951171875,223.6300048828125,219.86000061035156,220.25999450683594,220.25999450683594,16219218.0
2026-09-24 09:15:00,217.88999938964844,218.42999267578125,215.75,215.9499969482422,215.9499969482422,17227623.0
2026-09-25 09:15:00,216.8800048828125,219.0,215.5800018310547,218.8000030517578,218.8000030517578,14322964.0
2026-09-28 09:15:00,213.5,214.1199951171875,209.77999877929688,210.64999389648438,210.64999389648438,29689880.0
2026-09-29 09:15:00,209.85000610351562,210.3000030517578,208.3699951171875,209.14999389648438,209.14999389648438,17086240.0
2026-09-30 09:15:00,209.50999450683594,211.1999969482422,209.22999572753906,209.6199951171875,209.6199951171875,13114685.0
